/*
Navicat MySQL Data Transfer

Source Server         : wulian
Source Server Version : 50510
Source Host           : 192.168.1.104:3306
Source Database       : iotdb

Target Server Type    : MYSQL
Target Server Version : 50510
File Encoding         : 65001

Date: 2016-04-20 09:45:29
*/

SET FOREIGN_KEY_CHECKS=0;

-- ----------------------------
-- Table structure for `activemq_acks`
-- ----------------------------
DROP TABLE IF EXISTS `activemq_acks`;
CREATE TABLE `activemq_acks` (
  `CONTAINER` varchar(250) NOT NULL,
  `SUB_DEST` varchar(250) DEFAULT NULL,
  `CLIENT_ID` varchar(250) NOT NULL,
  `SUB_NAME` varchar(250) NOT NULL,
  `SELECTOR` varchar(250) DEFAULT NULL,
  `LAST_ACKED_ID` bigint(20) DEFAULT NULL,
  `PRIORITY` bigint(20) NOT NULL DEFAULT '5',
  PRIMARY KEY (`CONTAINER`,`CLIENT_ID`,`SUB_NAME`)
) ENGINE=InnoDB DEFAULT CHARSET=utf8;

-- ----------------------------
-- Records of activemq_acks
-- ----------------------------
INSERT INTO `activemq_acks` VALUES ('topic://USERS.my-topic', 'topic://USERS.my-topic', 'localhost', 'local', null, '3', '0');

-- ----------------------------
-- Table structure for `activemq_lock`
-- ----------------------------
DROP TABLE IF EXISTS `activemq_lock`;
CREATE TABLE `activemq_lock` (
  `ID` bigint(20) NOT NULL,
  `TIME` bigint(20) DEFAULT NULL,
  `BROKER_NAME` varchar(250) DEFAULT NULL,
  PRIMARY KEY (`ID`)
) ENGINE=InnoDB DEFAULT CHARSET=utf8;

-- ----------------------------
-- Records of activemq_lock
-- ----------------------------
INSERT INTO `activemq_lock` VALUES ('1', null, null);

-- ----------------------------
-- Table structure for `activemq_msgs`
-- ----------------------------
DROP TABLE IF EXISTS `activemq_msgs`;
CREATE TABLE `activemq_msgs` (
  `ID` bigint(20) NOT NULL COMMENT '主键',
  `CONTAINER` varchar(250) DEFAULT NULL,
  `MSGID_PROD` varchar(250) DEFAULT NULL,
  `MSGID_SEQ` bigint(20) DEFAULT NULL,
  `EXPIRATION` bigint(20) DEFAULT NULL,
  `MSG` tinyblob,
  `PRIORITY` bigint(20) DEFAULT NULL,
  PRIMARY KEY (`ID`),
  KEY `ACTIVEMQ_MSGS_MIDX` (`MSGID_PROD`,`MSGID_SEQ`),
  KEY `ACTIVEMQ_MSGS_CIDX` (`CONTAINER`),
  KEY `ACTIVEMQ_MSGS_EIDX` (`EXPIRATION`),
  KEY `ACTIVEMQ_MSGS_PIDX` (`PRIORITY`)
) ENGINE=InnoDB DEFAULT CHARSET=utf8 COMMENT='消息队列消息表';

-- ----------------------------
-- Records of activemq_msgs
-- ----------------------------

-- ----------------------------
-- Table structure for `iot_collect_result`
-- ----------------------------
DROP TABLE IF EXISTS `iot_collect_result`;
CREATE TABLE `iot_collect_result` (
  `collect_id` varchar(40) NOT NULL COMMENT '采集编号',
  `room_device_id` varchar(40) DEFAULT NULL COMMENT '房间设备编号',
  `attribute_id` varchar(40) DEFAULT NULL COMMENT '属性编号',
  `collect_value` varchar(40) DEFAULT NULL COMMENT '采集结果值 ',
  `last_time` datetime DEFAULT NULL COMMENT '采集时间',
  `collect_status` varchar(1) DEFAULT NULL COMMENT '状态：1代表成功；0代表失败',
  PRIMARY KEY (`collect_id`),
  KEY `FK_collect_result_attribute_id` (`attribute_id`),
  KEY `FK_collect_result_room_device_id` (`room_device_id`),
  CONSTRAINT `FK_collect_result_attribute_id` FOREIGN KEY (`attribute_id`) REFERENCES `iot_device_attribute` (`attribute_id`),
  CONSTRAINT `FK_collect_result_room_device_id` FOREIGN KEY (`room_device_id`) REFERENCES `iot_room_device` (`room_device_id`)
) ENGINE=InnoDB DEFAULT CHARSET=utf8 COMMENT='信息采集结果表';

-- ----------------------------
-- Records of iot_collect_result
-- ----------------------------

-- ----------------------------
-- Table structure for `iot_device_attribute`
-- ----------------------------
DROP TABLE IF EXISTS `iot_device_attribute`;
CREATE TABLE `iot_device_attribute` (
  `attribute_id` varchar(40) NOT NULL COMMENT '属性编号',
  `device_id` varchar(40) NOT NULL COMMENT '设备编号',
  `attribute_code` varchar(2) DEFAULT NULL COMMENT '设备属性名称：如00温度、01湿度、02风速、03IO开关、04风扇、05电量',
  `collect_freq` varchar(2) DEFAULT NULL COMMENT '采集频率：00代表实时；01代表分钟；02代表每小时；03代表每天；04代表每周；99代表自定义',
  `collect_start_date` datetime DEFAULT NULL COMMENT '采集开始日期',
  `collect_end_date` datetime DEFAULT NULL COMMENT '采集结束日期',
  `collect_time` int(11) DEFAULT NULL COMMENT '自定义采集频率：以毫秒为单位',
  `last_time` datetime DEFAULT NULL COMMENT '最近一次采集时间',
  `collect_code` varchar(4) DEFAULT NULL COMMENT '采集指令代码',
  `collect_code_cmd` varchar(40) DEFAULT NULL COMMENT '采集指令体',
  `valid` varchar(1) DEFAULT '1' COMMENT '有效性：0代表无效；1代表有效',
  `remark` varchar(200) DEFAULT NULL COMMENT '备注信息',
  PRIMARY KEY (`attribute_id`),
  KEY `FK_attribute_info` (`device_id`),
  CONSTRAINT `FK_attribute_info` FOREIGN KEY (`device_id`) REFERENCES `iot_device_info` (`device_id`)
) ENGINE=InnoDB DEFAULT CHARSET=utf8 COMMENT='设备属性集';

-- ----------------------------
-- Records of iot_device_attribute
-- ----------------------------

-- ----------------------------
-- Table structure for `iot_device_command`
-- ----------------------------
DROP TABLE IF EXISTS `iot_device_command`;
CREATE TABLE `iot_device_command` (
  `command_id` varchar(40) NOT NULL COMMENT '指令编号',
  `device_id` varchar(40) NOT NULL COMMENT '设备编号',
  `command_net_type` varchar(40) DEFAULT NULL COMMENT '帧类型 01连接; 02 红外码;03IO;04传感器',
  `command_type` varchar(40) DEFAULT NULL COMMENT '指令类型,指令配置对应的代码集',
  `command_code` varchar(80) DEFAULT NULL COMMENT '指令代码',
  `collect_code_cmd` varchar(40) DEFAULT NULL COMMENT '指令体',
  `modify_by` varchar(40) DEFAULT NULL COMMENT '最后修改人',
  `modify_date` timestamp NOT NULL DEFAULT CURRENT_TIMESTAMP ON UPDATE CURRENT_TIMESTAMP COMMENT '最后修改时间',
  `valid` varchar(1) DEFAULT '1' COMMENT '有效性：0代表无效；1代表有效',
  `remark` varchar(200) DEFAULT NULL COMMENT '备注信息',
  PRIMARY KEY (`command_id`),
  KEY `FK_command_info` (`device_id`),
  CONSTRAINT `FK_device_command` FOREIGN KEY (`device_id`) REFERENCES `iot_device_info` (`device_id`)
) ENGINE=InnoDB DEFAULT CHARSET=utf8 COMMENT='设备红外控制指令集';

-- ----------------------------
-- Records of iot_device_command
-- ----------------------------
INSERT INTO `iot_device_command` VALUES ('2c9ca28653129e51015312c8c93e000b', '2c9ca28653129e51015312c3d5ff0007', '03', '01', '1', '', '1', '2016-02-24 18:27:55', '1', '');
INSERT INTO `iot_device_command` VALUES ('2c9ca28653129e51015312c8ef18000c', '2c9ca28653129e51015312c3d5ff0007', '03', '00', '0', '', '40288009530b9c8901530bb1a1830005', '2016-02-26 09:10:08', '1', '');
INSERT INTO `iot_device_command` VALUES ('2c9ca28653163ccb015316691fab0006', '402881485312af23015312b6baff0004', '03', '01', '00001000', '', '40288009530b9c8901530bb1a1830005', '2016-03-29 15:11:18', '1', '');
INSERT INTO `iot_device_command` VALUES ('2c9ca28653163ccb0153166954c40007', '402881485312af23015312b6baff0004', '03', '00', '0', '', '1', '2016-02-25 11:11:55', '1', '');
INSERT INTO `iot_device_command` VALUES ('40288148531b1dea01531b2161780007', '40288148531b1dea01531b207d0d0006', '03', '01', '1', '', '40288009530b9c8901530bb1a1830005', '2016-02-26 09:11:25', '1', '');
INSERT INTO `iot_device_command` VALUES ('40288148531b1dea01531b21834a0008', '40288148531b1dea01531b207d0d0006', '03', '00', '0', '', '40288009530b9c8901530bb1a1830005', '2016-02-26 09:11:34', '1', '');
INSERT INTO `iot_device_command` VALUES ('40288148532b909b01532bdf03e60046', '40288148531b1dea01531b207d0d0006', '02', '0220', 'sss', '', '40288009530b9c8901530bb1a1830005', '2016-03-08 10:53:16', '0', '');
INSERT INTO `iot_device_command` VALUES ('40288148532c1e5901532c55d6cb0030', '402881ee5277561a015277f90dae000e', '03', '00', '1', '', '40288009530b9c8901530bb1a1830005', '2016-02-29 17:22:16', '1', '1');
INSERT INTO `iot_device_command` VALUES ('40288148532c634e01532c63c0c00004', '40288148532c1e5901532c60e5c50032', '02', '0220', '温度', '', '40288009530b9c8901530bb1a1830005', '2016-02-29 17:37:28', '1', '阿斯发');
INSERT INTO `iot_device_command` VALUES ('40288148532c634e01532c64979d0005', '40288148532c1e5901532c60e5c50032', '03', '00', '0', '', '40288009530b9c8901530bb1a1830005', '2016-02-29 17:38:23', '1', '撒旦发');
INSERT INTO `iot_device_command` VALUES ('40288148532c634e01532c64c6010006', '40288148532c1e5901532c60e5c50032', '03', '01', '1', '', '40288009530b9c8901530bb1a1830005', '2016-02-29 17:38:35', '1', '1111');
INSERT INTO `iot_device_command` VALUES ('40288148532c634e01532c6857c20009', '40288148532c1e5901532c60e5c50032', '04', '0230', '2', '', '40288009530b9c8901530bb1a1830005', '2016-02-29 17:42:29', '1', 'klk');
INSERT INTO `iot_device_command` VALUES ('40288148533671fa01533687865e0012', '4028814853303e060153304b6b61000e', '01', '00', '', '', '1', '2016-03-02 16:52:44', '1', '');
INSERT INTO `iot_device_command` VALUES ('40288148533671fa01533687b3690013', '4028814853303e060153304b6b61000e', '01', '01', '', '', '1', '2016-03-02 16:52:56', '1', '');
INSERT INTO `iot_device_command` VALUES ('40288148533a008f01533a0f29140013', '402881485330114501533023da93002d', '01', '00', '', '', '40288009530b9c8901530bb1a1830005', '2016-03-03 09:19:45', '1', '');
INSERT INTO `iot_device_command` VALUES ('40288148533a008f01533a0f52f70014', '402881485330114501533023da93002d', '01', '01', '', '', '40288009530b9c8901530bb1a1830005', '2016-03-03 09:19:56', '1', '');
INSERT INTO `iot_device_command` VALUES ('40288148533a008f01533a0f7da10015', '402881485330114501533023da93002d', '02', '00', '', '', '40288009530b9c8901530bb1a1830005', '2016-03-03 09:20:07', '1', '');
INSERT INTO `iot_device_command` VALUES ('40288148533a008f01533a0fb74d0016', '402881485330114501533023da93002d', '02', '01', '', '', '40288009530b9c8901530bb1a1830005', '2016-03-03 09:20:21', '1', '');
INSERT INTO `iot_device_command` VALUES ('40288148533a008f01533a0ff8870017', '402881485330114501533023da93002d', '03', '00', '', '', '40288009530b9c8901530bb1a1830005', '2016-03-03 09:20:38', '1', '');
INSERT INTO `iot_device_command` VALUES ('40288148533a008f01533a1027830018', '402881485330114501533023da93002d', '03', '01', '', '', '40288009530b9c8901530bb1a1830005', '2016-03-03 09:20:50', '1', '');
INSERT INTO `iot_device_command` VALUES ('40288148533a008f01533a1066310019', '402881485330114501533023da93002d', '04', '01', '', '', '40288009530b9c8901530bb1a1830005', '2016-03-03 09:21:06', '1', '');
INSERT INTO `iot_device_command` VALUES ('40288148533a008f01533a107ee9001a', '402881485330114501533023da93002d', '04', '00', '', '', '40288009530b9c8901530bb1a1830005', '2016-03-03 09:21:12', '1', '');
INSERT INTO `iot_device_command` VALUES ('40288148535514e20153551518ec0004', '402881485330114501533022a2a00029', '03', '01', '0401', '', '40288009530b9c8901530bb1a1830005', '2016-03-08 15:15:59', '1', '');
INSERT INTO `iot_device_command` VALUES ('40288148535514e20153551544560007', '402881485330114501533022a2a00029', '03', '00', '0402', '', '40288009530b9c8901530bb1a1830005', '2016-03-08 15:16:10', '1', '');
INSERT INTO `iot_device_command` VALUES ('40288148535514e2015355199eec000b', '402881ee525ea38201525ea75ffb0002', '03', '01', '0401', '', '40288009530b9c8901530bb1a1830005', '2016-03-30 12:51:54', '0', '');
INSERT INTO `iot_device_command` VALUES ('40288148535514e201535519c019000c', '402881ee525ea38201525ea75ffb0002', '03', '00', '0402', '', '40288009530b9c8901530bb1a1830005', '2016-03-30 12:51:54', '0', '');
INSERT INTO `iot_device_command` VALUES ('40288148535514e20153551a2440000d', '40288148533a556c01533f43244a0059', '03', '01', '1', '', '40288009530b9c8901530bb1a1830005', '2016-03-08 15:21:29', '1', '');
INSERT INTO `iot_device_command` VALUES ('40288148535514e20153551a445f000e', '40288148533a556c01533f43244a0059', '03', '00', '0', '', '40288009530b9c8901530bb1a1830005', '2016-03-08 15:21:38', '1', '');
INSERT INTO `iot_device_command` VALUES ('40288148535514e20153551a91a5000f', '402881485335f4d80153362a31130096', '03', '01', '00010000', '', '40288009530b9c8901530bb1a1830005', '2016-03-29 15:12:01', '1', '');
INSERT INTO `iot_device_command` VALUES ('40288148535514e20153551ab71a0010', '402881485335f4d80153362a31130096', '03', '00', '0', '', '40288009530b9c8901530bb1a1830005', '2016-03-08 15:22:07', '1', '');
INSERT INTO `iot_device_command` VALUES ('40288148535514e20153551c04c20012', '40288148535514e20153551b9b8a0011', '03', '01', '10000000,01000000', '', '40288009530b9c8901530bb1a1830005', '2016-03-29 15:09:34', '1', '');
INSERT INTO `iot_device_command` VALUES ('40288148535514e20153551c32b10013', '40288148535514e20153551b9b8a0011', '03', '00', '0', '', '40288009530b9c8901530bb1a1830005', '2016-03-08 15:23:44', '1', '');
INSERT INTO `iot_device_command` VALUES ('40288148535a092101535a144762001c', '402881ee525ea38201525ea75ffb0002', '04', '00', '', '', '40288009530b9c8901530bb1a1830005', '2016-03-09 14:34:25', '0', '');
INSERT INTO `iot_device_command` VALUES ('40288148535e1d5701535f09aa530014', '40288148535514e20153551b9b8a0011', '02', '02010120', '03', '', '40288009530b9c8901530bb1a1830005', '2016-03-29 15:10:13', '1', '');
INSERT INTO `iot_device_command` VALUES ('40288148535e1d5701535f0ebe220019', '40288148535514e20153551b9b8a0011', '04', '0220', '00', '', '40288009530b9c8901530bb1a1830005', '2016-03-10 15:37:06', '0', '');
INSERT INTO `iot_device_command` VALUES ('40288148535e1d5701535f39e5dc001d', '40288148535514e20153551b9b8a0011', '04', '0222', '00', '', '40288009530b9c8901530bb1a1830005', '2016-03-10 15:37:06', '0', '');
INSERT INTO `iot_device_command` VALUES ('402881485364cde2015364eed1440007', '40288148535514e20153551b9b8a0011', '02', '02010220', '1', '', '40288009530b9c8901530bb1a1830005', '2016-03-29 15:12:24', '0', '');
INSERT INTO `iot_device_command` VALUES ('402881485364cde2015364eef7eb0008', '40288148535514e20153551b9b8a0011', '02', '02010320', '1', '', '40288009530b9c8901530bb1a1830005', '2016-03-29 15:14:29', '0', '');
INSERT INTO `iot_device_command` VALUES ('402881485364cde2015364ef1f4b0009', '40288148535514e20153551b9b8a0011', '02', '02020120', '1', '', '40288009530b9c8901530bb1a1830005', '2016-03-29 15:14:29', '0', '');
INSERT INTO `iot_device_command` VALUES ('402881485364cde2015364ef418c000a', '40288148535514e20153551b9b8a0011', '02', '02020220', '1', '', '40288009530b9c8901530bb1a1830005', '2016-03-29 15:14:29', '0', '');
INSERT INTO `iot_device_command` VALUES ('402881485364cde2015364ef699d000b', '40288148535514e20153551b9b8a0011', '02', '02020320', '1', '', '40288009530b9c8901530bb1a1830005', '2016-03-29 15:14:34', '0', '');
INSERT INTO `iot_device_command` VALUES ('402881485364cde2015364ef8a36000c', '40288148535514e20153551b9b8a0011', '02', '', '1', '', '40288009530b9c8901530bb1a1830005', '2016-03-11 17:10:57', '0', '');
INSERT INTO `iot_device_command` VALUES ('402881485364cde2015364f1cf090010', '40288148535514e20153551b9b8a0011', '02', '02010122', '05', '', '40288009530b9c8901530bb1a1830005', '2016-03-29 15:12:49', '1', '');
INSERT INTO `iot_device_command` VALUES ('402881485364cde2015364f514e70015', '40288148535514e20153551b9b8a0011', '02', '02010124', '07', '', '40288009530b9c8901530bb1a1830005', '2016-03-29 15:12:59', '1', '');
INSERT INTO `iot_device_command` VALUES ('402881485364f879015364f8df040002', '40288148535514e20153551b9b8a0011', '02', '02010126', '09', '', '40288009530b9c8901530bb1a1830005', '2016-03-29 15:13:11', '1', '');
INSERT INTO `iot_device_command` VALUES ('402881485364f879015365055a090005', '40288148531c939801531c93e9f10002', '02', '02010120', '', '', '1', '2016-03-11 17:32:42', '1', '');
INSERT INTO `iot_device_command` VALUES ('402881485364f879015365063f640006', '40288148531c939801531c93e9f10002', '02', '02010320', '', '', '1', '2016-03-11 17:33:41', '1', '');
INSERT INTO `iot_device_command` VALUES ('402881485364f879015365078fd80007', '40288148531c939801531c93e9f10002', '02', '02020222', '', '', '1', '2016-03-11 17:35:07', '1', '');
INSERT INTO `iot_device_command` VALUES ('402881485364f87901536508830b0008', '40288148531c939801531c93e9f10002', '02', '02010222', '1', '', '1', '2016-03-11 17:36:13', '1', '');
INSERT INTO `iot_device_command` VALUES ('4028814853bd24fb0153bd2ac4160002', '40288148535514e20153551b9b8a0011', '02', '01', '01', '', '40288009530b9c8901530bb1a1830005', '2016-03-29 15:15:25', '0', '');
INSERT INTO `iot_device_command` VALUES ('4028814853bd24fb0153bd2af3880003', '40288148535514e20153551b9b8a0011', '02', '00', '00', '', '40288009530b9c8901530bb1a1830005', '2016-03-29 15:15:25', '0', '');
INSERT INTO `iot_device_command` VALUES ('4028814853c018cb0153c018f6a80002', '402881485335f4d80153362a31130096', '', '', 'hhghghh', '', '40288009530b9c8901530bb1a1830005', '2016-03-29 15:13:40', '0', '');
INSERT INTO `iot_device_command` VALUES ('4028814853c043f50153c0774ee30005', '40288148531c939801531c93e9f10002', '03', '00', '0', '', '1', '2016-03-29 11:42:37', '1', '');
INSERT INTO `iot_device_command` VALUES ('4028814853c125a00153c138db20000d', '40288148535514e20153551b9b8a0011', '02', '02020328', '38', '', '40288009530b9c8901530bb1a1830005', '2016-03-29 15:14:02', '1', '');
INSERT INTO `iot_device_command` VALUES ('4028814853c125a00153c15b97330018', '40288148535514e20153551b9b8a0011', '02', '02020327', '37', '', '40288009530b9c8901530bb1a1830005', '2016-03-29 15:51:58', '1', '');
INSERT INTO `iot_device_command` VALUES ('4028814853c125a00153c15c12f00019', '40288148535514e20153551b9b8a0011', '02', '02020326', '36', '', '40288009530b9c8901530bb1a1830005', '2016-03-29 15:52:30', '1', '');
INSERT INTO `iot_device_command` VALUES ('4028814853c125a00153c15d2db4001a', '40288148535514e20153551b9b8a0011', '02', '02020324', '34', '', '40288009530b9c8901530bb1a1830005', '2016-03-29 15:53:42', '1', '');
INSERT INTO `iot_device_command` VALUES ('4028814853c125a00153c15d8251001b', '40288148535514e20153551b9b8a0011', '02', '02020323', '33', '', '40288009530b9c8901530bb1a1830005', '2016-03-29 15:54:04', '1', '');
INSERT INTO `iot_device_command` VALUES ('4028814853c125a00153c15dead2001c', '40288148535514e20153551b9b8a0011', '02', '02020322', '32', '', '40288009530b9c8901530bb1a1830005', '2016-03-29 15:54:30', '1', '');
INSERT INTO `iot_device_command` VALUES ('4028814853c125a00153c15e344d001d', '40288148535514e20153551b9b8a0011', '02', '02020321', '31', '', '40288009530b9c8901530bb1a1830005', '2016-03-29 15:54:49', '1', '');
INSERT INTO `iot_device_command` VALUES ('4028814853c125a00153c15e7549001e', '40288148535514e20153551b9b8a0011', '02', '02020320', '30', '', '40288009530b9c8901530bb1a1830005', '2016-03-29 15:55:06', '1', '');
INSERT INTO `iot_device_command` VALUES ('4028814853c125a00153c15ec612001f', '40288148535514e20153551b9b8a0011', '02', '02020228', '2F', '', '40288009530b9c8901530bb1a1830005', '2016-03-29 15:55:27', '1', '');
INSERT INTO `iot_device_command` VALUES ('4028814853c125a00153c16266a30024', '40288148535514e20153551b9b8a0011', '02', '02020325', '35', '', '40288009530b9c8901530bb1a1830005', '2016-03-29 15:59:24', '1', '');
INSERT INTO `iot_device_command` VALUES ('4028814853c125a00153c162b5b70025', '40288148535514e20153551b9b8a0011', '02', '01', '01', '', '40288009530b9c8901530bb1a1830005', '2016-03-29 15:59:45', '1', '');
INSERT INTO `iot_device_command` VALUES ('4028814853c125a00153c162d93c0026', '40288148535514e20153551b9b8a0011', '02', '00', '02', '', '40288009530b9c8901530bb1a1830005', '2016-03-31 10:33:18', '1', '');
INSERT INTO `iot_device_command` VALUES ('4028814853c125a00153c16e5c7b002f', '4028814853c018cb0153c01ab8690003', '03', '01', 'FF', '', '40288009530b9c8901530bb1a1830005', '2016-03-30 09:49:35', '1', '继电器全关，指令代码FF对应的指令体11111111');
INSERT INTO `iot_device_command` VALUES ('4028814853c125a00153c16e89040030', '4028814853c018cb0153c01ab8690003', '03', '00', '00', '', '40288009530b9c8901530bb1a1830005', '2016-03-30 09:49:19', '1', '继电器全关，指令代码00对应的指令体00000000');
INSERT INTO `iot_device_command` VALUES ('4028814853c515500153c51583460002', '402881485335f4d80153362a31130096', '02', '01', '', '', '40288009530b9c8901530bb1a1830005', '2016-03-30 12:54:26', '0', '');
INSERT INTO `iot_device_command` VALUES ('4028814853c515500153c515f4ca0005', '40288148539dafe001539db09c8d0002', '03', '00', '', '', '1', '2016-03-30 09:14:23', '1', '');
INSERT INTO `iot_device_command` VALUES ('4028814853c640db0153c64bbe220002', '40288148533a008f01533a395d36009d', '03', '01', '10000000,01000000', '', '40288148532bfee801532c00a0930012', '2016-03-30 14:52:45', '1', '');
INSERT INTO `iot_device_command` VALUES ('4028814853c640db0153c64be15b0003', '40288148533a008f01533a395d36009d', '03', '00', '0', '', '40288148532bfee801532c00a0930012', '2016-03-30 14:52:55', '1', '');
INSERT INTO `iot_device_command` VALUES ('4028814853c640db0153c64c5ea40005', '40288148533a4a2301533a4ec5570007', '03', '01', '00010000', '', '40288148532bfee801532c00a0930012', '2016-03-30 14:53:49', '1', '');
INSERT INTO `iot_device_command` VALUES ('4028814853c640db0153c64cd9080006', '40288148533a4a2301533a4ec5570007', '03', '00', '0', '', '40288148532bfee801532c00a0930012', '2016-03-30 14:57:09', '1', '');
INSERT INTO `iot_device_command` VALUES ('4028814853c640db0153c64d09670007', '4028814853c640db0153c64c09090004', '03', '01', '00001000', '', '40288148532bfee801532c00a0930012', '2016-03-30 14:54:10', '1', '');
INSERT INTO `iot_device_command` VALUES ('4028814853c640db0153c64d247d0008', '4028814853c640db0153c64c09090004', '03', '00', '0', '', '40288148532bfee801532c00a0930012', '2016-03-30 14:54:17', '1', '');
INSERT INTO `iot_device_command` VALUES ('4028814853d0b2df0153d0b9846f000f', '4028814853d0b2df0153d0b8e2e0000a', '03', '01', 'FF', '', '40288148532bfee801532c00a0930012', '2016-04-01 15:28:52', '1', '');
INSERT INTO `iot_device_command` VALUES ('4028814853d0b2df0153d0b9a4fc0010', '4028814853d0b2df0153d0b8e2e0000a', '03', '00', '00', '', '40288148532bfee801532c00a0930012', '2016-04-01 15:29:00', '1', '');
INSERT INTO `iot_device_command` VALUES ('40288148540f236f01540f24ac410009', '40288148540ece3d01540ed8db6a0010', '02', '01', '01', '', '40288009530b9c8901530bb1a1830005', '2016-04-13 18:22:22', '1', '');
INSERT INTO `iot_device_command` VALUES ('40288148540f236f01540f24c8df000a', '40288148540ece3d01540ed8db6a0010', '02', '00', '02', '', '40288009530b9c8901530bb1a1830005', '2016-04-13 18:22:29', '1', '');
INSERT INTO `iot_device_command` VALUES ('4028814854182c660154182e37030006', '40288148540ece3d01540ed8db6a0010', '02', '02', '', '', '40288009530b9c8901530bb1a1830005', '2016-04-15 12:29:22', '1', '');
INSERT INTO `iot_device_command` VALUES ('402881f153c645b80153c671c6330004', '40288148533a008f01533a395d36009d', '02', '00', '02', '', '40288148532bfee801532c00a0930012', '2016-04-05 15:55:23', '0', '');
INSERT INTO `iot_device_command` VALUES ('402881f153c645b80153c671f8ee0005', '40288148533a008f01533a395d36009d', '02', '01', '01', '', '40288148532bfee801532c00a0930012', '2016-03-31 10:38:43', '1', '');
INSERT INTO `iot_device_command` VALUES ('402881f153c645b80153c67242b00006', '40288148533a008f01533a395d36009d', '02', '02010120', '1', '', '40288148532bfee801532c00a0930012', '2016-03-30 15:46:29', '1', '');
INSERT INTO `iot_device_command` VALUES ('402881f153c645b80153c674564c0007', '40288148533a008f01533a395d36009d', '02', '02020327', '', '', '40288148532bfee801532c00a0930012', '2016-03-30 15:40:51', '0', '');
INSERT INTO `iot_device_command` VALUES ('402881f153c645b80153c6758fcc0008', '40288148533a008f01533a395d36009d', '02', '02020120', '2', '', '40288148532bfee801532c00a0930012', '2016-03-30 15:46:34', '1', '');
INSERT INTO `iot_device_command` VALUES ('402881f153c645b80153c675daf20009', '40288148533a008f01533a395d36009d', '02', '02020220', '3', '', '40288148532bfee801532c00a0930012', '2016-03-30 15:46:39', '1', '');
INSERT INTO `iot_device_command` VALUES ('402881f153c645b80153c676681d000a', '40288148533a008f01533a395d36009d', '02', '02020320', '4', '', '40288148532bfee801532c00a0930012', '2016-03-30 15:46:43', '1', '');
INSERT INTO `iot_device_command` VALUES ('402881f153c645b80153c6769ca4000b', '40288148533a008f01533a395d36009d', '02', '02010122', '5', '', '40288148532bfee801532c00a0930012', '2016-03-30 15:46:47', '1', '');
INSERT INTO `iot_device_command` VALUES ('402881f153c645b80153c676cce8000c', '40288148533a008f01533a395d36009d', '02', '02010222', '6', '', '40288148532bfee801532c00a0930012', '2016-03-30 15:46:52', '1', '');
INSERT INTO `iot_device_command` VALUES ('402881f153c645b80153c676fe43000d', '40288148533a008f01533a395d36009d', '02', '02010322', '7', '', '40288148532bfee801532c00a0930012', '2016-03-30 15:46:56', '1', '');
INSERT INTO `iot_device_command` VALUES ('402881f153c645b80153c67737ff000e', '40288148533a008f01533a395d36009d', '02', '02020122', '8', '', '40288148532bfee801532c00a0930012', '2016-03-30 15:47:01', '1', '');
INSERT INTO `iot_device_command` VALUES ('402881f153c645b80153c6780223000f', '40288148533a008f01533a395d36009d', '02', '02020222', '9', '', '40288148532bfee801532c00a0930012', '2016-03-30 15:47:06', '1', '');
INSERT INTO `iot_device_command` VALUES ('402881f153c645b80153c67828600010', '40288148533a008f01533a395d36009d', '02', '02020322', '10', '', '40288148532bfee801532c00a0930012', '2016-03-30 15:47:12', '1', '');
INSERT INTO `iot_device_command` VALUES ('402881f153e574040153e5750de80002', '40288148533a008f01533a395d36009d', '02', '00', '02', '', '40288148532bfee801532c00a0930012', '2016-04-05 16:06:07', '1', '');
INSERT INTO `iot_device_command` VALUES ('402881f15412752501541275a92e0002', '40288148533a008f01533a4523e9009e', '02', '00', '02', '', '40288148532bfee801532c00a0930012', '2016-04-15 15:00:53', '1', '');
INSERT INTO `iot_device_command` VALUES ('402881f15412752501541275f1200003', '40288148533a008f01533a4523e9009e', '02', '01', '01', '', '40288148532bfee801532c00a0930012', '2016-04-15 15:00:48', '1', '');
INSERT INTO `iot_device_command` VALUES ('402881f1541885c7015418878cc80004', '40288148533a008f01533a4523e9009e', '02', '02', '12', '', '40288148532bfee801532c00a0930012', '2016-04-15 14:06:57', '1', '');

-- ----------------------------
-- Table structure for `iot_device_info`
-- ----------------------------
DROP TABLE IF EXISTS `iot_device_info`;
CREATE TABLE `iot_device_info` (
  `device_id` varchar(40) NOT NULL COMMENT '设备编号',
  `device_code` varchar(2) DEFAULT NULL COMMENT '设备类型代码：如01代表空调；02代表投影仪；03代表灯…',
  `device_name` varchar(40) DEFAULT NULL COMMENT '设备名称',
  `device_model` varchar(40) DEFAULT NULL COMMENT '设备型号',
  `working_life` varchar(8) DEFAULT NULL COMMENT '使用寿命',
  `deptid` varchar(40) DEFAULT NULL COMMENT '机构编号',
  `company` varchar(40) DEFAULT NULL COMMENT '设备生产厂商',
  `production_date` datetime DEFAULT NULL COMMENT '生产日期',
  `shelf_life` varchar(10) DEFAULT NULL COMMENT '保质期',
  `modify_by` varchar(40) DEFAULT NULL COMMENT '最后修改人',
  `modify_date` timestamp NOT NULL DEFAULT CURRENT_TIMESTAMP ON UPDATE CURRENT_TIMESTAMP COMMENT '最后修改时间',
  `valid` varchar(1) DEFAULT '1' COMMENT '有效性：0代表无效；1代表有效',
  `remark` varchar(200) DEFAULT NULL COMMENT '备注信息',
  PRIMARY KEY (`device_id`)
) ENGINE=InnoDB DEFAULT CHARSET=utf8 COMMENT='设备信息表';

-- ----------------------------
-- Records of iot_device_info
-- ----------------------------
INSERT INTO `iot_device_info` VALUES ('2c9ca28653129e51015312c3d5ff0007', '03', '飞利浦', '飞利浦', null, '40288009530b9c8901530bb09b750004', '阿士大夫撒旦法师打发', '2016-03-02 14:45:56', '', '40288009530b9c8901530bb1a1830005', '2016-03-08 15:18:22', '0', '');
INSERT INTO `iot_device_info` VALUES ('402881485312af23015312b6baff0004', '04', '风扇', '', '2', '40288009530b9c8901530bb09b750004', '', null, '', '1', '2016-03-30 12:50:38', '1', '');
INSERT INTO `iot_device_info` VALUES ('40288148531b1dea01531b207d0d0006', '01', '空调1（勿删）', '', null, '40288009530b9c8901530bb09b750004', '', null, '', '40288009530b9c8901530bb1a1830005', '2016-03-08 15:23:47', '0', '');
INSERT INTO `iot_device_info` VALUES ('40288148531c939801531c93e9f10002', '01', '海尔空调', '', null, '1', '', '2016-02-26 15:56:09', '', '1', '2016-02-26 15:56:09', '1', '');
INSERT INTO `iot_device_info` VALUES ('40288148532c145501532c1499a40002', '03', '灯', '', null, '40288009530b9c8901530bb09b750004', 'ws', '2016-03-01 10:52:40', '', '40288009530b9c8901530bb1a1830005', '2016-03-02 15:50:06', '0', '');
INSERT INTO `iot_device_info` VALUES ('40288148532c1e5901532c247dfc001e', '03', '其他', '', null, '40288009530b9c8901530bb09b750004', '厂商32', '2016-03-03 09:56:43', '', '40288009530b9c8901530bb1a1830005', '2016-03-08 15:17:42', '0', '');
INSERT INTO `iot_device_info` VALUES ('40288148532c1e5901532c3d9d08002b', '00', '主机', '', '', '40288009530b9c8901530bb09b750004', '', null, '', '40288009530b9c8901530bb1a1830005', '2016-03-30 12:50:42', '1', '');
INSERT INTO `iot_device_info` VALUES ('40288148532c1e5901532c60e5c50032', '01', '空调22', 'kt22', null, '40288009530b9c8901530bb09b750004', '厂商防守打法是飞洒发沙发上', '2016-03-02 14:46:24', '2年', '40288009530b9c8901530bb1a1830005', '2016-03-08 15:18:22', '0', '备注信息信息2');
INSERT INTO `iot_device_info` VALUES ('40288148532fb78101532ffd64450027', '01', '空调33', 'kuy-js', null, '40288009530b9c8901530bb09b750004', '美的', '2016-03-01 10:26:33', '3年', '40288009530b9c8901530bb1a1830005', '2016-03-01 10:58:44', '0', '备注信息');
INSERT INTO `iot_device_info` VALUES ('40288148532fb78101532fff1d33002b', '01', '2', '', null, '40288009530b9c8901530bb09b750004', '', '2016-03-01 10:26:01', '', '40288009530b9c8901530bb1a1830005', '2016-03-02 15:50:06', '0', '2');
INSERT INTO `iot_device_info` VALUES ('40288148533011450153302081080022', '02', '投影2', '', null, '40288009530b9c8901530bb09b750004', '', '2016-03-01 11:02:29', '', '40288009530b9c8901530bb1a1830005', '2016-03-01 11:03:59', '0', '');
INSERT INTO `iot_device_info` VALUES ('402881485330114501533022a2a00029', '02', '投影仪2', '', null, '40288009530b9c8901530bb09b750004', '', '2016-03-01 11:04:49', '', '40288009530b9c8901530bb1a1830005', '2016-03-08 15:17:42', '0', '');
INSERT INTO `iot_device_info` VALUES ('402881485330114501533023234a002a', '03', '灯1', '', null, '40288009530b9c8901530bb09b750004', '', '2016-03-01 11:05:22', '', '40288009530b9c8901530bb1a1830005', '2016-03-08 15:17:42', '0', '');
INSERT INTO `iot_device_info` VALUES ('4028814853301145015330235a4f002b', '03', '灯2', '', null, '40288009530b9c8901530bb09b750004', '', '2016-03-01 11:05:36', '', '40288009530b9c8901530bb1a1830005', '2016-03-08 15:17:42', '0', '');
INSERT INTO `iot_device_info` VALUES ('402881485330114501533023b986002c', '03', '灯3', 'KIJ_asfkjaksd', null, '40288009530b9c8901530bb09b750004', '', '2016-03-16 00:00:00', '2年', '40288009530b9c8901530bb1a1830005', '2016-03-02 17:42:14', '0', 'asfafasfasf');
INSERT INTO `iot_device_info` VALUES ('402881485330114501533023da93002d', '03', '灯4', '', null, '40288009530b9c8901530bb09b750004', '', '2016-03-01 11:06:09', '', '40288009530b9c8901530bb1a1830005', '2016-03-08 15:17:42', '0', '');
INSERT INTO `iot_device_info` VALUES ('402881485330114501533023fc80002e', '03', '灯5', '', null, '40288009530b9c8901530bb09b750004', '', '2016-03-01 11:06:18', '', '40288009530b9c8901530bb1a1830005', '2016-03-08 15:18:22', '0', '');
INSERT INTO `iot_device_info` VALUES ('40288148533011450153302494a7002f', '04', '风扇2', '', null, '40288009530b9c8901530bb09b750004', '', '2016-03-02 15:29:33', '', '40288009530b9c8901530bb1a1830005', '2016-03-02 15:48:55', '0', '阿斯蒂芬');
INSERT INTO `iot_device_info` VALUES ('4028814853301145015330252db5003a', '02', '55', '', null, '1', '', '2016-03-01 11:07:36', '', '1', '2016-03-01 11:13:14', '0', '');
INSERT INTO `iot_device_info` VALUES ('402881485330114501533029e016004b', '02', 'u', '', null, '1', '', '2016-03-01 11:12:44', '', '1', '2016-03-01 11:13:57', '0', '');
INSERT INTO `iot_device_info` VALUES ('4028814853303e060153304b5105000d', '02', '99', '', null, '1', '', '2016-03-01 11:49:15', '', '1', '2016-03-01 18:09:38', '0', '');
INSERT INTO `iot_device_info` VALUES ('4028814853303e060153304b6b61000e', '03', '哦哦', '', null, '1', '', '2016-03-01 11:49:22', '', '1', '2016-03-02 17:44:50', '0', '');
INSERT INTO `iot_device_info` VALUES ('4028814853303e060153304b8dbe000f', '04', '88', '', null, '1', '', '2016-03-01 11:49:31', '', '1', '2016-03-02 11:32:20', '0', '');
INSERT INTO `iot_device_info` VALUES ('4028814853303e060153304c0c530010', '00', '99', '', null, '1', '', '2016-03-01 11:50:03', '', '1', '2016-03-02 11:31:57', '0', '');
INSERT INTO `iot_device_info` VALUES ('4028814853352ab70153355dc89a0008', '03', 'cc', '', null, '1', '', '2016-03-02 11:27:31', '', '1', '2016-03-02 11:31:08', '0', '');
INSERT INTO `iot_device_info` VALUES ('4028814853352ab701533561e6580009', '00', '1', '', null, '1', '', '2016-03-02 11:32:01', '', '1', '2016-03-02 17:51:47', '0', '');
INSERT INTO `iot_device_info` VALUES ('402881485335f4d8015336058c7f0035', '01', '空调1', '深大22', null, '1', '大大', '2016-03-02 16:03:33', '3年', '40288148532bfee801532c00a0930012', '2016-03-02 17:53:17', '0', '的我倒萨大大');
INSERT INTO `iot_device_info` VALUES ('402881485335f4d80153360708b90036', '02', '投影仪1', '卡萨丁6', null, '1', '测控技术', '2016-03-02 16:01:10', '5', '40288148532bfee801532c00a0930012', '2016-03-02 17:44:37', '0', '阿萨德');
INSERT INTO `iot_device_info` VALUES ('402881485335f4d801533612d3170075', '00', '主机1', '啊哈', null, '40288009530b9c8901530bb09b750004', '嗯哼', '2016-03-02 15:29:14', '3', '40288148532bfee801532c00a0930012', '2016-03-08 15:18:22', '0', '熬到');
INSERT INTO `iot_device_info` VALUES ('402881485335f4d80153362a31130096', '03', '灯组', '', '23', '40288009530b9c8901530bb09b750004', '', null, '', '40288148532bfee801532c00a0930012', '2016-03-30 12:50:46', '1', '');
INSERT INTO `iot_device_info` VALUES ('40288148533635f20153364c66190020', '02', '是是是', '', null, '40288009530b9c8901530bb09b750004', '', '2016-03-02 15:48:09', '', '40288009530b9c8901530bb1a1830005', '2016-03-08 15:18:41', '0', '');
INSERT INTO `iot_device_info` VALUES ('40288148533635f20153364d7c180021', '00', 'DSADear', '', null, '40288009530b9c8901530bb09b750004', '', '2016-03-02 15:49:21', '', '40288009530b9c8901530bb1a1830005', '2016-03-03 09:19:11', '0', '');
INSERT INTO `iot_device_info` VALUES ('40288148533671fa015336b340ff0023', '02', '沙发上', '', null, '40288009530b9c8901530bb09b750004', '', '2016-03-02 17:40:30', '', '40288009530b9c8901530bb1a1830005', '2016-03-02 17:41:46', '0', '');
INSERT INTO `iot_device_info` VALUES ('40288148533a008f01533a0de73c0012', '03', 'wewq', '', null, '40288009530b9c8901530bb09b750004', '', '2016-03-03 09:18:23', '', '40288009530b9c8901530bb1a1830005', '2016-03-08 15:18:41', '0', '');
INSERT INTO `iot_device_info` VALUES ('40288148533a008f01533a395d36009d', '01', '美的空调', '', '', '40288148532b909b01532bfc61190053', '', null, '3', '40288148532bfee801532c00a0930012', '2016-03-31 19:47:52', '1', '');
INSERT INTO `iot_device_info` VALUES ('40288148533a008f01533a4523e9009e', '02', '投影仪', '', '', '40288148532b909b01532bfc61190053', '', null, '4', '40288148532bfee801532c00a0930012', '2016-03-31 19:47:41', '1', '');
INSERT INTO `iot_device_info` VALUES ('40288148533a4a2301533a4a5c8e0002', '03', '888', '3', null, '1', '', null, '', '1', '2016-03-03 10:28:19', '1', '');
INSERT INTO `iot_device_info` VALUES ('40288148533a4a2301533a4ec5570007', '03', '灯组', '', '', '40288148532b909b01532bfc61190053', '', null, '', '40288148532bfee801532c00a0930012', '2016-03-31 19:48:40', '1', '');
INSERT INTO `iot_device_info` VALUES ('40288148533a556c01533f43244a0059', '01', '空调2（勿删）', '', null, '40288009530b9c8901530bb09b750004', '', null, '', '40288009530b9c8901530bb1a1830005', '2016-03-08 15:23:47', '0', '');
INSERT INTO `iot_device_info` VALUES ('40288148535514e20153551b9b8a0011', '01', '空调', '', '', '40288009530b9c8901530bb09b750004', '美的', null, '', '40288009530b9c8901530bb1a1830005', '2016-03-30 12:50:51', '1', '');
INSERT INTO `iot_device_info` VALUES ('402881485355288b0153552efa360008', '00', '2', '', null, '1', '', '2016-03-08 15:44:15', '', '1', '2016-03-08 15:44:15', '1', '');
INSERT INTO `iot_device_info` VALUES ('40288148539dafe001539db09c8d0002', '02', '6', '', '6', '1', '', '2016-03-22 17:38:30', '', '1', '2016-03-22 17:38:30', '1', '');
INSERT INTO `iot_device_info` VALUES ('4028814853bbbad70153bbbefb9b0002', '00', '2', '2', '2', '40288009530b9c8901530bb09b750004', '', '2016-03-29 00:00:00', '', '40288009530b9c8901530bb1a1830005', '2016-03-29 15:13:28', '0', '');
INSERT INTO `iot_device_info` VALUES ('4028814853bbbad70153bbbf57ea0003', '04', '方法', 's', '', '40288009530b9c8901530bb09b750004', '', '2016-03-28 13:43:12', '', '40288009530b9c8901530bb1a1830005', '2016-03-28 13:45:23', '0', '');
INSERT INTO `iot_device_info` VALUES ('4028814853bbbad70153bbbfcd1f0004', '01', '333', '333', '33', '40288009530b9c8901530bb09b750004', '', '2016-03-28 13:43:42', '', '40288009530b9c8901530bb1a1830005', '2016-03-29 15:13:28', '0', '');
INSERT INTO `iot_device_info` VALUES ('4028814853c018cb0153c01ab8690003', '05', '开关继电器', '', '', '40288009530b9c8901530bb09b750004', '', '2016-03-29 00:00:00', '', '40288009530b9c8901530bb1a1830005', '2016-03-29 10:01:29', '1', '');
INSERT INTO `iot_device_info` VALUES ('4028814853c270030153c290fdaa0004', '03', '嘻嘻嘻', '', '', '1', '', '2016-03-29 21:29:55', '', '1', '2016-03-29 21:29:55', '1', '');
INSERT INTO `iot_device_info` VALUES ('4028814853c5d66d0153c5d8e9960004', '03', '6', '', '', '40288009530b9c8901530bb09b750004', '', '2016-03-30 12:47:20', '', '40288009530b9c8901530bb1a1830005', '2016-03-30 12:49:50', '0', '');
INSERT INTO `iot_device_info` VALUES ('4028814853c640db0153c64c09090004', '04', '风扇', '', '', '40288148532b909b01532bfc61190053', '', null, '', '40288148532bfee801532c00a0930012', '2016-03-31 19:48:06', '1', '');
INSERT INTO `iot_device_info` VALUES ('4028814853d0b2df0153d0b8e2e0000a', '05', '继电器1', '', '', '40288148532b909b01532bfc61190053', '', '2016-04-01 15:28:10', '', '40288148532bfee801532c00a0930012', '2016-04-01 15:28:10', '1', '');
INSERT INTO `iot_device_info` VALUES ('40288148540ece3d01540ed8db6a0010', '02', '投影仪', '', '', '40288009530b9c8901530bb09b750004', '', '2016-04-13 16:59:33', '', '40288009530b9c8901530bb1a1830005', '2016-04-13 16:59:33', '1', '');
INSERT INTO `iot_device_info` VALUES ('402881ec53300fb90153302475230008', '01', '33', '2', null, '1', '', '2016-03-01 00:00:00', '', '1', '2016-03-01 11:08:19', '0', '');
INSERT INTO `iot_device_info` VALUES ('402881ec53300fb9015330249b270009', '01', '33', '22', null, '1', '', '2016-03-01 00:00:00', '', '1', '2016-03-01 11:08:59', '0', '');
INSERT INTO `iot_device_info` VALUES ('402881ec53300fb9015330254e9b000a', '01', 'test', '2', null, '1', '', '2016-03-01 11:07:44', '', '1', '2016-03-01 11:09:40', '0', '');
INSERT INTO `iot_device_info` VALUES ('402881ec53300fb90153302569fa000b', '01', 'test', '22222', null, '1', '', '2016-03-01 11:07:51', '', '1', '2016-03-01 11:09:15', '0', '');
INSERT INTO `iot_device_info` VALUES ('402881ec53300fb901533025b019000c', '01', 'test', '222', null, '1', '', '2016-03-01 11:08:09', '', '1', '2016-03-01 11:10:02', '0', '');
INSERT INTO `iot_device_info` VALUES ('402881ec53300fb901533025cae0000d', '01', 'test', '22222222', null, '1', '', '2016-03-01 11:08:16', '', '1', '2016-03-01 11:09:48', '0', '');
INSERT INTO `iot_device_info` VALUES ('402881ec53300fb9015330bf06790027', '01', '111', '2222', null, '1', '', '2016-03-01 13:55:38', '', '1', '2016-03-01 14:12:56', '0', '');
INSERT INTO `iot_device_info` VALUES ('402881ec53300fb9015330bf2ff00028', '01', '111', '22221', null, '1', '', '2016-03-01 13:55:49', '', '1', '2016-03-01 14:12:56', '0', '');
INSERT INTO `iot_device_info` VALUES ('402881ec53300fb9015330c254fb0029', '02', '222', '333', null, '1', '', '2016-03-01 13:59:15', '', '1', '2016-03-01 14:12:56', '0', '');
INSERT INTO `iot_device_info` VALUES ('402881ec53300fb9015330caeda1002c', '01', '222', '333', null, '1', '', '2016-03-01 14:08:38', '', '1', '2016-03-01 14:12:56', '0', '');
INSERT INTO `iot_device_info` VALUES ('402881ec53300fb9015330ccf724002d', '01', '222', '333', null, '1', '', '2016-03-01 14:10:52', '', '1', '2016-03-01 14:12:56', '0', '');
INSERT INTO `iot_device_info` VALUES ('402881ec53300fb9015330ce1aca002e', '01', '111', '2222', null, '1', '', '2016-03-01 14:12:06', '', '1', '2016-03-01 14:13:38', '0', '');
INSERT INTO `iot_device_info` VALUES ('402881ec53300fb9015330ce30f1002f', '01', '111', '2222333', null, '1', '', '2016-03-01 14:12:12', '', '1', '2016-03-01 14:13:38', '0', '');
INSERT INTO `iot_device_info` VALUES ('402881ee525ea38201525ea75ffb0002', '02', '爱普生', '', '4', '40288009530b9c8901530bb09b750004', '爱普生', null, '', '1', '2016-03-30 12:51:58', '0', '');
INSERT INTO `iot_device_info` VALUES ('402881ee5277561a015277f90dae000e', '00', '主机2', '所示', null, '40288009530b9c8901530bb09b750004', '', '2016-03-22 00:00:00', '4', '1', '2016-03-08 15:18:41', '0', '');
INSERT INTO `iot_device_info` VALUES ('402881f1533b905501533b91524c0004', '00', '主机V2', '', '', '40288148532b909b01532bfc61190053', '', null, '', '40288148532bfee801532c00a0930012', '2016-03-31 19:48:32', '1', '');

-- ----------------------------
-- Table structure for `iot_electric_statistical`
-- ----------------------------
DROP TABLE IF EXISTS `iot_electric_statistical`;
CREATE TABLE `iot_electric_statistical` (
  `id` varchar(40) NOT NULL DEFAULT '',
  `deptid` varchar(40) DEFAULT NULL,
  `room_id` varchar(40) DEFAULT NULL COMMENT '房间编号',
  `statistical_time` datetime DEFAULT NULL COMMENT '统计时间',
  `electricity_consumption` int(6) DEFAULT NULL COMMENT '当前用电量',
  `last_electricity_consumption` int(6) DEFAULT NULL COMMENT '上一次用电量',
  `different_value` int(10) DEFAULT NULL,
  PRIMARY KEY (`id`)
) ENGINE=InnoDB DEFAULT CHARSET=utf8;

-- ----------------------------
-- Records of iot_electric_statistical
-- ----------------------------
INSERT INTO `iot_electric_statistical` VALUES ('1', '40288009530b9c8901530bb09b750004', '402881485336c9f4015336e6e0280050', '2016-03-24 17:27:58', '12', '10', '2');
INSERT INTO `iot_electric_statistical` VALUES ('2', '40288009530b9c8901530bb09b750004', '402881485336c9f4015336e6e0280050', '2016-03-25 17:28:37', '18', '12', '6');
INSERT INTO `iot_electric_statistical` VALUES ('3', '40288009530b9c8901530bb09b750004', '402881485336c9f4015336d2212f0009', '2016-03-28 16:14:40', '22', '3', '19');
INSERT INTO `iot_electric_statistical` VALUES ('4028814853ea459d0153ea459d760000', '40288148532b909b01532bfc61190053', '40288148533a008f01533a309b0f0099', '2016-04-06 14:32:23', null, '10', '9');
INSERT INTO `iot_electric_statistical` VALUES ('4028814853ea459d0153ea45aaab0001', '40288148532b909b01532bfc61190053', '40288148533a008f01533a357964009a', '2016-04-06 14:32:27', null, '10', '9');
INSERT INTO `iot_electric_statistical` VALUES ('4028814853ea459d0153ea45aae10002', '40288148532b909b01532bfc61190053', '402881f1533b905501533b9335d40006', '2016-04-06 14:32:27', null, '10', '9');
INSERT INTO `iot_electric_statistical` VALUES ('4028814853ea459d0153ea45ab160003', '40288148532b909b01532bfc61190053', '402881f1533ba0e501533bcdf3760009', '2016-04-06 14:32:27', null, '10', '9');
INSERT INTO `iot_electric_statistical` VALUES ('4028814853ea459d0153ea45ab560004', '40288148532b909b01532bfc61190053', '402881f1533ba0e501533bd38ccb000a', '2016-04-06 14:32:27', null, '10', '9');
INSERT INTO `iot_electric_statistical` VALUES ('4028814853ea459d0153ea45ab7d0005', '40288148532b909b01532bfc61190053', '40288148533a008f01533a360ffa009b', '2016-04-06 14:32:27', null, '10', '9');
INSERT INTO `iot_electric_statistical` VALUES ('4028814853ea459d0153ea45abb20006', '40288148532b909b01532bfc61190053', '40288148533a008f01533a3659d4009c', '2016-04-06 14:32:27', null, '10', '9');
INSERT INTO `iot_electric_statistical` VALUES ('4028814853ea459d0153ea45abd80007', '40288148532b909b01532bfc61190053', '40288148533a556c01533b3a22370030', '2016-04-06 14:32:27', null, '10', '9');
INSERT INTO `iot_electric_statistical` VALUES ('4028814853ea459d0153ea45ac070008', '40288148532b909b01532bfc61190053', '402881f1533ba0e501533bb8048c0002', '2016-04-06 14:32:27', null, '10', '9');
INSERT INTO `iot_electric_statistical` VALUES ('4028814853ea459d0153ea45ac480009', '40288148532b909b01532bfc61190053', '402881f1533ba0e501533bb89ba80003', '2016-04-06 14:32:27', null, '10', '9');
INSERT INTO `iot_electric_statistical` VALUES ('4028814853ea459d0153ea45ac7e000a', '40288148532b909b01532bfc61190053', '402881485355288b01535540b3ab0012', '2016-04-06 14:32:28', null, '10', '9');
INSERT INTO `iot_electric_statistical` VALUES ('4028814853ea459d0153ea45acbe000b', '40288148532b909b01532bfc61190053', '402881485355288b015355451720001b', '2016-04-06 14:32:28', null, '10', '9');
INSERT INTO `iot_electric_statistical` VALUES ('4028814853ea459d0153ea45ace4000c', '40288148532b909b01532bfc61190053', '402881485355288b01535546b6770020', '2016-04-06 14:32:28', null, '10', '9');
INSERT INTO `iot_electric_statistical` VALUES ('4028814853ea459d0153ea45ad22000d', '40288148532b909b01532bfc61190053', '402881485355288b01535549b7fe0025', '2016-04-06 14:32:28', null, '10', '9');
INSERT INTO `iot_electric_statistical` VALUES ('4028814853ea459d0153ea45ad50000e', '40288148532b909b01532bfc61190053', '402881485355288b0153554b7e7f002a', '2016-04-06 14:32:28', null, '10', '9');
INSERT INTO `iot_electric_statistical` VALUES ('4028814853ea4daa0153ea4daa870000', '40288148532b909b01532bfc61190053', '40288148533a008f01533a309b0f0099', '2016-04-06 14:41:11', null, '10', '9');
INSERT INTO `iot_electric_statistical` VALUES ('4028814853ea4daa0153ea4daac60001', '40288148532b909b01532bfc61190053', '40288148533a008f01533a357964009a', '2016-04-06 14:41:11', null, '10', '9');
INSERT INTO `iot_electric_statistical` VALUES ('4028814853ea4daa0153ea4daaef0002', '40288148532b909b01532bfc61190053', '402881f1533b905501533b9335d40006', '2016-04-06 14:41:11', null, '10', '9');
INSERT INTO `iot_electric_statistical` VALUES ('4028814853ea4daa0153ea4dab150003', '40288148532b909b01532bfc61190053', '402881f1533ba0e501533bcdf3760009', '2016-04-06 14:41:11', null, '10', '9');
INSERT INTO `iot_electric_statistical` VALUES ('4028814853ea4daa0153ea4dab4b0004', '40288148532b909b01532bfc61190053', '402881f1533ba0e501533bd38ccb000a', '2016-04-06 14:41:12', null, '10', '9');
INSERT INTO `iot_electric_statistical` VALUES ('4028814853ea4daa0153ea4dab7a0005', '40288148532b909b01532bfc61190053', '40288148533a008f01533a360ffa009b', '2016-04-06 14:41:12', null, '10', '9');
INSERT INTO `iot_electric_statistical` VALUES ('4028814853ea4daa0153ea4dabb70006', '40288148532b909b01532bfc61190053', '40288148533a008f01533a3659d4009c', '2016-04-06 14:41:12', null, '10', '9');
INSERT INTO `iot_electric_statistical` VALUES ('4028814853ea4daa0153ea4dabf20007', '40288148532b909b01532bfc61190053', '40288148533a556c01533b3a22370030', '2016-04-06 14:41:12', null, '10', '9');
INSERT INTO `iot_electric_statistical` VALUES ('4028814853ea4daa0153ea4dac220008', '40288148532b909b01532bfc61190053', '402881f1533ba0e501533bb8048c0002', '2016-04-06 14:41:12', null, '10', '9');
INSERT INTO `iot_electric_statistical` VALUES ('4028814853ea4daa0153ea4dac470009', '40288148532b909b01532bfc61190053', '402881f1533ba0e501533bb89ba80003', '2016-04-06 14:41:12', null, '10', '9');
INSERT INTO `iot_electric_statistical` VALUES ('4028814853ea4daa0153ea4dac79000a', '40288148532b909b01532bfc61190053', '402881485355288b01535540b3ab0012', '2016-04-06 14:41:12', null, '10', '9');
INSERT INTO `iot_electric_statistical` VALUES ('4028814853ea4daa0153ea4dac9d000b', '40288148532b909b01532bfc61190053', '402881485355288b015355451720001b', '2016-04-06 14:41:12', null, '10', '9');
INSERT INTO `iot_electric_statistical` VALUES ('4028814853ea4daa0153ea4dacc3000c', '40288148532b909b01532bfc61190053', '402881485355288b01535546b6770020', '2016-04-06 14:41:12', null, '10', '9');
INSERT INTO `iot_electric_statistical` VALUES ('4028814853ea4daa0153ea4dad0b000d', '40288148532b909b01532bfc61190053', '402881485355288b01535549b7fe0025', '2016-04-06 14:41:12', null, '10', '9');
INSERT INTO `iot_electric_statistical` VALUES ('4028814853ea4daa0153ea4dad31000e', '40288148532b909b01532bfc61190053', '402881485355288b0153554b7e7f002a', '2016-04-06 14:41:12', null, '10', '9');
INSERT INTO `iot_electric_statistical` VALUES ('4028814853ea4daa0153ea4dadce000f', '40288148532b909b01532bfc61190053', '4028814853c63d0f0153c63d7d420004', '2016-04-06 14:41:12', null, '10', '9');
INSERT INTO `iot_electric_statistical` VALUES ('4028814853ea4daa0153ea4dadf60010', '40288148532b909b01532bfc61190053', '402881f1533ba0e501533bb9820f0005', '2016-04-06 14:41:12', null, '10', '9');
INSERT INTO `iot_electric_statistical` VALUES ('4028814853ea4daa0153ea4dae250011', '40288148532b909b01532bfc61190053', '402881485355288b0153553e7c59000d', '2016-04-06 14:41:12', null, '10', '9');
INSERT INTO `iot_electric_statistical` VALUES ('4028814853ea4daa0153ea4dae680012', '40288148532b909b01532bfc61190053', '402881f1533ba0e501533bbaab500006', '2016-04-06 14:41:12', null, '10', '9');
INSERT INTO `iot_electric_statistical` VALUES ('4028814853ea4daa0153ea4daea50013', '40288148532b909b01532bfc61190053', '402881485353f7960153540448e40006', '2016-04-06 14:41:12', null, '10', '9');
INSERT INTO `iot_electric_statistical` VALUES ('4028814853ea4daa0153ea4daed80014', '40288148532b909b01532bfc61190053', '402881f1533ba0e501533bbaf68d0007', '2016-04-06 14:41:12', null, '10', '9');

-- ----------------------------
-- Table structure for `iot_exec_log`
-- ----------------------------
DROP TABLE IF EXISTS `iot_exec_log`;
CREATE TABLE `iot_exec_log` (
  `log_id` varchar(40) NOT NULL COMMENT '日志编号',
  `room_device_id` varchar(40) NOT NULL COMMENT '房间设备编号',
  `command_id` varchar(40) DEFAULT NULL COMMENT '指令编号',
  `personer` varchar(40) NOT NULL COMMENT '执行人员',
  `exec_time` datetime DEFAULT NULL COMMENT '执行时间',
  `exec_status` varchar(1) DEFAULT NULL COMMENT '状态：0代表失败；1代表成功',
  PRIMARY KEY (`log_id`),
  KEY `FK_exec_log_room_device_id` (`room_device_id`),
  KEY `FK_Reference_16` (`command_id`)
) ENGINE=InnoDB DEFAULT CHARSET=utf8 COMMENT='控制日志表';

-- ----------------------------
-- Records of iot_exec_log
-- ----------------------------
INSERT INTO `iot_exec_log` VALUES ('40288148540d346401540d4e32f3000a', '4028814853c63d0f0153c63d92ee0005', '4028814853c640db0153c64bbe220002', '40288148532bfee801532c00a0930012', '2016-04-13 09:48:29', '1');
INSERT INTO `iot_exec_log` VALUES ('40288148540d346401540d4e3319000b', '4028814853c63d0f0153c63d92ef0007', '4028814853c640db0153c64cd9080006', '40288148532bfee801532c00a0930012', '2016-04-13 09:48:29', '1');
INSERT INTO `iot_exec_log` VALUES ('40288148540d346401540d4e3334000c', '4028814853c640db0153c64dacbb0009', '4028814853c640db0153c64d247d0008', '40288148532bfee801532c00a0930012', '2016-04-13 09:48:29', '1');
INSERT INTO `iot_exec_log` VALUES ('40288148540d346401540d4e3349000d', '402881f153c69c9a0153c6a9121b0014', '4028814853c640db0153c64be15b0003', '40288148532bfee801532c00a0930012', '2016-04-13 09:48:29', '1');
INSERT INTO `iot_exec_log` VALUES ('40288148540d346401540d5024bd000e', '4028814853c63d0f0153c63d92ee0005', '4028814853c640db0153c64bbe220002', '40288148532bfee801532c00a0930012', '2016-04-13 09:50:36', '1');
INSERT INTO `iot_exec_log` VALUES ('40288148540d346401540d5024d7000f', '4028814853c63d0f0153c63d92ef0007', '4028814853c640db0153c64cd9080006', '40288148532bfee801532c00a0930012', '2016-04-13 09:50:36', '1');
INSERT INTO `iot_exec_log` VALUES ('40288148540d346401540d5024fe0010', '4028814853c640db0153c64dacbb0009', '4028814853c640db0153c64d09670007', '40288148532bfee801532c00a0930012', '2016-04-13 09:50:36', '1');
INSERT INTO `iot_exec_log` VALUES ('40288148540d346401540d5025180011', '402881f153c69c9a0153c6a9121b0014', '4028814853c640db0153c64be15b0003', '40288148532bfee801532c00a0930012', '2016-04-13 09:50:36', '1');
INSERT INTO `iot_exec_log` VALUES ('40288148540ece3d01540ecf69bc0005', '40288148540ece3d01540ece8b720004', '40288148535514e20153551c04c20012', '40288009530b9c8901530bb1a1830005', '2016-04-13 16:49:14', '1');
INSERT INTO `iot_exec_log` VALUES ('40288148540ece3d01540ecf6bcc0006', '40288148540ece3d01540ece8b720004', '40288148535514e20153551c32b10013', '40288009530b9c8901530bb1a1830005', '2016-04-13 16:49:15', '1');
INSERT INTO `iot_exec_log` VALUES ('40288148540ece3d01540ecf899e0007', '40288148540ece3d01540ece8b720004', '40288148535514e20153551c04c20012', '40288009530b9c8901530bb1a1830005', '2016-04-13 16:49:22', '1');
INSERT INTO `iot_exec_log` VALUES ('40288148540ece3d01540ed054d10008', '40288148540ece3d01540ece8b720004', '402881485364cde2015364f514e70015', '40288009530b9c8901530bb1a1830005', '2016-04-13 16:50:14', '1');
INSERT INTO `iot_exec_log` VALUES ('40288148540ece3d01540ed061cf0009', '40288148540ece3d01540ece8b720004', '40288148535e1d5701535f09aa530014', '40288009530b9c8901530bb1a1830005', '2016-04-13 16:50:18', '1');
INSERT INTO `iot_exec_log` VALUES ('40288148540ece3d01540ed0d780000a', '40288148533a008f01533a21ceac007c', '2c9ca28653163ccb015316691fab0006', '40288009530b9c8901530bb1a1830005', '2016-04-13 16:50:48', '1');
INSERT INTO `iot_exec_log` VALUES ('40288148540ece3d01540ed0e6b8000b', '40288148533a008f01533a21ceac007c', '2c9ca28653163ccb0153166954c40007', '40288009530b9c8901530bb1a1830005', '2016-04-13 16:50:52', '1');
INSERT INTO `iot_exec_log` VALUES ('40288148540ee62d01540ee6a0b70002', '40288148540ece3d01540ece8b720004', '40288148535514e20153551c32b10013', '40288009530b9c8901530bb1a1830005', '2016-04-13 17:14:36', '0');
INSERT INTO `iot_exec_log` VALUES ('40288148540ee62d01540eec0c9f0007', '40288148540ece3d01540ece8b720004', '40288148535514e20153551c32b10013', '40288009530b9c8901530bb1a1830005', '2016-04-13 17:20:31', '0');
INSERT INTO `iot_exec_log` VALUES ('40288148540ee62d01540eec48dd0008', '40288148533a008f01533a21ceac007c', '2c9ca28653163ccb015316691fab0006', '40288009530b9c8901530bb1a1830005', '2016-04-13 17:20:46', '0');
INSERT INTO `iot_exec_log` VALUES ('40288148540eecea01540eecfec90002', '40288148540ece3d01540ece8b720004', '40288148535514e20153551c32b10013', '40288009530b9c8901530bb1a1830005', '2016-04-13 17:21:33', '1');
INSERT INTO `iot_exec_log` VALUES ('40288148540eecea01540eedf0eb0003', '40288148533a008f01533a21e2a8007e', '2c9ca28653163ccb015316691fab0006', '40288009530b9c8901530bb1a1830005', '2016-04-13 17:22:35', '1');
INSERT INTO `iot_exec_log` VALUES ('40288148540eecea01540eee04bf0004', '40288148533a008f01533a21e2a8007e', '2c9ca28653163ccb0153166954c40007', '40288009530b9c8901530bb1a1830005', '2016-04-13 17:22:40', '1');
INSERT INTO `iot_exec_log` VALUES ('40288148540eecea01540eee08ab0005', '40288148533a008f01533a21e2a8007e', '2c9ca28653163ccb015316691fab0006', '40288009530b9c8901530bb1a1830005', '2016-04-13 17:22:41', '1');
INSERT INTO `iot_exec_log` VALUES ('40288148540eecea01540ef41ac70006', '40288148540ece3d01540ece8b720004', '40288148535514e20153551c04c20012', '40288009530b9c8901530bb1a1830005', '2016-04-13 17:29:19', '1');
INSERT INTO `iot_exec_log` VALUES ('40288148540eecea01540ef4bb4b0008', '40288148540ece3d01540ece8b720004', '00', 'admin', '2016-04-13 17:30:00', '1');
INSERT INTO `iot_exec_log` VALUES ('40288148540f074501540f0791ff0002', '40288148533a008f01533a21e2a8007e', '2c9ca28653163ccb0153166954c40007', '40288009530b9c8901530bb1a1830005', '2016-04-13 17:50:35', '0');
INSERT INTO `iot_exec_log` VALUES ('40288148540f074501540f0981fe0003', '40288148533a008f01533a21e2a8007e', '2c9ca28653163ccb0153166954c40007', '40288009530b9c8901530bb1a1830005', '2016-04-13 17:52:41', '1');
INSERT INTO `iot_exec_log` VALUES ('40288148540f236f01540f23cb520002', '40288148533a008f01533a21e2a8007e', '2c9ca28653163ccb015316691fab0006', '40288009530b9c8901530bb1a1830005', '2016-04-13 18:21:24', '1');
INSERT INTO `iot_exec_log` VALUES ('40288148540f236f01540f23d7060003', '40288148533a008f01533a21e2a8007e', '2c9ca28653163ccb0153166954c40007', '40288009530b9c8901530bb1a1830005', '2016-04-13 18:21:27', '1');
INSERT INTO `iot_exec_log` VALUES ('40288148540f236f01540f23dacb0004', '40288148533a008f01533a21e2a8007e', '2c9ca28653163ccb015316691fab0006', '40288009530b9c8901530bb1a1830005', '2016-04-13 18:21:28', '1');
INSERT INTO `iot_exec_log` VALUES ('40288148540f236f01540f24fbd9000b', '40288148540f236f01540f2434290008', '40288148540f236f01540f24ac410009', '40288009530b9c8901530bb1a1830005', '2016-04-13 18:22:42', '0');
INSERT INTO `iot_exec_log` VALUES ('40288148540f236f01540f260f6f000c', '40288148540f236f01540f2434290008', '40288148540f236f01540f24ac410009', '40288009530b9c8901530bb1a1830005', '2016-04-13 18:23:53', '0');
INSERT INTO `iot_exec_log` VALUES ('40288148540f236f01540f262469000d', '40288148540f236f01540f2411340006', '40288148535514e20153551c04c20012', '40288009530b9c8901530bb1a1830005', '2016-04-13 18:23:58', '0');
INSERT INTO `iot_exec_log` VALUES ('40288148540f236f01540f266339000e', '40288148540f236f01540f2411340006', '40288148535514e20153551c04c20012', '40288009530b9c8901530bb1a1830005', '2016-04-13 18:24:14', '0');
INSERT INTO `iot_exec_log` VALUES ('40288148540f236f01540f2670de000f', '40288148540f236f01540f2411320005', '40288148535514e20153551a91a5000f', '40288009530b9c8901530bb1a1830005', '2016-04-13 18:24:18', '0');
INSERT INTO `iot_exec_log` VALUES ('40288148540f236f01540f27122e0010', '40288148540f236f01540f2411340006', '40288148535514e20153551c04c20012', '40288009530b9c8901530bb1a1830005', '2016-04-13 18:24:59', '0');
INSERT INTO `iot_exec_log` VALUES ('40288148540f2a0701540f2a2c8e0002', '40288148540f236f01540f2411340006', '40288148535514e20153551c04c20012', '40288009530b9c8901530bb1a1830005', '2016-04-13 18:28:22', '1');
INSERT INTO `iot_exec_log` VALUES ('40288148540f2a0701540f2a32450003', '40288148533a008f01533a21e2a8007e', '2c9ca28653163ccb0153166954c40007', '40288009530b9c8901530bb1a1830005', '2016-04-13 18:28:24', '1');
INSERT INTO `iot_exec_log` VALUES ('40288148540f2a0701540f2a59eb0004', '40288148540f236f01540f2434290008', '40288148540f236f01540f24c8df000a', '40288009530b9c8901530bb1a1830005', '2016-04-13 18:28:34', '0');
INSERT INTO `iot_exec_log` VALUES ('40288148540f359201540f35fc990002', '40288148540f236f01540f2411340006', '40288148535514e20153551c32b10013', '40288009530b9c8901530bb1a1830005', '2016-04-13 18:41:16', '0');
INSERT INTO `iot_exec_log` VALUES ('40288148540f359201540f364ce30003', '40288148533a008f01533a21e2a8007e', '2c9ca28653163ccb015316691fab0006', '40288009530b9c8901530bb1a1830005', '2016-04-13 18:41:37', '1');
INSERT INTO `iot_exec_log` VALUES ('40288148540f359201540f36543d0004', '40288148540f236f01540f2411340006', '40288148535514e20153551c32b10013', '40288009530b9c8901530bb1a1830005', '2016-04-13 18:41:39', '1');
INSERT INTO `iot_exec_log` VALUES ('40288148540f359201540f3671b70005', '40288148540f236f01540f2434290008', '40288148540f236f01540f24c8df000a', '40288009530b9c8901530bb1a1830005', '2016-04-13 18:41:46', '0');
INSERT INTO `iot_exec_log` VALUES ('40288148540f359201540f3949f20006', '40288148540ece3d01540ece8b720004', '40288148535514e20153551c04c20012', '40288009530b9c8901530bb1a1830005', '2016-04-13 18:44:53', '0');
INSERT INTO `iot_exec_log` VALUES ('40288148540f359201540f3b9da10007', '40288148540f236f01540f2434290008', '40288148540f236f01540f24c8df000a', '40288009530b9c8901530bb1a1830005', '2016-04-13 18:47:25', '1');
INSERT INTO `iot_exec_log` VALUES ('40288148540f359201540f3daa870008', '40288148540f236f01540f2434290008', '40288148540f236f01540f24ac410009', '40288009530b9c8901530bb1a1830005', '2016-04-13 18:49:40', '0');
INSERT INTO `iot_exec_log` VALUES ('40288148540f359201540f3dcc5d0009', '40288148540f236f01540f2434290008', '40288148540f236f01540f24ac410009', '40288009530b9c8901530bb1a1830005', '2016-04-13 18:49:48', '0');
INSERT INTO `iot_exec_log` VALUES ('40288148540f359201540f415e75000a', '40288148540f236f01540f2434290008', '40288148540f236f01540f24ac410009', '40288009530b9c8901530bb1a1830005', '2016-04-13 18:53:42', '0');
INSERT INTO `iot_exec_log` VALUES ('402881485412dff8015412e0131e0002', '40288148533a008f01533a21e2a8007e', '2c9ca28653163ccb015316691fab0006', '40288009530b9c8901530bb1a1830005', '2016-04-14 11:45:55', '1');
INSERT INTO `iot_exec_log` VALUES ('402881485412dff8015412e0133f0003', '40288148540f236f01540f2411320005', '40288148535514e20153551ab71a0010', '40288009530b9c8901530bb1a1830005', '2016-04-14 11:45:55', '1');
INSERT INTO `iot_exec_log` VALUES ('402881485412dff8015412e0135c0004', '40288148540f236f01540f2411340006', '40288148535514e20153551c32b10013', '40288009530b9c8901530bb1a1830005', '2016-04-14 11:45:55', '1');
INSERT INTO `iot_exec_log` VALUES ('402881485412dff8015412e096d70006', '40288148533a008f01533a21e2a8007e', '2c9ca28653163ccb015316691fab0006', '40288009530b9c8901530bb1a1830005', '2016-04-14 11:46:29', '1');
INSERT INTO `iot_exec_log` VALUES ('402881485412dff8015412e096fa0007', '40288148540f236f01540f2411320005', '40288148535514e20153551ab71a0010', '40288009530b9c8901530bb1a1830005', '2016-04-14 11:46:29', '1');
INSERT INTO `iot_exec_log` VALUES ('402881485412dff8015412e097180008', '40288148540f236f01540f2411340006', '40288148535514e20153551c32b10013', '40288009530b9c8901530bb1a1830005', '2016-04-14 11:46:29', '1');
INSERT INTO `iot_exec_log` VALUES ('402881485412dff8015412e097340009', '402881485412dff8015412e059ac0005', '40288148535514e20153551c32b10013', '40288009530b9c8901530bb1a1830005', '2016-04-14 11:46:29', '1');
INSERT INTO `iot_exec_log` VALUES ('402881485412dff8015412ed0666000b', '40288148533a008f01533a21e2a7007d', '01', 'admin', '2016-04-14 12:00:04', '1');
INSERT INTO `iot_exec_log` VALUES ('402881485412dff8015412ed073a000d', '40288148540f236f01540f2411320005', '01', 'admin', '2016-04-14 12:00:04', '1');
INSERT INTO `iot_exec_log` VALUES ('402881485412dff8015412ed0bfe000f', '40288148533a008f01533a21e2a8007e', '00', 'admin', '2016-04-14 12:00:05', '1');
INSERT INTO `iot_exec_log` VALUES ('402881485412dff80154157e11fe001e', '40288148533a008f01533a21e2a7007d', '01', 'admin', '2016-04-14 23:57:44', '1');
INSERT INTO `iot_exec_log` VALUES ('402881485412dff80154157e12df0020', '40288148540f236f01540f2411320005', '01', 'admin', '2016-04-14 23:57:44', '1');
INSERT INTO `iot_exec_log` VALUES ('402881485412dff80154157e17d00022', '40288148533a008f01533a21e2a8007e', '00', 'admin', '2016-04-14 23:57:45', '1');
INSERT INTO `iot_exec_log` VALUES ('402881485412dff80154157e28780024', '40288148533a008f01533a21e2a7007d', '01', 'admin', '2016-04-14 23:57:50', '1');
INSERT INTO `iot_exec_log` VALUES ('402881485412dff80154157e295f0026', '40288148540f236f01540f2411320005', '01', 'admin', '2016-04-14 23:57:50', '1');
INSERT INTO `iot_exec_log` VALUES ('402881485412dff80154157e2e3a0028', '40288148533a008f01533a21e2a8007e', '00', 'admin', '2016-04-14 23:57:51', '1');
INSERT INTO `iot_exec_log` VALUES ('402881485412dff80154157e3ee6002a', '40288148533a008f01533a21e2a7007d', '01', 'admin', '2016-04-14 23:57:55', '1');
INSERT INTO `iot_exec_log` VALUES ('402881485412dff80154157e3fd3002c', '40288148540f236f01540f2411320005', '01', 'admin', '2016-04-14 23:57:56', '1');
INSERT INTO `iot_exec_log` VALUES ('402881485412dff80154157e44a8002e', '40288148533a008f01533a21e2a8007e', '00', 'admin', '2016-04-14 23:57:57', '1');
INSERT INTO `iot_exec_log` VALUES ('402881485412dff80154157e554f0030', '40288148533a008f01533a21e2a7007d', '01', 'admin', '2016-04-14 23:58:01', '1');
INSERT INTO `iot_exec_log` VALUES ('402881485412dff80154157e56160032', '40288148540f236f01540f2411320005', '01', 'admin', '2016-04-14 23:58:01', '1');
INSERT INTO `iot_exec_log` VALUES ('402881485412dff80154157e5ae90034', '40288148533a008f01533a21e2a8007e', '00', 'admin', '2016-04-14 23:58:02', '1');
INSERT INTO `iot_exec_log` VALUES ('402881485412dff80154157e6ba40036', '40288148533a008f01533a21e2a7007d', '01', 'admin', '2016-04-14 23:58:07', '1');
INSERT INTO `iot_exec_log` VALUES ('402881485412dff80154157e6c810038', '40288148540f236f01540f2411320005', '01', 'admin', '2016-04-14 23:58:07', '1');
INSERT INTO `iot_exec_log` VALUES ('402881485412dff80154157e7158003a', '40288148533a008f01533a21e2a8007e', '00', 'admin', '2016-04-14 23:58:08', '1');
INSERT INTO `iot_exec_log` VALUES ('402881485412dff80154157e8215003c', '40288148533a008f01533a21e2a7007d', '01', 'admin', '2016-04-14 23:58:13', '1');
INSERT INTO `iot_exec_log` VALUES ('402881485412dff80154157e82f8003e', '40288148540f236f01540f2411320005', '01', 'admin', '2016-04-14 23:58:13', '1');
INSERT INTO `iot_exec_log` VALUES ('402881485412dff80154157e87d00040', '40288148533a008f01533a21e2a8007e', '00', 'admin', '2016-04-14 23:58:14', '1');
INSERT INTO `iot_exec_log` VALUES ('402881485412dff80154157e987d0042', '40288148533a008f01533a21e2a7007d', '01', 'admin', '2016-04-14 23:58:18', '1');
INSERT INTO `iot_exec_log` VALUES ('402881485412dff80154157e99620044', '40288148540f236f01540f2411320005', '01', 'admin', '2016-04-14 23:58:18', '1');
INSERT INTO `iot_exec_log` VALUES ('402881485412dff80154157e9e360046', '40288148533a008f01533a21e2a8007e', '00', 'admin', '2016-04-14 23:58:20', '1');
INSERT INTO `iot_exec_log` VALUES ('402881485412dff80154157eaed50048', '40288148533a008f01533a21e2a7007d', '01', 'admin', '2016-04-14 23:58:24', '1');
INSERT INTO `iot_exec_log` VALUES ('402881485412dff80154157eafb5004a', '40288148540f236f01540f2411320005', '01', 'admin', '2016-04-14 23:58:24', '1');
INSERT INTO `iot_exec_log` VALUES ('402881485412dff80154157eb487004c', '40288148533a008f01533a21e2a8007e', '00', 'admin', '2016-04-14 23:58:25', '1');
INSERT INTO `iot_exec_log` VALUES ('402881485412dff80154157ec53e004e', '40288148533a008f01533a21e2a7007d', '01', 'admin', '2016-04-14 23:58:30', '1');
INSERT INTO `iot_exec_log` VALUES ('402881485412dff80154157ec61c0050', '40288148540f236f01540f2411320005', '01', 'admin', '2016-04-14 23:58:30', '1');
INSERT INTO `iot_exec_log` VALUES ('402881485412dff80154157ecaef0052', '40288148533a008f01533a21e2a8007e', '00', 'admin', '2016-04-14 23:58:31', '1');
INSERT INTO `iot_exec_log` VALUES ('402881485412dff80154157edb9b0054', '40288148533a008f01533a21e2a7007d', '01', 'admin', '2016-04-14 23:58:35', '1');
INSERT INTO `iot_exec_log` VALUES ('402881485412dff80154157edc7d0056', '40288148540f236f01540f2411320005', '01', 'admin', '2016-04-14 23:58:36', '1');
INSERT INTO `iot_exec_log` VALUES ('402881485412dff80154157ee1570058', '40288148533a008f01533a21e2a8007e', '00', 'admin', '2016-04-14 23:58:37', '1');
INSERT INTO `iot_exec_log` VALUES ('402881485412dff80154157ef2fc005a', '40288148533a008f01533a21e2a7007d', '01', 'admin', '2016-04-14 23:58:41', '1');
INSERT INTO `iot_exec_log` VALUES ('402881485412dff80154157ef3eb005c', '40288148540f236f01540f2411320005', '01', 'admin', '2016-04-14 23:58:42', '1');
INSERT INTO `iot_exec_log` VALUES ('402881485412dff80154157ef8c7005e', '40288148533a008f01533a21e2a8007e', '00', 'admin', '2016-04-14 23:58:43', '1');
INSERT INTO `iot_exec_log` VALUES ('402881485412dff80154157f09770060', '40288148533a008f01533a21e2a7007d', '01', 'admin', '2016-04-14 23:58:47', '1');
INSERT INTO `iot_exec_log` VALUES ('402881485412dff80154157f0a5e0062', '40288148540f236f01540f2411320005', '01', 'admin', '2016-04-14 23:58:47', '1');
INSERT INTO `iot_exec_log` VALUES ('402881485412dff80154157f0f2e0064', '40288148533a008f01533a21e2a8007e', '00', 'admin', '2016-04-14 23:58:49', '1');
INSERT INTO `iot_exec_log` VALUES ('402881485412dff80154157f1fcc0066', '40288148533a008f01533a21e2a7007d', '01', 'admin', '2016-04-14 23:58:53', '1');
INSERT INTO `iot_exec_log` VALUES ('402881485412dff80154157f20af0068', '40288148540f236f01540f2411320005', '01', 'admin', '2016-04-14 23:58:53', '1');
INSERT INTO `iot_exec_log` VALUES ('402881485412dff80154157f2575006a', '40288148533a008f01533a21e2a8007e', '00', 'admin', '2016-04-14 23:58:54', '1');
INSERT INTO `iot_exec_log` VALUES ('402881485412dff80154157f361d006c', '40288148533a008f01533a21e2a7007d', '01', 'admin', '2016-04-14 23:58:59', '1');
INSERT INTO `iot_exec_log` VALUES ('402881485412dff80154157f3706006e', '40288148540f236f01540f2411320005', '01', 'admin', '2016-04-14 23:58:59', '1');
INSERT INTO `iot_exec_log` VALUES ('402881485412dff80154157f3bdf0070', '40288148533a008f01533a21e2a8007e', '00', 'admin', '2016-04-14 23:59:00', '1');
INSERT INTO `iot_exec_log` VALUES ('402881485412dff80154157f4c9b0072', '40288148533a008f01533a21e2a7007d', '01', 'admin', '2016-04-14 23:59:04', '1');
INSERT INTO `iot_exec_log` VALUES ('402881485412dff80154157f4d870074', '40288148540f236f01540f2411320005', '01', 'admin', '2016-04-14 23:59:05', '1');
INSERT INTO `iot_exec_log` VALUES ('402881485412dff80154157f525c0076', '40288148533a008f01533a21e2a8007e', '00', 'admin', '2016-04-14 23:59:06', '1');
INSERT INTO `iot_exec_log` VALUES ('402881485412dff80154157f63060078', '40288148533a008f01533a21e2a7007d', '01', 'admin', '2016-04-14 23:59:10', '1');
INSERT INTO `iot_exec_log` VALUES ('402881485412dff80154157f63e5007a', '40288148540f236f01540f2411320005', '01', 'admin', '2016-04-14 23:59:10', '1');
INSERT INTO `iot_exec_log` VALUES ('402881485412dff80154157f68bd007c', '40288148533a008f01533a21e2a8007e', '00', 'admin', '2016-04-14 23:59:12', '1');
INSERT INTO `iot_exec_log` VALUES ('402881485412dff80154157f796a007e', '40288148533a008f01533a21e2a7007d', '01', 'admin', '2016-04-14 23:59:16', '1');
INSERT INTO `iot_exec_log` VALUES ('402881485412dff80154157f7a3e0080', '40288148540f236f01540f2411320005', '01', 'admin', '2016-04-14 23:59:16', '1');
INSERT INTO `iot_exec_log` VALUES ('402881485412dff80154157f7f130082', '40288148533a008f01533a21e2a8007e', '00', 'admin', '2016-04-14 23:59:17', '1');
INSERT INTO `iot_exec_log` VALUES ('402881485412dff80154157f8fbc0084', '40288148533a008f01533a21e2a7007d', '01', 'admin', '2016-04-14 23:59:22', '1');
INSERT INTO `iot_exec_log` VALUES ('402881485412dff80154157f90a30086', '40288148540f236f01540f2411320005', '01', 'admin', '2016-04-14 23:59:22', '1');
INSERT INTO `iot_exec_log` VALUES ('402881485412dff80154157f957e0088', '40288148533a008f01533a21e2a8007e', '00', 'admin', '2016-04-14 23:59:23', '1');
INSERT INTO `iot_exec_log` VALUES ('402881485412dff80154157fa62a008a', '40288148533a008f01533a21e2a7007d', '01', 'admin', '2016-04-14 23:59:27', '1');
INSERT INTO `iot_exec_log` VALUES ('402881485412dff80154157fa6fd008c', '40288148540f236f01540f2411320005', '01', 'admin', '2016-04-14 23:59:27', '1');
INSERT INTO `iot_exec_log` VALUES ('402881485412dff80154157fabdb008e', '40288148533a008f01533a21e2a8007e', '00', 'admin', '2016-04-14 23:59:29', '1');
INSERT INTO `iot_exec_log` VALUES ('402881485412dff80154157fbc8b0090', '40288148533a008f01533a21e2a7007d', '01', 'admin', '2016-04-14 23:59:33', '1');
INSERT INTO `iot_exec_log` VALUES ('402881485412dff80154157fbd6b0092', '40288148540f236f01540f2411320005', '01', 'admin', '2016-04-14 23:59:33', '1');
INSERT INTO `iot_exec_log` VALUES ('402881485412dff80154157fc23a0094', '40288148533a008f01533a21e2a8007e', '00', 'admin', '2016-04-14 23:59:34', '1');
INSERT INTO `iot_exec_log` VALUES ('402881485412dff80154157fd2eb0096', '40288148533a008f01533a21e2a7007d', '01', 'admin', '2016-04-14 23:59:39', '1');
INSERT INTO `iot_exec_log` VALUES ('402881485412dff80154157fd3d10098', '40288148540f236f01540f2411320005', '01', 'admin', '2016-04-14 23:59:39', '1');
INSERT INTO `iot_exec_log` VALUES ('402881485412dff80154157fd8a4009a', '40288148533a008f01533a21e2a8007e', '00', 'admin', '2016-04-14 23:59:40', '1');
INSERT INTO `iot_exec_log` VALUES ('402881485412dff80154157fe947009c', '40288148533a008f01533a21e2a7007d', '01', 'admin', '2016-04-14 23:59:44', '1');
INSERT INTO `iot_exec_log` VALUES ('402881485412dff80154157fea13009e', '40288148540f236f01540f2411320005', '01', 'admin', '2016-04-14 23:59:45', '1');
INSERT INTO `iot_exec_log` VALUES ('402881485412dff80154157feee900a0', '40288148533a008f01533a21e2a8007e', '00', 'admin', '2016-04-14 23:59:46', '1');
INSERT INTO `iot_exec_log` VALUES ('402881485412dff80154157fffa700a2', '40288148533a008f01533a21e2a7007d', '01', 'admin', '2016-04-14 23:59:50', '1');
INSERT INTO `iot_exec_log` VALUES ('402881485412dff801541580009300a4', '40288148540f236f01540f2411320005', '01', 'admin', '2016-04-14 23:59:50', '1');
INSERT INTO `iot_exec_log` VALUES ('402881485412dff801541580056900a6', '40288148533a008f01533a21e2a8007e', '00', 'admin', '2016-04-14 23:59:52', '1');
INSERT INTO `iot_exec_log` VALUES ('402881485412dff801541580160e00a8', '40288148533a008f01533a21e2a7007d', '01', 'admin', '2016-04-14 23:59:56', '1');
INSERT INTO `iot_exec_log` VALUES ('402881485412dff80154158016f200aa', '40288148540f236f01540f2411320005', '01', 'admin', '2016-04-14 23:59:56', '1');
INSERT INTO `iot_exec_log` VALUES ('402881485412dff8015415801bc800ac', '40288148533a008f01533a21e2a8007e', '00', 'admin', '2016-04-14 23:59:57', '1');
INSERT INTO `iot_exec_log` VALUES ('4028814854177c0c0154177cbdd00002', '40288148540f236f01540f2411320005', '40288148535514e20153551ab71a0010', '40288009530b9c8901530bb1a1830005', '2016-04-15 09:15:31', '1');
INSERT INTO `iot_exec_log` VALUES ('4028814854177c0c0154177cc0940003', '40288148533a008f01533a21e2a8007e', '2c9ca28653163ccb015316691fab0006', '40288009530b9c8901530bb1a1830005', '2016-04-15 09:15:32', '1');
INSERT INTO `iot_exec_log` VALUES ('4028814854177c0c0154178a04760005', '40288148533a008f01533a21e2a7007d', '01', 'admin', '2016-04-15 09:30:01', '1');
INSERT INTO `iot_exec_log` VALUES ('4028814854177c0c0154178a05560007', '40288148540f236f01540f2411320005', '01', 'admin', '2016-04-15 09:30:01', '1');
INSERT INTO `iot_exec_log` VALUES ('4028814854177c0c0154178a0a260009', '40288148533a008f01533a21e2a8007e', '00', 'admin', '2016-04-15 09:30:03', '1');
INSERT INTO `iot_exec_log` VALUES ('402881485417c871015417c8717f0001', '40288148533a008f01533a21e2a7007d', '01', 'admin', '2016-04-15 10:38:12', '1');
INSERT INTO `iot_exec_log` VALUES ('402881485417c871015417c8726b0003', '40288148540f236f01540f2411320005', '01', 'admin', '2016-04-15 10:38:13', '1');
INSERT INTO `iot_exec_log` VALUES ('402881485417c871015417c8773d0005', '40288148533a008f01533a21e2a8007e', '00', 'admin', '2016-04-15 10:38:14', '1');
INSERT INTO `iot_exec_log` VALUES ('402881485418a7da015418a83c220002', '402881f1540effee01540f017d180004', '402881f15412752501541275f1200003', '402881485412dff80154131b8c820012', '2016-04-15 14:42:39', '0');
INSERT INTO `iot_exec_log` VALUES ('402881485418a7da015418a89ff90003', '402881f1540effee01540f017d180004', '402881f1541885c7015418878cc80004', '402881485412dff80154131b8c820012', '2016-04-15 14:43:04', '0');
INSERT INTO `iot_exec_log` VALUES ('402881485418a7da015418a8a2da0004', '402881f1540effee01540f017d180004', '402881f1541885c7015418878cc80004', '402881485412dff80154131b8c820012', '2016-04-15 14:43:05', '0');
INSERT INTO `iot_exec_log` VALUES ('402881485418a7da015418a8a3c30005', '402881f1540effee01540f017d180004', '402881f1541885c7015418878cc80004', '402881485412dff80154131b8c820012', '2016-04-15 14:43:05', '0');
INSERT INTO `iot_exec_log` VALUES ('402881485418a7da015418a8a47a0006', '402881f1540effee01540f017d180004', '402881f1541885c7015418878cc80004', '402881485412dff80154131b8c820012', '2016-04-15 14:43:05', '0');
INSERT INTO `iot_exec_log` VALUES ('402881485418a7da015418a8b2a60007', '402881f1540effee01540f017d180004', '402881f1541885c7015418878cc80004', '402881485412dff80154131b8c820012', '2016-04-15 14:43:09', '0');
INSERT INTO `iot_exec_log` VALUES ('402881485418a7da015418a8b7970008', '402881f1540effee01540f017d180004', '402881f1541885c7015418878cc80004', '402881485412dff80154131b8c820012', '2016-04-15 14:43:10', '0');
INSERT INTO `iot_exec_log` VALUES ('402881485418a9d1015418b340c7000a', '402881f1540effee01540f017d180004', '402881f1541885c7015418878cc80004', '402881485412dff80154131b8c820012', '2016-04-15 14:54:41', '0');
INSERT INTO `iot_exec_log` VALUES ('402881485418b41a015418b42c4d0002', '402881f1540effee01540f017d180004', '402881f1541885c7015418878cc80004', '402881485412dff80154131b8c820012', '2016-04-15 14:55:41', '0');
INSERT INTO `iot_exec_log` VALUES ('402881485418b41a015418b4496f0003', '402881f1540effee01540f017d180004', '402881f15412752501541275f1200003', '402881485412dff80154131b8c820012', '2016-04-15 14:55:49', '0');
INSERT INTO `iot_exec_log` VALUES ('402881485418b41a015418b4d25b0006', '402881f1540effee01540f017d180004', '402881f1541885c7015418878cc80004', '40288148532bfee801532c00a0930012', '2016-04-15 14:56:24', '0');
INSERT INTO `iot_exec_log` VALUES ('402881485418b41a015418b512680007', '402881f1540effee01540f017d180004', '402881f15412752501541275f1200003', '40288148532bfee801532c00a0930012', '2016-04-15 14:56:40', '0');
INSERT INTO `iot_exec_log` VALUES ('402881485418b41a015418b7d5650008', '402881f1540effee01540f017d180004', '402881f1541885c7015418878cc80004', '40288148532bfee801532c00a0930012', '2016-04-15 14:59:41', '0');
INSERT INTO `iot_exec_log` VALUES ('402881485418b41a015418b84acd0009', '402881f1540effee01540f017d180004', '402881f15412752501541275f1200003', '40288148532bfee801532c00a0930012', '2016-04-15 15:00:11', '0');
INSERT INTO `iot_exec_log` VALUES ('40288148542e0a2701542e0a5a2e0002', '402881f1540effee01540f017d180004', '402881f1541885c7015418878cc80004', '402881485412dff80154131b8c820012', '2016-04-19 18:21:51', '0');
INSERT INTO `iot_exec_log` VALUES ('40288148542e0a2701542e0abbbd0003', '402881f1540effee01540f017d180004', '402881f15412752501541275a92e0002', '402881485412dff80154131b8c820012', '2016-04-19 18:22:15', '0');
INSERT INTO `iot_exec_log` VALUES ('40288148542e0a2701542e0b02660004', '402881f1540effee01540f017d180004', '402881f15412752501541275a92e0002', '402881485412dff80154131b8c820012', '2016-04-19 18:22:34', '0');
INSERT INTO `iot_exec_log` VALUES ('40288148542e0a2701542e0b49340005', '402881f1540effee01540f017d180004', '402881f15412752501541275a92e0002', '402881485412dff80154131b8c820012', '2016-04-19 18:22:52', '1');
INSERT INTO `iot_exec_log` VALUES ('40288148542e0a2701542e0b72930006', '402881f1540effee01540f017d180004', '402881f15412752501541275f1200003', '402881485412dff80154131b8c820012', '2016-04-19 18:23:02', '1');
INSERT INTO `iot_exec_log` VALUES ('40288148542e0a2701542e0b7db40007', '402881f1540effee01540f017d180004', '402881f15412752501541275f1200003', '402881485412dff80154131b8c820012', '2016-04-19 18:23:05', '1');
INSERT INTO `iot_exec_log` VALUES ('40288148542e0a2701542e1037640008', '402881f1540effee01540f017d180004', '402881f15412752501541275f1200003', '402881485412dff80154131b8c820012', '2016-04-19 18:28:15', '1');
INSERT INTO `iot_exec_log` VALUES ('40288148542e0a2701542e39cbe4000b', '402881f1540effee01540f017d180004', '402881f1541885c7015418878cc80004', '402881485412dff80154131b8c820012', '2016-04-19 19:13:40', '1');
INSERT INTO `iot_exec_log` VALUES ('40288148542e0a2701542e743d3a000e', '402881f1540effee01540f017d180004', '402881f15412752501541275a92e0002', '402881485412dff80154131b8c820012', '2016-04-19 20:17:30', '1');
INSERT INTO `iot_exec_log` VALUES ('40288148542e0a2701542e85c946000f', '402881f153c69c9a0153c6a9121b0014', '4028814853c640db0153c64be15b0003', '402881485412dff80154131b8c820012', '2016-04-19 20:36:40', '0');
INSERT INTO `iot_exec_log` VALUES ('40288148542e0a2701542e85d0510010', '402881f153c69c9a0153c6a9121b0014', '4028814853c640db0153c64be15b0003', '402881485412dff80154131b8c820012', '2016-04-19 20:36:42', '0');
INSERT INTO `iot_exec_log` VALUES ('40288148542e0a2701542e9203740011', '402881f1540effee01540f017d180004', '402881f15412752501541275f1200003', '402881485412dff80154131b8c820012', '2016-04-19 20:50:01', '1');
INSERT INTO `iot_exec_log` VALUES ('40288148542e0a2701542e9206020012', '402881f1540effee01540f017d180004', '402881f15412752501541275f1200003', '402881485412dff80154131b8c820012', '2016-04-19 20:50:02', '1');
INSERT INTO `iot_exec_log` VALUES ('40288148542e0a2701542e9870e50013', '402881f1540effee01540f017d180004', '402881f15412752501541275f1200003', '402881485412dff80154131b8c820012', '2016-04-19 20:57:02', '1');
INSERT INTO `iot_exec_log` VALUES ('402881f154084602015408515fea0005', '4028814853c63d0f0153c63d92ee0005', '4028814853c640db0153c64be15b0003', '40288148532bfee801532c00a0930012', '2016-04-12 10:33:51', '0');
INSERT INTO `iot_exec_log` VALUES ('402881f15408460201540851620a0006', '4028814853c63d0f0153c63d92ee0005', '4028814853c640db0153c64be15b0003', '40288148532bfee801532c00a0930012', '2016-04-12 10:33:51', '0');
INSERT INTO `iot_exec_log` VALUES ('402881f1540846020154085162d20007', '4028814853c63d0f0153c63d92ee0005', '4028814853c640db0153c64be15b0003', '40288148532bfee801532c00a0930012', '2016-04-12 10:33:52', '0');
INSERT INTO `iot_exec_log` VALUES ('402881f1540846020154085167280008', '4028814853c63d0f0153c63d92ee0005', '4028814853c640db0153c64be15b0003', '40288148532bfee801532c00a0930012', '2016-04-12 10:33:53', '0');
INSERT INTO `iot_exec_log` VALUES ('402881f154084602015408516c0e0009', '4028814853c63d0f0153c63d92ef0007', '4028814853c640db0153c64cd9080006', '40288148532bfee801532c00a0930012', '2016-04-12 10:33:54', '0');
INSERT INTO `iot_exec_log` VALUES ('402881f154084602015408516cf0000a', '4028814853c63d0f0153c63d92ef0007', '4028814853c640db0153c64cd9080006', '40288148532bfee801532c00a0930012', '2016-04-12 10:33:54', '0');
INSERT INTO `iot_exec_log` VALUES ('402881f154084602015408516dca000b', '4028814853c63d0f0153c63d92ef0007', '4028814853c640db0153c64cd9080006', '40288148532bfee801532c00a0930012', '2016-04-12 10:33:54', '0');
INSERT INTO `iot_exec_log` VALUES ('402881f154084602015408516e92000c', '4028814853c63d0f0153c63d92ef0007', '4028814853c640db0153c64cd9080006', '40288148532bfee801532c00a0930012', '2016-04-12 10:33:55', '0');
INSERT INTO `iot_exec_log` VALUES ('402881f154084602015408516f52000d', '4028814853c63d0f0153c63d92ef0007', '4028814853c640db0153c64cd9080006', '40288148532bfee801532c00a0930012', '2016-04-12 10:33:55', '0');
INSERT INTO `iot_exec_log` VALUES ('402881f15408460201540851701f000e', '4028814853c63d0f0153c63d92ef0007', '4028814853c640db0153c64cd9080006', '40288148532bfee801532c00a0930012', '2016-04-12 10:33:55', '0');
INSERT INTO `iot_exec_log` VALUES ('402881f15408460201540851777b000f', '4028814853c63d0f0153c63d92ee0005', '4028814853c640db0153c64be15b0003', '40288148532bfee801532c00a0930012', '2016-04-12 10:33:57', '0');
INSERT INTO `iot_exec_log` VALUES ('402881f1540846020154085178600010', '4028814853c63d0f0153c63d92ee0005', '4028814853c640db0153c64be15b0003', '40288148532bfee801532c00a0930012', '2016-04-12 10:33:57', '0');
INSERT INTO `iot_exec_log` VALUES ('402881f154084602015408517cad0011', '4028814853c63d0f0153c63d92ee0005', '4028814853c640db0153c64be15b0003', '40288148532bfee801532c00a0930012', '2016-04-12 10:33:58', '0');
INSERT INTO `iot_exec_log` VALUES ('402881f154084602015408517d890012', '4028814853c63d0f0153c63d92ee0005', '4028814853c640db0153c64be15b0003', '40288148532bfee801532c00a0930012', '2016-04-12 10:33:58', '0');
INSERT INTO `iot_exec_log` VALUES ('402881f1540846020154085180a60013', '4028814853c640db0153c64dacbb0009', '4028814853c640db0153c64d247d0008', '40288148532bfee801532c00a0930012', '2016-04-12 10:33:59', '0');
INSERT INTO `iot_exec_log` VALUES ('402881f1540846020154085181610014', '4028814853c640db0153c64dacbb0009', '4028814853c640db0153c64d247d0008', '40288148532bfee801532c00a0930012', '2016-04-12 10:33:59', '0');
INSERT INTO `iot_exec_log` VALUES ('402881f1540846020154085182600015', '4028814853c640db0153c64dacbb0009', '4028814853c640db0153c64d247d0008', '40288148532bfee801532c00a0930012', '2016-04-12 10:34:00', '0');
INSERT INTO `iot_exec_log` VALUES ('402881f1540846020154085183a10016', '4028814853c640db0153c64dacbb0009', '4028814853c640db0153c64d247d0008', '40288148532bfee801532c00a0930012', '2016-04-12 10:34:00', '0');
INSERT INTO `iot_exec_log` VALUES ('402881f1540846020154085184620017', '4028814853c640db0153c64dacbb0009', '4028814853c640db0153c64d247d0008', '40288148532bfee801532c00a0930012', '2016-04-12 10:34:00', '0');
INSERT INTO `iot_exec_log` VALUES ('402881f1540846020154085185f10018', '4028814853c640db0153c64dacbb0009', '4028814853c640db0153c64d247d0008', '40288148532bfee801532c00a0930012', '2016-04-12 10:34:01', '0');
INSERT INTO `iot_exec_log` VALUES ('402881f1540846020154085187590019', '4028814853c640db0153c64dacbb0009', '4028814853c640db0153c64d247d0008', '40288148532bfee801532c00a0930012', '2016-04-12 10:34:01', '0');
INSERT INTO `iot_exec_log` VALUES ('402881f154084602015408518815001a', '4028814853c640db0153c64dacbb0009', '4028814853c640db0153c64d247d0008', '40288148532bfee801532c00a0930012', '2016-04-12 10:34:01', '0');
INSERT INTO `iot_exec_log` VALUES ('402881f154084602015408518dff001b', '4028814853c640db0153c64dacbb0009', '4028814853c640db0153c64d247d0008', '40288148532bfee801532c00a0930012', '2016-04-12 10:34:03', '0');
INSERT INTO `iot_exec_log` VALUES ('402881f154084602015408518eb6001c', '4028814853c640db0153c64dacbb0009', '4028814853c640db0153c64d247d0008', '40288148532bfee801532c00a0930012', '2016-04-12 10:34:03', '0');
INSERT INTO `iot_exec_log` VALUES ('402881f154084602015408518f90001d', '4028814853c640db0153c64dacbb0009', '4028814853c640db0153c64d247d0008', '40288148532bfee801532c00a0930012', '2016-04-12 10:34:03', '0');
INSERT INTO `iot_exec_log` VALUES ('402881f154084602015408519059001e', '4028814853c640db0153c64dacbb0009', '4028814853c640db0153c64d247d0008', '40288148532bfee801532c00a0930012', '2016-04-12 10:34:03', '0');
INSERT INTO `iot_exec_log` VALUES ('402881f154084602015408519121001f', '4028814853c640db0153c64dacbb0009', '4028814853c640db0153c64d247d0008', '40288148532bfee801532c00a0930012', '2016-04-12 10:34:03', '0');
INSERT INTO `iot_exec_log` VALUES ('402881f1540846020154085192810020', '4028814853c640db0153c64dacbb0009', '4028814853c640db0153c64d247d0008', '40288148532bfee801532c00a0930012', '2016-04-12 10:34:04', '0');
INSERT INTO `iot_exec_log` VALUES ('402881f15408460201540851970c0021', '4028814853c63d0f0153c63d92ef0007', '4028814853c640db0153c64cd9080006', '40288148532bfee801532c00a0930012', '2016-04-12 10:34:05', '0');
INSERT INTO `iot_exec_log` VALUES ('402881f1540846020154085197d20022', '4028814853c63d0f0153c63d92ef0007', '4028814853c640db0153c64cd9080006', '40288148532bfee801532c00a0930012', '2016-04-12 10:34:05', '0');
INSERT INTO `iot_exec_log` VALUES ('402881f1540846020154085198ab0023', '4028814853c63d0f0153c63d92ef0007', '4028814853c640db0153c64cd9080006', '40288148532bfee801532c00a0930012', '2016-04-12 10:34:05', '0');
INSERT INTO `iot_exec_log` VALUES ('402881f15408460201540851997a0024', '4028814853c63d0f0153c63d92ef0007', '4028814853c640db0153c64cd9080006', '40288148532bfee801532c00a0930012', '2016-04-12 10:34:06', '0');
INSERT INTO `iot_exec_log` VALUES ('402881f154084602015408519a3d0025', '4028814853c63d0f0153c63d92ef0007', '4028814853c640db0153c64cd9080006', '40288148532bfee801532c00a0930012', '2016-04-12 10:34:06', '0');
INSERT INTO `iot_exec_log` VALUES ('402881f154084602015408519b100026', '4028814853c63d0f0153c63d92ef0007', '4028814853c640db0153c64cd9080006', '40288148532bfee801532c00a0930012', '2016-04-12 10:34:06', '0');
INSERT INTO `iot_exec_log` VALUES ('402881f154084602015408519bd00027', '4028814853c63d0f0153c63d92ef0007', '4028814853c640db0153c64cd9080006', '40288148532bfee801532c00a0930012', '2016-04-12 10:34:06', '0');
INSERT INTO `iot_exec_log` VALUES ('402881f154084602015408519c900028', '4028814853c63d0f0153c63d92ef0007', '4028814853c640db0153c64cd9080006', '40288148532bfee801532c00a0930012', '2016-04-12 10:34:06', '0');
INSERT INTO `iot_exec_log` VALUES ('402881f154084602015408519d620029', '4028814853c63d0f0153c63d92ef0007', '4028814853c640db0153c64cd9080006', '40288148532bfee801532c00a0930012', '2016-04-12 10:34:07', '0');
INSERT INTO `iot_exec_log` VALUES ('402881f154084602015408519e31002a', '4028814853c63d0f0153c63d92ef0007', '4028814853c640db0153c64cd9080006', '40288148532bfee801532c00a0930012', '2016-04-12 10:34:07', '0');
INSERT INTO `iot_exec_log` VALUES ('402881f15408460201540851aad0002b', '4028814853c63d0f0153c63d92ee0005', '4028814853c640db0153c64be15b0003', '40288148532bfee801532c00a0930012', '2016-04-12 10:34:10', '0');
INSERT INTO `iot_exec_log` VALUES ('402881f15408460201540851af60002c', '4028814853c63d0f0153c63d92ee0005', '4028814853c640db0153c64be15b0003', '40288148532bfee801532c00a0930012', '2016-04-12 10:34:11', '0');
INSERT INTO `iot_exec_log` VALUES ('402881f15408460201540851b248002d', '4028814853c63d0f0153c63d92ee0005', '4028814853c640db0153c64be15b0003', '40288148532bfee801532c00a0930012', '2016-04-12 10:34:12', '0');
INSERT INTO `iot_exec_log` VALUES ('402881f15408460201540851b635002e', '4028814853c63d0f0153c63d92ee0005', '4028814853c640db0153c64be15b0003', '40288148532bfee801532c00a0930012', '2016-04-12 10:34:13', '0');
INSERT INTO `iot_exec_log` VALUES ('402881f15408460201540851b717002f', '4028814853c63d0f0153c63d92ee0005', '4028814853c640db0153c64be15b0003', '40288148532bfee801532c00a0930012', '2016-04-12 10:34:13', '0');
INSERT INTO `iot_exec_log` VALUES ('402881f15408460201540851b8300030', '4028814853c63d0f0153c63d92ee0005', '4028814853c640db0153c64be15b0003', '40288148532bfee801532c00a0930012', '2016-04-12 10:34:13', '0');
INSERT INTO `iot_exec_log` VALUES ('402881f15408460201540851bcc10031', '402881f153c69c9a0153c6a9121b0014', '4028814853c640db0153c64bbe220002', '40288148532bfee801532c00a0930012', '2016-04-12 10:34:15', '0');
INSERT INTO `iot_exec_log` VALUES ('402881f15408460201540851c0c30032', '402881f153c69c9a0153c6a9121b0014', '4028814853c640db0153c64bbe220002', '40288148532bfee801532c00a0930012', '2016-04-12 10:34:16', '0');
INSERT INTO `iot_exec_log` VALUES ('402881f15408460201540851c1a50033', '402881f153c69c9a0153c6a9121b0014', '4028814853c640db0153c64bbe220002', '40288148532bfee801532c00a0930012', '2016-04-12 10:34:16', '0');
INSERT INTO `iot_exec_log` VALUES ('402881f15408460201540851c6980034', '4028814853c63d0f0153c63d92ee0005', '4028814853c640db0153c64be15b0003', '40288148532bfee801532c00a0930012', '2016-04-12 10:34:17', '0');
INSERT INTO `iot_exec_log` VALUES ('402881f15408460201540851c9f50035', '4028814853c63d0f0153c63d92ee0005', '4028814853c640db0153c64be15b0003', '40288148532bfee801532c00a0930012', '2016-04-12 10:34:18', '0');
INSERT INTO `iot_exec_log` VALUES ('402881f15408460201540851cbda0036', '4028814853c63d0f0153c63d92ee0005', '4028814853c640db0153c64be15b0003', '40288148532bfee801532c00a0930012', '2016-04-12 10:34:18', '0');
INSERT INTO `iot_exec_log` VALUES ('402881f15408460201540861b72e0037', '4028814853c63d0f0153c63d92ee0005', '4028814853c640db0153c64be15b0003', '40288148532bfee801532c00a0930012', '2016-04-12 10:51:42', '0');
INSERT INTO `iot_exec_log` VALUES ('402881f15408460201540861ba350038', '4028814853c63d0f0153c63d92ee0005', '4028814853c640db0153c64be15b0003', '40288148532bfee801532c00a0930012', '2016-04-12 10:51:43', '0');
INSERT INTO `iot_exec_log` VALUES ('402881f15408460201540861bc720039', '4028814853c63d0f0153c63d92ee0005', '4028814853c640db0153c64be15b0003', '40288148532bfee801532c00a0930012', '2016-04-12 10:51:43', '0');
INSERT INTO `iot_exec_log` VALUES ('402881f15408460201540862eeee003a', '4028814853c63d0f0153c63d92ee0005', '4028814853c640db0153c64be15b0003', '40288148532bfee801532c00a0930012', '2016-04-12 10:53:02', '0');
INSERT INTO `iot_exec_log` VALUES ('402881f15408460201540862f77a003b', '4028814853c640db0153c64dacbb0009', '4028814853c640db0153c64d247d0008', '40288148532bfee801532c00a0930012', '2016-04-12 10:53:04', '0');
INSERT INTO `iot_exec_log` VALUES ('402881f15408460201540862fdb3003c', '4028814853c63d0f0153c63d92ef0007', '4028814853c640db0153c64cd9080006', '40288148532bfee801532c00a0930012', '2016-04-12 10:53:05', '0');
INSERT INTO `iot_exec_log` VALUES ('402881f1540846020154086303b8003d', '4028814853c640db0153c64dacbb0009', '4028814853c640db0153c64d247d0008', '40288148532bfee801532c00a0930012', '2016-04-12 10:53:07', '0');
INSERT INTO `iot_exec_log` VALUES ('402881f154084602015408630b9b003e', '4028814853c63d0f0153c63d92ee0005', '4028814853c640db0153c64be15b0003', '40288148532bfee801532c00a0930012', '2016-04-12 10:53:09', '0');
INSERT INTO `iot_exec_log` VALUES ('402881f154084602015408630eff003f', '4028814853c63d0f0153c63d92ee0005', '4028814853c640db0153c64be15b0003', '40288148532bfee801532c00a0930012', '2016-04-12 10:53:10', '0');
INSERT INTO `iot_exec_log` VALUES ('402881f1540846020154086310a80040', '4028814853c63d0f0153c63d92ee0005', '4028814853c640db0153c64be15b0003', '40288148532bfee801532c00a0930012', '2016-04-12 10:53:10', '0');
INSERT INTO `iot_exec_log` VALUES ('402881f154084602015408631e4a0041', '402881f153c69c9a0153c6a9121b0014', '4028814853c640db0153c64bbe220002', '40288148532bfee801532c00a0930012', '2016-04-12 10:53:14', '0');
INSERT INTO `iot_exec_log` VALUES ('402881f1540846020154086409000042', '4028814853c63d0f0153c63d92ee0005', '4028814853c640db0153c64be15b0003', '40288148532bfee801532c00a0930012', '2016-04-12 10:54:14', '0');
INSERT INTO `iot_exec_log` VALUES ('402881f1540846020154086724fb0043', '4028814853c63d0f0153c63d92ee0005', '402881f153c645b80153c671f8ee0005', '40288148532bfee801532c00a0930012', '2016-04-12 10:57:38', '0');
INSERT INTO `iot_exec_log` VALUES ('402881f1540846020154086731270044', '4028814853c63d0f0153c63d92ee0005', '402881f153c645b80153c671f8ee0005', '40288148532bfee801532c00a0930012', '2016-04-12 10:57:41', '0');
INSERT INTO `iot_exec_log` VALUES ('402881f1540846020154086735780045', '4028814853c63d0f0153c63d92ee0005', '402881f153c645b80153c671f8ee0005', '40288148532bfee801532c00a0930012', '2016-04-12 10:57:42', '0');
INSERT INTO `iot_exec_log` VALUES ('402881f15408460201540867403e0046', '4028814853c63d0f0153c63d92ee0005', '402881f153c645b80153c671f8ee0005', '40288148532bfee801532c00a0930012', '2016-04-12 10:57:45', '0');
INSERT INTO `iot_exec_log` VALUES ('402881f1540846020154086740f90047', '4028814853c63d0f0153c63d92ee0005', '402881f153c645b80153c671f8ee0005', '40288148532bfee801532c00a0930012', '2016-04-12 10:57:45', '0');
INSERT INTO `iot_exec_log` VALUES ('402881f1540846020154086741b30048', '4028814853c63d0f0153c63d92ee0005', '402881f153c645b80153c671f8ee0005', '40288148532bfee801532c00a0930012', '2016-04-12 10:57:45', '0');
INSERT INTO `iot_exec_log` VALUES ('402881f15408460201540867426d0049', '4028814853c63d0f0153c63d92ee0005', '402881f153c645b80153c671f8ee0005', '40288148532bfee801532c00a0930012', '2016-04-12 10:57:45', '0');
INSERT INTO `iot_exec_log` VALUES ('402881f15408460201540867432b004a', '4028814853c63d0f0153c63d92ee0005', '402881f153c645b80153c671f8ee0005', '40288148532bfee801532c00a0930012', '2016-04-12 10:57:45', '0');
INSERT INTO `iot_exec_log` VALUES ('402881f1540846020154086953b8004b', '4028814853c63d0f0153c63d92ee0005', '402881f153c645b80153c671f8ee0005', '40288148532bfee801532c00a0930012', '2016-04-12 11:00:01', '0');
INSERT INTO `iot_exec_log` VALUES ('402881f1540846020154086956a7004c', '4028814853c63d0f0153c63d92ee0005', '402881f153c645b80153c671f8ee0005', '40288148532bfee801532c00a0930012', '2016-04-12 11:00:01', '0');
INSERT INTO `iot_exec_log` VALUES ('402881f154084602015408695783004d', '4028814853c63d0f0153c63d92ee0005', '402881f153c645b80153c671f8ee0005', '40288148532bfee801532c00a0930012', '2016-04-12 11:00:02', '0');
INSERT INTO `iot_exec_log` VALUES ('402881f154084602015408695854004e', '4028814853c63d0f0153c63d92ee0005', '402881f153c645b80153c671f8ee0005', '40288148532bfee801532c00a0930012', '2016-04-12 11:00:02', '0');
INSERT INTO `iot_exec_log` VALUES ('402881f154084602015408695921004f', '4028814853c63d0f0153c63d92ee0005', '402881f153c645b80153c671f8ee0005', '40288148532bfee801532c00a0930012', '2016-04-12 11:00:02', '0');
INSERT INTO `iot_exec_log` VALUES ('402881f1540846020154086959e90050', '4028814853c63d0f0153c63d92ee0005', '402881f153c645b80153c671f8ee0005', '40288148532bfee801532c00a0930012', '2016-04-12 11:00:02', '0');
INSERT INTO `iot_exec_log` VALUES ('402881f154084602015408695aa90051', '4028814853c63d0f0153c63d92ee0005', '402881f153c645b80153c671f8ee0005', '40288148532bfee801532c00a0930012', '2016-04-12 11:00:02', '0');
INSERT INTO `iot_exec_log` VALUES ('402881f154084602015408695b710052', '4028814853c63d0f0153c63d92ee0005', '402881f153c645b80153c671f8ee0005', '40288148532bfee801532c00a0930012', '2016-04-12 11:00:03', '0');
INSERT INTO `iot_exec_log` VALUES ('402881f154084602015408698c220053', '4028814853c63d0f0153c63d92ee0005', '402881f153c645b80153c671f8ee0005', '40288148532bfee801532c00a0930012', '2016-04-12 11:00:15', '0');
INSERT INTO `iot_exec_log` VALUES ('402881f154084602015408698e520054', '4028814853c63d0f0153c63d92ee0005', '402881f153c645b80153c671f8ee0005', '40288148532bfee801532c00a0930012', '2016-04-12 11:00:16', '0');
INSERT INTO `iot_exec_log` VALUES ('402881f154084602015408698f2b0055', '4028814853c63d0f0153c63d92ee0005', '402881f153c645b80153c671f8ee0005', '40288148532bfee801532c00a0930012', '2016-04-12 11:00:16', '0');
INSERT INTO `iot_exec_log` VALUES ('402881f154084602015408698ffc0056', '4028814853c63d0f0153c63d92ee0005', '402881f153c645b80153c671f8ee0005', '40288148532bfee801532c00a0930012', '2016-04-12 11:00:16', '0');
INSERT INTO `iot_exec_log` VALUES ('402881f1540846020154086990b90057', '4028814853c63d0f0153c63d92ee0005', '402881f153c645b80153c671f8ee0005', '40288148532bfee801532c00a0930012', '2016-04-12 11:00:16', '0');
INSERT INTO `iot_exec_log` VALUES ('402881f15408460201540869916b0058', '4028814853c63d0f0153c63d92ee0005', '402881f153c645b80153c671f8ee0005', '40288148532bfee801532c00a0930012', '2016-04-12 11:00:16', '0');
INSERT INTO `iot_exec_log` VALUES ('402881f1540846020154086992230059', '4028814853c63d0f0153c63d92ee0005', '402881f153c645b80153c671f8ee0005', '40288148532bfee801532c00a0930012', '2016-04-12 11:00:17', '0');
INSERT INTO `iot_exec_log` VALUES ('402881f1540846020154086992e4005a', '4028814853c63d0f0153c63d92ee0005', '402881f153c645b80153c671f8ee0005', '40288148532bfee801532c00a0930012', '2016-04-12 11:00:17', '0');
INSERT INTO `iot_exec_log` VALUES ('402881f15408460201540869939b005b', '4028814853c63d0f0153c63d92ee0005', '402881f153c645b80153c671f8ee0005', '40288148532bfee801532c00a0930012', '2016-04-12 11:00:17', '0');
INSERT INTO `iot_exec_log` VALUES ('402881f154084602015408699465005c', '4028814853c63d0f0153c63d92ee0005', '402881f153c645b80153c671f8ee0005', '40288148532bfee801532c00a0930012', '2016-04-12 11:00:17', '0');
INSERT INTO `iot_exec_log` VALUES ('402881f154084602015408699523005d', '4028814853c63d0f0153c63d92ee0005', '402881f153c645b80153c671f8ee0005', '40288148532bfee801532c00a0930012', '2016-04-12 11:00:17', '0');
INSERT INTO `iot_exec_log` VALUES ('402881f1540846020154086995e3005e', '4028814853c63d0f0153c63d92ee0005', '402881f153c645b80153c671f8ee0005', '40288148532bfee801532c00a0930012', '2016-04-12 11:00:18', '0');
INSERT INTO `iot_exec_log` VALUES ('402881f15408460201540869968b005f', '4028814853c63d0f0153c63d92ee0005', '402881f153c645b80153c671f8ee0005', '40288148532bfee801532c00a0930012', '2016-04-12 11:00:18', '0');
INSERT INTO `iot_exec_log` VALUES ('402881f15408460201540869975b0060', '4028814853c63d0f0153c63d92ee0005', '402881f153c645b80153c671f8ee0005', '40288148532bfee801532c00a0930012', '2016-04-12 11:00:18', '0');
INSERT INTO `iot_exec_log` VALUES ('402881f15408460201540869b8290061', '4028814853c63d0f0153c63d92ee0005', '402881f153c645b80153c671f8ee0005', '40288148532bfee801532c00a0930012', '2016-04-12 11:00:26', '0');
INSERT INTO `iot_exec_log` VALUES ('402881f1540846020154086a42df0062', '4028814853c63d0f0153c63d92ee0005', '402881f153c645b80153c671f8ee0005', '40288148532bfee801532c00a0930012', '2016-04-12 11:01:02', '0');
INSERT INTO `iot_exec_log` VALUES ('402881f1540846020154086a48c20063', '4028814853c63d0f0153c63d92ee0005', '402881f153c645b80153c671f8ee0005', '40288148532bfee801532c00a0930012', '2016-04-12 11:01:03', '0');
INSERT INTO `iot_exec_log` VALUES ('402881f1540846020154086a4b7b0064', '4028814853c63d0f0153c63d92ee0005', '402881f153c645b80153c671f8ee0005', '40288148532bfee801532c00a0930012', '2016-04-12 11:01:04', '0');
INSERT INTO `iot_exec_log` VALUES ('402881f1540846020154086a4c870065', '4028814853c63d0f0153c63d92ee0005', '402881f153c645b80153c671f8ee0005', '40288148532bfee801532c00a0930012', '2016-04-12 11:01:04', '0');
INSERT INTO `iot_exec_log` VALUES ('402881f1540846020154086a4d630066', '4028814853c63d0f0153c63d92ee0005', '402881f153c645b80153c671f8ee0005', '40288148532bfee801532c00a0930012', '2016-04-12 11:01:04', '0');
INSERT INTO `iot_exec_log` VALUES ('402881f1540846020154086a4e430067', '4028814853c63d0f0153c63d92ee0005', '402881f153c645b80153c671f8ee0005', '40288148532bfee801532c00a0930012', '2016-04-12 11:01:05', '0');
INSERT INTO `iot_exec_log` VALUES ('402881f1540846020154086a4f220068', '4028814853c63d0f0153c63d92ee0005', '402881f153c645b80153c671f8ee0005', '40288148532bfee801532c00a0930012', '2016-04-12 11:01:05', '0');
INSERT INTO `iot_exec_log` VALUES ('402881f1540846020154086a52d10069', '4028814853c63d0f0153c63d92ee0005', '402881f153c645b80153c671f8ee0005', '40288148532bfee801532c00a0930012', '2016-04-12 11:01:06', '0');
INSERT INTO `iot_exec_log` VALUES ('402881f1540846020154086a5551006a', '4028814853c63d0f0153c63d92ee0005', '402881f153c645b80153c671f8ee0005', '40288148532bfee801532c00a0930012', '2016-04-12 11:01:07', '0');
INSERT INTO `iot_exec_log` VALUES ('402881f1540846020154086a5663006b', '4028814853c63d0f0153c63d92ee0005', '402881f153c645b80153c671f8ee0005', '40288148532bfee801532c00a0930012', '2016-04-12 11:01:07', '0');
INSERT INTO `iot_exec_log` VALUES ('402881f1540846020154086a5756006c', '4028814853c63d0f0153c63d92ee0005', '402881f153c645b80153c671f8ee0005', '40288148532bfee801532c00a0930012', '2016-04-12 11:01:07', '0');
INSERT INTO `iot_exec_log` VALUES ('402881f1540846020154086b48d4006d', '4028814853c63d0f0153c63d92ee0005', '402881f153c645b80153c671f8ee0005', '40288148532bfee801532c00a0930012', '2016-04-12 11:02:09', '0');
INSERT INTO `iot_exec_log` VALUES ('402881f1540846020154086b4c8b006e', '4028814853c63d0f0153c63d92ee0005', '402881f153c645b80153c671f8ee0005', '40288148532bfee801532c00a0930012', '2016-04-12 11:02:10', '0');
INSERT INTO `iot_exec_log` VALUES ('402881f1540846020154086b4d5c006f', '4028814853c63d0f0153c63d92ee0005', '402881f153c645b80153c671f8ee0005', '40288148532bfee801532c00a0930012', '2016-04-12 11:02:10', '0');
INSERT INTO `iot_exec_log` VALUES ('402881f1540846020154086b4e3b0070', '4028814853c63d0f0153c63d92ee0005', '402881f153c645b80153c671f8ee0005', '40288148532bfee801532c00a0930012', '2016-04-12 11:02:10', '0');
INSERT INTO `iot_exec_log` VALUES ('402881f1540846020154086b4f0f0071', '4028814853c63d0f0153c63d92ee0005', '402881f153c645b80153c671f8ee0005', '40288148532bfee801532c00a0930012', '2016-04-12 11:02:10', '0');
INSERT INTO `iot_exec_log` VALUES ('402881f1540846020154086b4feb0072', '4028814853c63d0f0153c63d92ee0005', '402881f153c645b80153c671f8ee0005', '40288148532bfee801532c00a0930012', '2016-04-12 11:02:11', '0');
INSERT INTO `iot_exec_log` VALUES ('402881f1540846020154086b50bc0073', '4028814853c63d0f0153c63d92ee0005', '402881f153c645b80153c671f8ee0005', '40288148532bfee801532c00a0930012', '2016-04-12 11:02:11', '0');
INSERT INTO `iot_exec_log` VALUES ('402881f1540846020154086b6a0a0074', '4028814853c63d0f0153c63d92ee0005', '402881f153c645b80153c6758fcc0008', '40288148532bfee801532c00a0930012', '2016-04-12 11:02:17', '0');
INSERT INTO `iot_exec_log` VALUES ('402881f1540846020154086b715a0075', '4028814853c63d0f0153c63d92ee0005', '402881f153c645b80153c6758fcc0008', '40288148532bfee801532c00a0930012', '2016-04-12 11:02:19', '0');
INSERT INTO `iot_exec_log` VALUES ('402881f1540846020154086b758f0076', '4028814853c63d0f0153c63d92ee0005', '402881f153c645b80153c6758fcc0008', '40288148532bfee801532c00a0930012', '2016-04-12 11:02:20', '0');
INSERT INTO `iot_exec_log` VALUES ('402881f1540846020154086b78ac0077', '4028814853c63d0f0153c63d92ee0005', '402881f153c645b80153c6758fcc0008', '40288148532bfee801532c00a0930012', '2016-04-12 11:02:21', '0');
INSERT INTO `iot_exec_log` VALUES ('402881f1540846020154086b7afb0078', '4028814853c63d0f0153c63d92ee0005', '402881f153c645b80153c6758fcc0008', '40288148532bfee801532c00a0930012', '2016-04-12 11:02:22', '0');
INSERT INTO `iot_exec_log` VALUES ('402881f1540846020154086b7bf30079', '4028814853c63d0f0153c63d92ee0005', '402881f153c645b80153c6758fcc0008', '40288148532bfee801532c00a0930012', '2016-04-12 11:02:22', '0');
INSERT INTO `iot_exec_log` VALUES ('402881f1540846020154086b7ffc007a', '4028814853c63d0f0153c63d92ee0005', '402881f153c645b80153c6758fcc0008', '40288148532bfee801532c00a0930012', '2016-04-12 11:02:23', '0');
INSERT INTO `iot_exec_log` VALUES ('402881f1540846020154086b80eb007b', '4028814853c63d0f0153c63d92ee0005', '402881f153c645b80153c6758fcc0008', '40288148532bfee801532c00a0930012', '2016-04-12 11:02:23', '0');
INSERT INTO `iot_exec_log` VALUES ('402881f1540846020154086b81d3007c', '4028814853c63d0f0153c63d92ee0005', '402881f153c645b80153c6758fcc0008', '40288148532bfee801532c00a0930012', '2016-04-12 11:02:23', '0');
INSERT INTO `iot_exec_log` VALUES ('402881f1540846020154086b8516007d', '4028814853c63d0f0153c63d92ee0005', '402881f153c645b80153c6758fcc0008', '40288148532bfee801532c00a0930012', '2016-04-12 11:02:24', '0');
INSERT INTO `iot_exec_log` VALUES ('402881f1540846020154086b85fa007e', '4028814853c63d0f0153c63d92ee0005', '402881f153c645b80153c6758fcc0008', '40288148532bfee801532c00a0930012', '2016-04-12 11:02:25', '0');
INSERT INTO `iot_exec_log` VALUES ('402881f1540846020154086b86e2007f', '4028814853c63d0f0153c63d92ee0005', '402881f153c645b80153c6758fcc0008', '40288148532bfee801532c00a0930012', '2016-04-12 11:02:25', '0');
INSERT INTO `iot_exec_log` VALUES ('402881f1540846020154086b87b20080', '4028814853c63d0f0153c63d92ee0005', '402881f153c645b80153c6758fcc0008', '40288148532bfee801532c00a0930012', '2016-04-12 11:02:25', '0');
INSERT INTO `iot_exec_log` VALUES ('402881f1540846020154086b89440081', '4028814853c63d0f0153c63d92ee0005', '402881f153c645b80153c6758fcc0008', '40288148532bfee801532c00a0930012', '2016-04-12 11:02:25', '0');
INSERT INTO `iot_exec_log` VALUES ('402881f1540846020154086b8add0082', '4028814853c63d0f0153c63d92ee0005', '402881f153c645b80153c6758fcc0008', '40288148532bfee801532c00a0930012', '2016-04-12 11:02:26', '0');
INSERT INTO `iot_exec_log` VALUES ('402881f1540846020154086b8c540083', '4028814853c63d0f0153c63d92ee0005', '402881f153c645b80153c6758fcc0008', '40288148532bfee801532c00a0930012', '2016-04-12 11:02:26', '0');
INSERT INTO `iot_exec_log` VALUES ('402881f1540846020154086b8d220084', '4028814853c63d0f0153c63d92ee0005', '402881f153c645b80153c6758fcc0008', '40288148532bfee801532c00a0930012', '2016-04-12 11:02:26', '0');
INSERT INTO `iot_exec_log` VALUES ('402881f1540846020154086b8dda0085', '4028814853c63d0f0153c63d92ee0005', '402881f153c645b80153c6758fcc0008', '40288148532bfee801532c00a0930012', '2016-04-12 11:02:27', '0');
INSERT INTO `iot_exec_log` VALUES ('402881f1540846020154086b8f640086', '4028814853c63d0f0153c63d92ee0005', '402881f153c645b80153c6758fcc0008', '40288148532bfee801532c00a0930012', '2016-04-12 11:02:27', '0');
INSERT INTO `iot_exec_log` VALUES ('402881f1540846020154086b94930087', '4028814853c63d0f0153c63d92ee0005', '402881f153c645b80153c6758fcc0008', '40288148532bfee801532c00a0930012', '2016-04-12 11:02:28', '0');
INSERT INTO `iot_exec_log` VALUES ('402881f1540846020154086b95850088', '4028814853c63d0f0153c63d92ee0005', '402881f153c645b80153c6758fcc0008', '40288148532bfee801532c00a0930012', '2016-04-12 11:02:28', '0');
INSERT INTO `iot_exec_log` VALUES ('402881f1540846020154086b967c0089', '4028814853c63d0f0153c63d92ee0005', '402881f153c645b80153c6758fcc0008', '40288148532bfee801532c00a0930012', '2016-04-12 11:02:29', '0');
INSERT INTO `iot_exec_log` VALUES ('402881f1540846020154086b9753008a', '4028814853c63d0f0153c63d92ee0005', '402881f153c645b80153c6758fcc0008', '40288148532bfee801532c00a0930012', '2016-04-12 11:02:29', '0');
INSERT INTO `iot_exec_log` VALUES ('402881f1540846020154086b98f0008b', '4028814853c63d0f0153c63d92ee0005', '402881f153c645b80153c6758fcc0008', '40288148532bfee801532c00a0930012', '2016-04-12 11:02:29', '0');
INSERT INTO `iot_exec_log` VALUES ('402881f1540846020154086b9a8e008c', '4028814853c63d0f0153c63d92ee0005', '402881f153c645b80153c6758fcc0008', '40288148532bfee801532c00a0930012', '2016-04-12 11:02:30', '0');
INSERT INTO `iot_exec_log` VALUES ('402881f1540846020154086b9b56008d', '4028814853c63d0f0153c63d92ee0005', '402881f153c645b80153c6758fcc0008', '40288148532bfee801532c00a0930012', '2016-04-12 11:02:30', '0');
INSERT INTO `iot_exec_log` VALUES ('402881f1540846020154086b9cec008e', '4028814853c63d0f0153c63d92ee0005', '402881f153c645b80153c6758fcc0008', '40288148532bfee801532c00a0930012', '2016-04-12 11:02:30', '0');
INSERT INTO `iot_exec_log` VALUES ('402881f1540846020154086b9dc2008f', '4028814853c63d0f0153c63d92ee0005', '402881f153c645b80153c6758fcc0008', '40288148532bfee801532c00a0930012', '2016-04-12 11:02:31', '0');
INSERT INTO `iot_exec_log` VALUES ('402881f1540846020154086b9f610090', '4028814853c63d0f0153c63d92ee0005', '402881f153c645b80153c6758fcc0008', '40288148532bfee801532c00a0930012', '2016-04-12 11:02:31', '0');
INSERT INTO `iot_exec_log` VALUES ('402881f1540846020154086ba0f30091', '4028814853c63d0f0153c63d92ee0005', '402881f153c645b80153c6758fcc0008', '40288148532bfee801532c00a0930012', '2016-04-12 11:02:31', '0');
INSERT INTO `iot_exec_log` VALUES ('402881f1540846020154086ba1c20092', '4028814853c63d0f0153c63d92ee0005', '402881f153c645b80153c6758fcc0008', '40288148532bfee801532c00a0930012', '2016-04-12 11:02:32', '0');
INSERT INTO `iot_exec_log` VALUES ('402881f1540846020154086ba38c0093', '4028814853c63d0f0153c63d92ee0005', '402881f153c645b80153c6758fcc0008', '40288148532bfee801532c00a0930012', '2016-04-12 11:02:32', '0');
INSERT INTO `iot_exec_log` VALUES ('402881f1540846020154086bac9c0094', '4028814853c63d0f0153c63d92ee0005', '402881f153c645b80153c6758fcc0008', '40288148532bfee801532c00a0930012', '2016-04-12 11:02:34', '0');
INSERT INTO `iot_exec_log` VALUES ('402881f1540846020154086bad740095', '4028814853c63d0f0153c63d92ee0005', '402881f153c645b80153c6758fcc0008', '40288148532bfee801532c00a0930012', '2016-04-12 11:02:35', '0');
INSERT INTO `iot_exec_log` VALUES ('402881f1540846020154086bae6e0096', '4028814853c63d0f0153c63d92ee0005', '402881f153c645b80153c6758fcc0008', '40288148532bfee801532c00a0930012', '2016-04-12 11:02:35', '0');
INSERT INTO `iot_exec_log` VALUES ('402881f1540846020154086baf440097', '4028814853c63d0f0153c63d92ee0005', '402881f153c645b80153c6758fcc0008', '40288148532bfee801532c00a0930012', '2016-04-12 11:02:35', '0');
INSERT INTO `iot_exec_log` VALUES ('402881f1540846020154086bb0140098', '4028814853c63d0f0153c63d92ee0005', '402881f153c645b80153c6758fcc0008', '40288148532bfee801532c00a0930012', '2016-04-12 11:02:35', '0');
INSERT INTO `iot_exec_log` VALUES ('402881f1540846020154086bb0e50099', '4028814853c63d0f0153c63d92ee0005', '402881f153c645b80153c6758fcc0008', '40288148532bfee801532c00a0930012', '2016-04-12 11:02:36', '0');
INSERT INTO `iot_exec_log` VALUES ('402881f1540846020154086bb1b4009a', '4028814853c63d0f0153c63d92ee0005', '402881f153c645b80153c6758fcc0008', '40288148532bfee801532c00a0930012', '2016-04-12 11:02:36', '0');
INSERT INTO `iot_exec_log` VALUES ('402881f1540846020154086bb413009b', '4028814853c63d0f0153c63d92ee0005', '402881f153c645b80153c6758fcc0008', '40288148532bfee801532c00a0930012', '2016-04-12 11:02:36', '0');
INSERT INTO `iot_exec_log` VALUES ('402881f1540846020154086bb4c4009c', '4028814853c63d0f0153c63d92ee0005', '402881f153c645b80153c6758fcc0008', '40288148532bfee801532c00a0930012', '2016-04-12 11:02:36', '0');
INSERT INTO `iot_exec_log` VALUES ('402881f1540846020154086bb5a3009d', '4028814853c63d0f0153c63d92ee0005', '402881f153c645b80153c6758fcc0008', '40288148532bfee801532c00a0930012', '2016-04-12 11:02:37', '0');
INSERT INTO `iot_exec_log` VALUES ('402881f1540846020154086bb666009e', '4028814853c63d0f0153c63d92ee0005', '402881f153c645b80153c6758fcc0008', '40288148532bfee801532c00a0930012', '2016-04-12 11:02:37', '0');
INSERT INTO `iot_exec_log` VALUES ('402881f1540846020154086bb73c009f', '4028814853c63d0f0153c63d92ee0005', '402881f153c645b80153c6758fcc0008', '40288148532bfee801532c00a0930012', '2016-04-12 11:02:37', '0');
INSERT INTO `iot_exec_log` VALUES ('402881f1540846020154086bb7fc00a0', '4028814853c63d0f0153c63d92ee0005', '402881f153c645b80153c6758fcc0008', '40288148532bfee801532c00a0930012', '2016-04-12 11:02:37', '0');
INSERT INTO `iot_exec_log` VALUES ('402881f1540846020154086bb8dc00a1', '4028814853c63d0f0153c63d92ee0005', '402881f153c645b80153c6758fcc0008', '40288148532bfee801532c00a0930012', '2016-04-12 11:02:38', '0');
INSERT INTO `iot_exec_log` VALUES ('402881f1540846020154086bba8600a2', '4028814853c63d0f0153c63d92ee0005', '402881f153c645b80153c6758fcc0008', '40288148532bfee801532c00a0930012', '2016-04-12 11:02:38', '0');
INSERT INTO `iot_exec_log` VALUES ('402881f1540846020154086bbb5b00a3', '4028814853c63d0f0153c63d92ee0005', '402881f153c645b80153c6758fcc0008', '40288148532bfee801532c00a0930012', '2016-04-12 11:02:38', '0');
INSERT INTO `iot_exec_log` VALUES ('402881f1540846020154086bbc2400a4', '4028814853c63d0f0153c63d92ee0005', '402881f153c645b80153c6758fcc0008', '40288148532bfee801532c00a0930012', '2016-04-12 11:02:38', '0');
INSERT INTO `iot_exec_log` VALUES ('402881f1540846020154086bbcf300a5', '4028814853c63d0f0153c63d92ee0005', '402881f153c645b80153c6758fcc0008', '40288148532bfee801532c00a0930012', '2016-04-12 11:02:39', '0');
INSERT INTO `iot_exec_log` VALUES ('402881f1540846020154086cf1f900a6', '4028814853c63d0f0153c63d92ee0005', '402881f153c645b80153c671f8ee0005', '40288148532bfee801532c00a0930012', '2016-04-12 11:03:58', '0');
INSERT INTO `iot_exec_log` VALUES ('402881f15409377601540952d0ca0002', '402881485355288b0153553e8aab000e', '4028814853c640db0153c64be15b0003', '40288148532bfee801532c00a0930012', '2016-04-12 15:15:02', '0');
INSERT INTO `iot_exec_log` VALUES ('402881f15409377601540952d0ee0003', '402881485355288b0153553e8aad0010', '4028814853c640db0153c64cd9080006', '40288148532bfee801532c00a0930012', '2016-04-12 15:15:03', '0');
INSERT INTO `iot_exec_log` VALUES ('402881f15409549701540954da540002', '4028814853c63d0f0153c63d92ee0005', '4028814853c640db0153c64bbe220002', '40288148532bfee801532c00a0930012', '2016-04-12 15:17:16', '0');
INSERT INTO `iot_exec_log` VALUES ('402881f15409549701540954da760003', '4028814853c63d0f0153c63d92ef0007', '4028814853c640db0153c64c5ea40005', '40288148532bfee801532c00a0930012', '2016-04-12 15:17:16', '0');
INSERT INTO `iot_exec_log` VALUES ('402881f15409549701540954da9c0004', '4028814853c640db0153c64dacbb0009', '4028814853c640db0153c64d09670007', '40288148532bfee801532c00a0930012', '2016-04-12 15:17:16', '0');
INSERT INTO `iot_exec_log` VALUES ('402881f15409549701540954daba0005', '402881f153c69c9a0153c6a9121b0014', '4028814853c640db0153c64be15b0003', '40288148532bfee801532c00a0930012', '2016-04-12 15:17:16', '0');
INSERT INTO `iot_exec_log` VALUES ('402881f154095640015409576a580002', '402881485355288b0153553e8aab000e', '4028814853c640db0153c64be15b0003', '40288148532bfee801532c00a0930012', '2016-04-12 15:20:04', '0');
INSERT INTO `iot_exec_log` VALUES ('402881f154095640015409576a6e0003', '402881485355288b0153553e8aad0010', '4028814853c640db0153c64cd9080006', '40288148532bfee801532c00a0930012', '2016-04-12 15:20:04', '0');
INSERT INTO `iot_exec_log` VALUES ('402881f1540956400154095c64470004', '402881485355288b0153553e8aad0010', '4028814853c640db0153c64c5ea40005', '40288148532bfee801532c00a0930012', '2016-04-12 15:25:30', '0');
INSERT INTO `iot_exec_log` VALUES ('402881f1540956400154095c6c8a0005', '402881485355288b0153553e8aab000e', '4028814853c640db0153c64bbe220002', '40288148532bfee801532c00a0930012', '2016-04-12 15:25:32', '0');
INSERT INTO `iot_exec_log` VALUES ('402881f1540956400154095d975e0006', '402881f153c69c9a0153c6a9121b0014', '4028814853c640db0153c64bbe220002', '40288148532bfee801532c00a0930012', '2016-04-12 15:26:49', '0');
INSERT INTO `iot_exec_log` VALUES ('402881f1540956400154095da2660007', '4028814853c63d0f0153c63d92ee0005', '4028814853c640db0153c64bbe220002', '40288148532bfee801532c00a0930012', '2016-04-12 15:26:52', '0');
INSERT INTO `iot_exec_log` VALUES ('402881f1540956400154095da2850008', '4028814853c63d0f0153c63d92ef0007', '4028814853c640db0153c64c5ea40005', '40288148532bfee801532c00a0930012', '2016-04-12 15:26:52', '0');
INSERT INTO `iot_exec_log` VALUES ('402881f1540956400154095da2a20009', '4028814853c640db0153c64dacbb0009', '4028814853c640db0153c64d09670007', '40288148532bfee801532c00a0930012', '2016-04-12 15:26:52', '0');
INSERT INTO `iot_exec_log` VALUES ('402881f1540956400154095da2c3000a', '402881f153c69c9a0153c6a9121b0014', '4028814853c640db0153c64be15b0003', '40288148532bfee801532c00a0930012', '2016-04-12 15:26:52', '0');
INSERT INTO `iot_exec_log` VALUES ('402881f1540956400154095dfc1d000b', '4028814853c63d0f0153c63d92ee0005', '4028814853c640db0153c64bbe220002', '40288148532bfee801532c00a0930012', '2016-04-12 15:27:14', '0');
INSERT INTO `iot_exec_log` VALUES ('402881f1540956400154095dfc38000c', '4028814853c63d0f0153c63d92ef0007', '4028814853c640db0153c64c5ea40005', '40288148532bfee801532c00a0930012', '2016-04-12 15:27:15', '0');
INSERT INTO `iot_exec_log` VALUES ('402881f1540956400154095dfc58000d', '4028814853c640db0153c64dacbb0009', '4028814853c640db0153c64d09670007', '40288148532bfee801532c00a0930012', '2016-04-12 15:27:15', '0');
INSERT INTO `iot_exec_log` VALUES ('402881f1540956400154095dfc72000e', '402881f153c69c9a0153c6a9121b0014', '4028814853c640db0153c64be15b0003', '40288148532bfee801532c00a0930012', '2016-04-12 15:27:15', '0');
INSERT INTO `iot_exec_log` VALUES ('402881f1540956400154095e45ec000f', '4028814853c63d0f0153c63d92ee0005', '4028814853c640db0153c64bbe220002', '40288148532bfee801532c00a0930012', '2016-04-12 15:27:33', '0');
INSERT INTO `iot_exec_log` VALUES ('402881f1540956400154095e46110010', '4028814853c63d0f0153c63d92ef0007', '4028814853c640db0153c64c5ea40005', '40288148532bfee801532c00a0930012', '2016-04-12 15:27:33', '0');
INSERT INTO `iot_exec_log` VALUES ('402881f1540956400154095e462f0011', '4028814853c640db0153c64dacbb0009', '4028814853c640db0153c64d09670007', '40288148532bfee801532c00a0930012', '2016-04-12 15:27:33', '0');
INSERT INTO `iot_exec_log` VALUES ('402881f1540956400154095e464b0012', '402881f153c69c9a0153c6a9121b0014', '4028814853c640db0153c64be15b0003', '40288148532bfee801532c00a0930012', '2016-04-12 15:27:33', '0');
INSERT INTO `iot_exec_log` VALUES ('402881f1540956400154095e8d970013', '4028814853c63d0f0153c63d92ee0005', '4028814853c640db0153c64bbe220002', '40288148532bfee801532c00a0930012', '2016-04-12 15:27:52', '0');
INSERT INTO `iot_exec_log` VALUES ('402881f1540956400154095e8db60014', '4028814853c63d0f0153c63d92ef0007', '4028814853c640db0153c64c5ea40005', '40288148532bfee801532c00a0930012', '2016-04-12 15:27:52', '0');
INSERT INTO `iot_exec_log` VALUES ('402881f1540956400154095e8dd40015', '4028814853c640db0153c64dacbb0009', '4028814853c640db0153c64d09670007', '40288148532bfee801532c00a0930012', '2016-04-12 15:27:52', '0');
INSERT INTO `iot_exec_log` VALUES ('402881f1540956400154095e8dee0016', '402881f153c69c9a0153c6a9121b0014', '4028814853c640db0153c64be15b0003', '40288148532bfee801532c00a0930012', '2016-04-12 15:27:52', '0');
INSERT INTO `iot_exec_log` VALUES ('402881f1540956400154095e9bab0017', '4028814853c63d0f0153c63d92ee0005', '4028814853c640db0153c64bbe220002', '40288148532bfee801532c00a0930012', '2016-04-12 15:27:55', '0');
INSERT INTO `iot_exec_log` VALUES ('402881f1540956400154095e9bc90018', '4028814853c63d0f0153c63d92ef0007', '4028814853c640db0153c64c5ea40005', '40288148532bfee801532c00a0930012', '2016-04-12 15:27:55', '0');
INSERT INTO `iot_exec_log` VALUES ('402881f1540956400154095e9be70019', '4028814853c640db0153c64dacbb0009', '4028814853c640db0153c64d09670007', '40288148532bfee801532c00a0930012', '2016-04-12 15:27:55', '0');
INSERT INTO `iot_exec_log` VALUES ('402881f1540956400154095e9c05001a', '402881f153c69c9a0153c6a9121b0014', '4028814853c640db0153c64be15b0003', '40288148532bfee801532c00a0930012', '2016-04-12 15:27:55', '0');
INSERT INTO `iot_exec_log` VALUES ('402881f1540956400154095ed9ca001b', '4028814853c63d0f0153c63d92ee0005', '4028814853c640db0153c64bbe220002', '40288148532bfee801532c00a0930012', '2016-04-12 15:28:11', '0');
INSERT INTO `iot_exec_log` VALUES ('402881f1540956400154095ed9ef001c', '4028814853c63d0f0153c63d92ef0007', '4028814853c640db0153c64c5ea40005', '40288148532bfee801532c00a0930012', '2016-04-12 15:28:11', '0');
INSERT INTO `iot_exec_log` VALUES ('402881f1540956400154095eda0d001d', '4028814853c640db0153c64dacbb0009', '4028814853c640db0153c64d09670007', '40288148532bfee801532c00a0930012', '2016-04-12 15:28:11', '0');
INSERT INTO `iot_exec_log` VALUES ('402881f1540956400154095eda28001e', '402881f153c69c9a0153c6a9121b0014', '4028814853c640db0153c64be15b0003', '40288148532bfee801532c00a0930012', '2016-04-12 15:28:11', '0');
INSERT INTO `iot_exec_log` VALUES ('402881f1540956400154095ee78f001f', '4028814853c63d0f0153c63d92ee0005', '4028814853c640db0153c64bbe220002', '40288148532bfee801532c00a0930012', '2016-04-12 15:28:15', '0');
INSERT INTO `iot_exec_log` VALUES ('402881f1540956400154095ee7a60020', '4028814853c63d0f0153c63d92ef0007', '4028814853c640db0153c64c5ea40005', '40288148532bfee801532c00a0930012', '2016-04-12 15:28:15', '0');
INSERT INTO `iot_exec_log` VALUES ('402881f1540956400154095ee7c40021', '4028814853c640db0153c64dacbb0009', '4028814853c640db0153c64d09670007', '40288148532bfee801532c00a0930012', '2016-04-12 15:28:15', '0');
INSERT INTO `iot_exec_log` VALUES ('402881f1540956400154095ee7e40022', '402881f153c69c9a0153c6a9121b0014', '4028814853c640db0153c64be15b0003', '40288148532bfee801532c00a0930012', '2016-04-12 15:28:15', '0');
INSERT INTO `iot_exec_log` VALUES ('402881f15409564001540963c3f00023', '4028814853c63d0f0153c63d92ee0005', '4028814853c640db0153c64bbe220002', '40288148532bfee801532c00a0930012', '2016-04-12 15:33:33', '0');
INSERT INTO `iot_exec_log` VALUES ('402881f15409564001540963c41e0024', '4028814853c63d0f0153c63d92ef0007', '4028814853c640db0153c64c5ea40005', '40288148532bfee801532c00a0930012', '2016-04-12 15:33:33', '0');
INSERT INTO `iot_exec_log` VALUES ('402881f15409564001540963c4370025', '4028814853c640db0153c64dacbb0009', '4028814853c640db0153c64d09670007', '40288148532bfee801532c00a0930012', '2016-04-12 15:33:33', '0');
INSERT INTO `iot_exec_log` VALUES ('402881f15409564001540963c4500026', '402881f153c69c9a0153c6a9121b0014', '4028814853c640db0153c64be15b0003', '40288148532bfee801532c00a0930012', '2016-04-12 15:33:33', '0');
INSERT INTO `iot_exec_log` VALUES ('402881f15409564001540963dfdc0027', '4028814853c63d0f0153c63d92ee0005', '4028814853c640db0153c64bbe220002', '40288148532bfee801532c00a0930012', '2016-04-12 15:33:40', '0');
INSERT INTO `iot_exec_log` VALUES ('402881f15409564001540963dffb0028', '4028814853c63d0f0153c63d92ef0007', '4028814853c640db0153c64c5ea40005', '40288148532bfee801532c00a0930012', '2016-04-12 15:33:40', '0');
INSERT INTO `iot_exec_log` VALUES ('402881f15409564001540963e0140029', '4028814853c640db0153c64dacbb0009', '4028814853c640db0153c64d09670007', '40288148532bfee801532c00a0930012', '2016-04-12 15:33:41', '0');
INSERT INTO `iot_exec_log` VALUES ('402881f15409564001540963e034002a', '402881f153c69c9a0153c6a9121b0014', '4028814853c640db0153c64be15b0003', '40288148532bfee801532c00a0930012', '2016-04-12 15:33:41', '0');
INSERT INTO `iot_exec_log` VALUES ('402881f15409564001540963e0b5002b', '4028814853c63d0f0153c63d92ee0005', '4028814853c640db0153c64bbe220002', '40288148532bfee801532c00a0930012', '2016-04-12 15:33:41', '0');
INSERT INTO `iot_exec_log` VALUES ('402881f15409564001540963e0d0002c', '4028814853c63d0f0153c63d92ef0007', '4028814853c640db0153c64c5ea40005', '40288148532bfee801532c00a0930012', '2016-04-12 15:33:41', '0');
INSERT INTO `iot_exec_log` VALUES ('402881f15409564001540963e0ec002d', '4028814853c640db0153c64dacbb0009', '4028814853c640db0153c64d09670007', '40288148532bfee801532c00a0930012', '2016-04-12 15:33:41', '0');
INSERT INTO `iot_exec_log` VALUES ('402881f15409564001540963e10e002e', '402881f153c69c9a0153c6a9121b0014', '4028814853c640db0153c64be15b0003', '40288148532bfee801532c00a0930012', '2016-04-12 15:33:41', '0');
INSERT INTO `iot_exec_log` VALUES ('402881f15409564001540963e18e002f', '4028814853c63d0f0153c63d92ee0005', '4028814853c640db0153c64bbe220002', '40288148532bfee801532c00a0930012', '2016-04-12 15:33:41', '0');
INSERT INTO `iot_exec_log` VALUES ('402881f15409564001540963e1a80030', '4028814853c63d0f0153c63d92ef0007', '4028814853c640db0153c64c5ea40005', '40288148532bfee801532c00a0930012', '2016-04-12 15:33:41', '0');
INSERT INTO `iot_exec_log` VALUES ('402881f15409564001540963e1c50031', '4028814853c640db0153c64dacbb0009', '4028814853c640db0153c64d09670007', '40288148532bfee801532c00a0930012', '2016-04-12 15:33:41', '0');
INSERT INTO `iot_exec_log` VALUES ('402881f15409564001540963e1e20032', '402881f153c69c9a0153c6a9121b0014', '4028814853c640db0153c64be15b0003', '40288148532bfee801532c00a0930012', '2016-04-12 15:33:41', '0');
INSERT INTO `iot_exec_log` VALUES ('402881f15409564001540963e2580033', '4028814853c63d0f0153c63d92ee0005', '4028814853c640db0153c64bbe220002', '40288148532bfee801532c00a0930012', '2016-04-12 15:33:41', '0');
INSERT INTO `iot_exec_log` VALUES ('402881f15409564001540963e2740034', '4028814853c63d0f0153c63d92ef0007', '4028814853c640db0153c64c5ea40005', '40288148532bfee801532c00a0930012', '2016-04-12 15:33:41', '0');
INSERT INTO `iot_exec_log` VALUES ('402881f15409564001540963e28c0035', '4028814853c640db0153c64dacbb0009', '4028814853c640db0153c64d09670007', '40288148532bfee801532c00a0930012', '2016-04-12 15:33:41', '0');
INSERT INTO `iot_exec_log` VALUES ('402881f15409564001540963e2aa0036', '402881f153c69c9a0153c6a9121b0014', '4028814853c640db0153c64be15b0003', '40288148532bfee801532c00a0930012', '2016-04-12 15:33:41', '0');
INSERT INTO `iot_exec_log` VALUES ('402881f15409564001540963e3190037', '4028814853c63d0f0153c63d92ee0005', '4028814853c640db0153c64bbe220002', '40288148532bfee801532c00a0930012', '2016-04-12 15:33:41', '0');
INSERT INTO `iot_exec_log` VALUES ('402881f15409564001540963e32f0038', '4028814853c63d0f0153c63d92ef0007', '4028814853c640db0153c64c5ea40005', '40288148532bfee801532c00a0930012', '2016-04-12 15:33:41', '0');
INSERT INTO `iot_exec_log` VALUES ('402881f15409564001540963e34c0039', '4028814853c640db0153c64dacbb0009', '4028814853c640db0153c64d09670007', '40288148532bfee801532c00a0930012', '2016-04-12 15:33:41', '0');
INSERT INTO `iot_exec_log` VALUES ('402881f15409564001540963e36b003a', '402881f153c69c9a0153c6a9121b0014', '4028814853c640db0153c64be15b0003', '40288148532bfee801532c00a0930012', '2016-04-12 15:33:41', '0');
INSERT INTO `iot_exec_log` VALUES ('402881f15409564001540963e3eb003b', '4028814853c63d0f0153c63d92ee0005', '4028814853c640db0153c64bbe220002', '40288148532bfee801532c00a0930012', '2016-04-12 15:33:41', '0');
INSERT INTO `iot_exec_log` VALUES ('402881f15409564001540963e408003c', '4028814853c63d0f0153c63d92ef0007', '4028814853c640db0153c64c5ea40005', '40288148532bfee801532c00a0930012', '2016-04-12 15:33:42', '0');
INSERT INTO `iot_exec_log` VALUES ('402881f15409564001540963e424003d', '4028814853c640db0153c64dacbb0009', '4028814853c640db0153c64d09670007', '40288148532bfee801532c00a0930012', '2016-04-12 15:33:42', '0');
INSERT INTO `iot_exec_log` VALUES ('402881f15409564001540963e442003e', '402881f153c69c9a0153c6a9121b0014', '4028814853c640db0153c64be15b0003', '40288148532bfee801532c00a0930012', '2016-04-12 15:33:42', '0');
INSERT INTO `iot_exec_log` VALUES ('402881f15409564001540963e4b1003f', '4028814853c63d0f0153c63d92ee0005', '4028814853c640db0153c64bbe220002', '40288148532bfee801532c00a0930012', '2016-04-12 15:33:42', '0');
INSERT INTO `iot_exec_log` VALUES ('402881f15409564001540963e4c70040', '4028814853c63d0f0153c63d92ef0007', '4028814853c640db0153c64c5ea40005', '40288148532bfee801532c00a0930012', '2016-04-12 15:33:42', '0');
INSERT INTO `iot_exec_log` VALUES ('402881f15409564001540963e4e40041', '4028814853c640db0153c64dacbb0009', '4028814853c640db0153c64d09670007', '40288148532bfee801532c00a0930012', '2016-04-12 15:33:42', '0');
INSERT INTO `iot_exec_log` VALUES ('402881f15409564001540963e5020042', '402881f153c69c9a0153c6a9121b0014', '4028814853c640db0153c64be15b0003', '40288148532bfee801532c00a0930012', '2016-04-12 15:33:42', '0');
INSERT INTO `iot_exec_log` VALUES ('402881f15409564001540963e8d90043', '4028814853c63d0f0153c63d92ee0005', '4028814853c640db0153c64bbe220002', '40288148532bfee801532c00a0930012', '2016-04-12 15:33:43', '0');
INSERT INTO `iot_exec_log` VALUES ('402881f15409564001540963e8f00044', '4028814853c63d0f0153c63d92ef0007', '4028814853c640db0153c64c5ea40005', '40288148532bfee801532c00a0930012', '2016-04-12 15:33:43', '0');
INSERT INTO `iot_exec_log` VALUES ('402881f15409564001540963e90d0045', '4028814853c640db0153c64dacbb0009', '4028814853c640db0153c64d09670007', '40288148532bfee801532c00a0930012', '2016-04-12 15:33:43', '0');
INSERT INTO `iot_exec_log` VALUES ('402881f15409564001540963e92b0046', '402881f153c69c9a0153c6a9121b0014', '4028814853c640db0153c64be15b0003', '40288148532bfee801532c00a0930012', '2016-04-12 15:33:43', '0');
INSERT INTO `iot_exec_log` VALUES ('402881f15409564001540963e9bf0047', '4028814853c63d0f0153c63d92ee0005', '4028814853c640db0153c64bbe220002', '40288148532bfee801532c00a0930012', '2016-04-12 15:33:43', '0');
INSERT INTO `iot_exec_log` VALUES ('402881f15409564001540963e9da0048', '4028814853c63d0f0153c63d92ef0007', '4028814853c640db0153c64c5ea40005', '40288148532bfee801532c00a0930012', '2016-04-12 15:33:43', '0');
INSERT INTO `iot_exec_log` VALUES ('402881f15409564001540963e9f60049', '4028814853c640db0153c64dacbb0009', '4028814853c640db0153c64d09670007', '40288148532bfee801532c00a0930012', '2016-04-12 15:33:43', '0');
INSERT INTO `iot_exec_log` VALUES ('402881f15409564001540963ea15004a', '402881f153c69c9a0153c6a9121b0014', '4028814853c640db0153c64be15b0003', '40288148532bfee801532c00a0930012', '2016-04-12 15:33:43', '0');
INSERT INTO `iot_exec_log` VALUES ('402881f15409564001540963ea9a004b', '4028814853c63d0f0153c63d92ee0005', '4028814853c640db0153c64bbe220002', '40288148532bfee801532c00a0930012', '2016-04-12 15:33:43', '0');
INSERT INTO `iot_exec_log` VALUES ('402881f15409564001540963eab2004c', '4028814853c63d0f0153c63d92ef0007', '4028814853c640db0153c64c5ea40005', '40288148532bfee801532c00a0930012', '2016-04-12 15:33:43', '0');
INSERT INTO `iot_exec_log` VALUES ('402881f15409564001540963eacf004d', '4028814853c640db0153c64dacbb0009', '4028814853c640db0153c64d09670007', '40288148532bfee801532c00a0930012', '2016-04-12 15:33:43', '0');
INSERT INTO `iot_exec_log` VALUES ('402881f15409564001540963eaed004e', '402881f153c69c9a0153c6a9121b0014', '4028814853c640db0153c64be15b0003', '40288148532bfee801532c00a0930012', '2016-04-12 15:33:43', '0');
INSERT INTO `iot_exec_log` VALUES ('402881f15409564001540963eb5f004f', '4028814853c63d0f0153c63d92ee0005', '4028814853c640db0153c64bbe220002', '40288148532bfee801532c00a0930012', '2016-04-12 15:33:43', '0');
INSERT INTO `iot_exec_log` VALUES ('402881f15409564001540963eb7e0050', '4028814853c63d0f0153c63d92ef0007', '4028814853c640db0153c64c5ea40005', '40288148532bfee801532c00a0930012', '2016-04-12 15:33:43', '0');
INSERT INTO `iot_exec_log` VALUES ('402881f15409564001540963eb970051', '4028814853c640db0153c64dacbb0009', '4028814853c640db0153c64d09670007', '40288148532bfee801532c00a0930012', '2016-04-12 15:33:43', '0');
INSERT INTO `iot_exec_log` VALUES ('402881f15409564001540963ebb60052', '402881f153c69c9a0153c6a9121b0014', '4028814853c640db0153c64be15b0003', '40288148532bfee801532c00a0930012', '2016-04-12 15:33:43', '0');
INSERT INTO `iot_exec_log` VALUES ('402881f15409564001540963ec180053', '4028814853c63d0f0153c63d92ee0005', '4028814853c640db0153c64bbe220002', '40288148532bfee801532c00a0930012', '2016-04-12 15:33:44', '0');
INSERT INTO `iot_exec_log` VALUES ('402881f15409564001540963ec3e0054', '4028814853c63d0f0153c63d92ef0007', '4028814853c640db0153c64c5ea40005', '40288148532bfee801532c00a0930012', '2016-04-12 15:33:44', '0');
INSERT INTO `iot_exec_log` VALUES ('402881f15409564001540963ec5b0055', '4028814853c640db0153c64dacbb0009', '4028814853c640db0153c64d09670007', '40288148532bfee801532c00a0930012', '2016-04-12 15:33:44', '0');
INSERT INTO `iot_exec_log` VALUES ('402881f15409564001540963ec770056', '402881f153c69c9a0153c6a9121b0014', '4028814853c640db0153c64be15b0003', '40288148532bfee801532c00a0930012', '2016-04-12 15:33:44', '0');
INSERT INTO `iot_exec_log` VALUES ('402881f15409564001540963ecd80057', '4028814853c63d0f0153c63d92ee0005', '4028814853c640db0153c64bbe220002', '40288148532bfee801532c00a0930012', '2016-04-12 15:33:44', '0');
INSERT INTO `iot_exec_log` VALUES ('402881f15409564001540963ecf50058', '4028814853c63d0f0153c63d92ef0007', '4028814853c640db0153c64c5ea40005', '40288148532bfee801532c00a0930012', '2016-04-12 15:33:44', '0');
INSERT INTO `iot_exec_log` VALUES ('402881f15409564001540963ed120059', '4028814853c640db0153c64dacbb0009', '4028814853c640db0153c64d09670007', '40288148532bfee801532c00a0930012', '2016-04-12 15:33:44', '0');
INSERT INTO `iot_exec_log` VALUES ('402881f15409564001540963ed2f005a', '402881f153c69c9a0153c6a9121b0014', '4028814853c640db0153c64be15b0003', '40288148532bfee801532c00a0930012', '2016-04-12 15:33:44', '0');
INSERT INTO `iot_exec_log` VALUES ('402881f15409564001540963eda2005b', '4028814853c63d0f0153c63d92ee0005', '4028814853c640db0153c64bbe220002', '40288148532bfee801532c00a0930012', '2016-04-12 15:33:44', '0');
INSERT INTO `iot_exec_log` VALUES ('402881f15409564001540963edbd005c', '4028814853c63d0f0153c63d92ef0007', '4028814853c640db0153c64c5ea40005', '40288148532bfee801532c00a0930012', '2016-04-12 15:33:44', '0');
INSERT INTO `iot_exec_log` VALUES ('402881f15409564001540963eddb005d', '4028814853c640db0153c64dacbb0009', '4028814853c640db0153c64d09670007', '40288148532bfee801532c00a0930012', '2016-04-12 15:33:44', '0');
INSERT INTO `iot_exec_log` VALUES ('402881f15409564001540963edf6005e', '402881f153c69c9a0153c6a9121b0014', '4028814853c640db0153c64be15b0003', '40288148532bfee801532c00a0930012', '2016-04-12 15:33:44', '0');
INSERT INTO `iot_exec_log` VALUES ('402881f15409564001540963ee62005f', '4028814853c63d0f0153c63d92ee0005', '4028814853c640db0153c64bbe220002', '40288148532bfee801532c00a0930012', '2016-04-12 15:33:44', '0');
INSERT INTO `iot_exec_log` VALUES ('402881f15409564001540963ee7b0060', '4028814853c63d0f0153c63d92ef0007', '4028814853c640db0153c64c5ea40005', '40288148532bfee801532c00a0930012', '2016-04-12 15:33:44', '0');
INSERT INTO `iot_exec_log` VALUES ('402881f15409564001540963ee950061', '4028814853c640db0153c64dacbb0009', '4028814853c640db0153c64d09670007', '40288148532bfee801532c00a0930012', '2016-04-12 15:33:44', '0');
INSERT INTO `iot_exec_log` VALUES ('402881f15409564001540963eead0062', '402881f153c69c9a0153c6a9121b0014', '4028814853c640db0153c64be15b0003', '40288148532bfee801532c00a0930012', '2016-04-12 15:33:44', '0');
INSERT INTO `iot_exec_log` VALUES ('402881f15409564001540963ef310063', '4028814853c63d0f0153c63d92ee0005', '4028814853c640db0153c64bbe220002', '40288148532bfee801532c00a0930012', '2016-04-12 15:33:44', '0');
INSERT INTO `iot_exec_log` VALUES ('402881f15409564001540963ef4c0064', '4028814853c63d0f0153c63d92ef0007', '4028814853c640db0153c64c5ea40005', '40288148532bfee801532c00a0930012', '2016-04-12 15:33:44', '0');
INSERT INTO `iot_exec_log` VALUES ('402881f15409564001540963ef690065', '4028814853c640db0153c64dacbb0009', '4028814853c640db0153c64d09670007', '40288148532bfee801532c00a0930012', '2016-04-12 15:33:44', '0');
INSERT INTO `iot_exec_log` VALUES ('402881f15409564001540963ef850066', '402881f153c69c9a0153c6a9121b0014', '4028814853c640db0153c64be15b0003', '40288148532bfee801532c00a0930012', '2016-04-12 15:33:44', '0');
INSERT INTO `iot_exec_log` VALUES ('402881f15409564001540963f0020067', '4028814853c63d0f0153c63d92ee0005', '4028814853c640db0153c64bbe220002', '40288148532bfee801532c00a0930012', '2016-04-12 15:33:45', '0');
INSERT INTO `iot_exec_log` VALUES ('402881f15409564001540963f01c0068', '4028814853c63d0f0153c63d92ef0007', '4028814853c640db0153c64c5ea40005', '40288148532bfee801532c00a0930012', '2016-04-12 15:33:45', '0');
INSERT INTO `iot_exec_log` VALUES ('402881f15409564001540963f03a0069', '4028814853c640db0153c64dacbb0009', '4028814853c640db0153c64d09670007', '40288148532bfee801532c00a0930012', '2016-04-12 15:33:45', '0');
INSERT INTO `iot_exec_log` VALUES ('402881f15409564001540963f058006a', '402881f153c69c9a0153c6a9121b0014', '4028814853c640db0153c64be15b0003', '40288148532bfee801532c00a0930012', '2016-04-12 15:33:45', '0');
INSERT INTO `iot_exec_log` VALUES ('402881f15409564001540963f0d2006b', '4028814853c63d0f0153c63d92ee0005', '4028814853c640db0153c64bbe220002', '40288148532bfee801532c00a0930012', '2016-04-12 15:33:45', '0');
INSERT INTO `iot_exec_log` VALUES ('402881f15409564001540963f0eb006c', '4028814853c63d0f0153c63d92ef0007', '4028814853c640db0153c64c5ea40005', '40288148532bfee801532c00a0930012', '2016-04-12 15:33:45', '0');
INSERT INTO `iot_exec_log` VALUES ('402881f15409564001540963f10f006d', '4028814853c640db0153c64dacbb0009', '4028814853c640db0153c64d09670007', '40288148532bfee801532c00a0930012', '2016-04-12 15:33:45', '0');
INSERT INTO `iot_exec_log` VALUES ('402881f15409564001540963f126006e', '402881f153c69c9a0153c6a9121b0014', '4028814853c640db0153c64be15b0003', '40288148532bfee801532c00a0930012', '2016-04-12 15:33:45', '0');
INSERT INTO `iot_exec_log` VALUES ('402881f15409564001540963f189006f', '4028814853c63d0f0153c63d92ee0005', '4028814853c640db0153c64bbe220002', '40288148532bfee801532c00a0930012', '2016-04-12 15:33:45', '0');
INSERT INTO `iot_exec_log` VALUES ('402881f15409564001540963f1a30070', '4028814853c63d0f0153c63d92ef0007', '4028814853c640db0153c64c5ea40005', '40288148532bfee801532c00a0930012', '2016-04-12 15:33:45', '0');
INSERT INTO `iot_exec_log` VALUES ('402881f15409564001540963f1c10071', '4028814853c640db0153c64dacbb0009', '4028814853c640db0153c64d09670007', '40288148532bfee801532c00a0930012', '2016-04-12 15:33:45', '0');
INSERT INTO `iot_exec_log` VALUES ('402881f15409564001540963f1dd0072', '402881f153c69c9a0153c6a9121b0014', '4028814853c640db0153c64be15b0003', '40288148532bfee801532c00a0930012', '2016-04-12 15:33:45', '0');
INSERT INTO `iot_exec_log` VALUES ('402881f15409564001540963f2480073', '4028814853c63d0f0153c63d92ee0005', '4028814853c640db0153c64bbe220002', '40288148532bfee801532c00a0930012', '2016-04-12 15:33:45', '0');
INSERT INTO `iot_exec_log` VALUES ('402881f15409564001540963f2630074', '4028814853c63d0f0153c63d92ef0007', '4028814853c640db0153c64c5ea40005', '40288148532bfee801532c00a0930012', '2016-04-12 15:33:45', '0');
INSERT INTO `iot_exec_log` VALUES ('402881f15409564001540963f2810075', '4028814853c640db0153c64dacbb0009', '4028814853c640db0153c64d09670007', '40288148532bfee801532c00a0930012', '2016-04-12 15:33:45', '0');
INSERT INTO `iot_exec_log` VALUES ('402881f15409564001540963f29d0076', '402881f153c69c9a0153c6a9121b0014', '4028814853c640db0153c64be15b0003', '40288148532bfee801532c00a0930012', '2016-04-12 15:33:45', '0');
INSERT INTO `iot_exec_log` VALUES ('402881f15409564001540963f3000077', '4028814853c63d0f0153c63d92ee0005', '4028814853c640db0153c64bbe220002', '40288148532bfee801532c00a0930012', '2016-04-12 15:33:45', '0');
INSERT INTO `iot_exec_log` VALUES ('402881f15409564001540963f3220078', '4028814853c63d0f0153c63d92ef0007', '4028814853c640db0153c64c5ea40005', '40288148532bfee801532c00a0930012', '2016-04-12 15:33:45', '0');
INSERT INTO `iot_exec_log` VALUES ('402881f15409564001540963f3400079', '4028814853c640db0153c64dacbb0009', '4028814853c640db0153c64d09670007', '40288148532bfee801532c00a0930012', '2016-04-12 15:33:45', '0');
INSERT INTO `iot_exec_log` VALUES ('402881f15409564001540963f35c007a', '402881f153c69c9a0153c6a9121b0014', '4028814853c640db0153c64be15b0003', '40288148532bfee801532c00a0930012', '2016-04-12 15:33:45', '0');
INSERT INTO `iot_exec_log` VALUES ('402881f154095640015409655dcb007b', '4028814853c63d0f0153c63d92ee0005', '4028814853c640db0153c64bbe220002', '40288148532bfee801532c00a0930012', '2016-04-12 15:35:18', '0');
INSERT INTO `iot_exec_log` VALUES ('402881f154095640015409655df2007c', '4028814853c63d0f0153c63d92ef0007', '4028814853c640db0153c64c5ea40005', '40288148532bfee801532c00a0930012', '2016-04-12 15:35:18', '0');
INSERT INTO `iot_exec_log` VALUES ('402881f154095640015409655e0f007d', '4028814853c640db0153c64dacbb0009', '4028814853c640db0153c64d09670007', '40288148532bfee801532c00a0930012', '2016-04-12 15:35:18', '0');
INSERT INTO `iot_exec_log` VALUES ('402881f154095640015409655e2c007e', '402881f153c69c9a0153c6a9121b0014', '4028814853c640db0153c64be15b0003', '40288148532bfee801532c00a0930012', '2016-04-12 15:35:18', '0');
INSERT INTO `iot_exec_log` VALUES ('402881f1540d37db01540d3e2af10004', '4028814853c63d0f0153c63d92ee0005', '4028814853c640db0153c64bbe220002', '40288148532bfee801532c00a0930012', '2016-04-13 09:30:58', '0');
INSERT INTO `iot_exec_log` VALUES ('402881f1540d37db01540d3e2b3d0005', '4028814853c63d0f0153c63d92ef0007', '4028814853c640db0153c64c5ea40005', '40288148532bfee801532c00a0930012', '2016-04-13 09:30:58', '0');
INSERT INTO `iot_exec_log` VALUES ('402881f1540d37db01540d3e2b790006', '4028814853c640db0153c64dacbb0009', '4028814853c640db0153c64d09670007', '40288148532bfee801532c00a0930012', '2016-04-13 09:30:58', '0');
INSERT INTO `iot_exec_log` VALUES ('402881f1540d37db01540d3e2bc10007', '402881f153c69c9a0153c6a9121b0014', '4028814853c640db0153c64be15b0003', '40288148532bfee801532c00a0930012', '2016-04-13 09:30:58', '0');
INSERT INTO `iot_exec_log` VALUES ('402881f1540ed71901540ed752d30002', '4028814853c63d0f0153c63d92ee0005', '4028814853c640db0153c64be15b0003', '40288148532bfee801532c00a0930012', '2016-04-13 16:57:53', '0');
INSERT INTO `iot_exec_log` VALUES ('402881f1540ed71901540ed7589d0003', '4028814853c63d0f0153c63d92ee0005', '4028814853c640db0153c64be15b0003', '40288148532bfee801532c00a0930012', '2016-04-13 16:57:54', '0');
INSERT INTO `iot_exec_log` VALUES ('402881f1540ed71901540ed75d0b0004', '4028814853c63d0f0153c63d92ee0005', '4028814853c640db0153c64be15b0003', '40288148532bfee801532c00a0930012', '2016-04-13 16:57:55', '0');
INSERT INTO `iot_exec_log` VALUES ('402881f1540ed71901540ed7607a0005', '4028814853c63d0f0153c63d92ee0005', '4028814853c640db0153c64be15b0003', '40288148532bfee801532c00a0930012', '2016-04-13 16:57:56', '0');
INSERT INTO `iot_exec_log` VALUES ('402881f1540ed71901540ed764270006', '4028814853c63d0f0153c63d92ee0005', '4028814853c640db0153c64be15b0003', '40288148532bfee801532c00a0930012', '2016-04-13 16:57:57', '0');
INSERT INTO `iot_exec_log` VALUES ('402881f1540ed71901540ed7678f0007', '4028814853c63d0f0153c63d92ee0005', '4028814853c640db0153c64be15b0003', '40288148532bfee801532c00a0930012', '2016-04-13 16:57:58', '0');
INSERT INTO `iot_exec_log` VALUES ('402881f1540ed71901540ed76e5e0008', '402881f153c69c9a0153c6a9121b0014', '4028814853c640db0153c64bbe220002', '40288148532bfee801532c00a0930012', '2016-04-13 16:58:00', '0');
INSERT INTO `iot_exec_log` VALUES ('402881f1540ed71901540ed774500009', '4028814853c63d0f0153c63d92ef0007', '4028814853c640db0153c64c5ea40005', '40288148532bfee801532c00a0930012', '2016-04-13 16:58:01', '0');
INSERT INTO `iot_exec_log` VALUES ('402881f1540ed71901540ed77a4f000a', '4028814853c640db0153c64dacbb0009', '4028814853c640db0153c64d247d0008', '40288148532bfee801532c00a0930012', '2016-04-13 16:58:03', '0');
INSERT INTO `iot_exec_log` VALUES ('402881f1540ed71901540ed78664000b', '4028814853c63d0f0153c63d92ee0005', '4028814853c640db0153c64be15b0003', '40288148532bfee801532c00a0930012', '2016-04-13 16:58:06', '0');
INSERT INTO `iot_exec_log` VALUES ('402881f1540ed71901540ed78c91000c', '4028814853c63d0f0153c63d92ee0005', '4028814853c640db0153c64be15b0003', '40288148532bfee801532c00a0930012', '2016-04-13 16:58:07', '0');
INSERT INTO `iot_exec_log` VALUES ('402881f1540ed71901540ed792d8000d', '4028814853c63d0f0153c63d92ee0005', '4028814853c640db0153c64be15b0003', '40288148532bfee801532c00a0930012', '2016-04-13 16:58:09', '0');
INSERT INTO `iot_exec_log` VALUES ('402881f1540ed71901540ed79c6a000e', '402881f153c69c9a0153c6a9121b0014', '4028814853c640db0153c64bbe220002', '40288148532bfee801532c00a0930012', '2016-04-13 16:58:11', '0');
INSERT INTO `iot_exec_log` VALUES ('402881f1540ed71901540ed7d4f8000f', '4028814853c63d0f0153c63d92ee0005', '402881f153c645b80153c671f8ee0005', '40288148532bfee801532c00a0930012', '2016-04-13 16:58:26', '0');
INSERT INTO `iot_exec_log` VALUES ('402881f1540ed71901540ed7f6590010', '4028814853c63d0f0153c63d92ee0005', '402881f153c645b80153c6758fcc0008', '40288148532bfee801532c00a0930012', '2016-04-13 16:58:34', '0');
INSERT INTO `iot_exec_log` VALUES ('402881f1540ed71901540edc1c050011', '4028814853c63d0f0153c63d92ee0005', '4028814853c640db0153c64be15b0003', '40288148532bfee801532c00a0930012', '2016-04-13 17:03:06', '0');
INSERT INTO `iot_exec_log` VALUES ('402881f1540ed71901540edc22a20012', '4028814853c63d0f0153c63d92ee0005', '4028814853c640db0153c64be15b0003', '40288148532bfee801532c00a0930012', '2016-04-13 17:03:08', '0');
INSERT INTO `iot_exec_log` VALUES ('402881f1540ed71901540edc2a5a0013', '4028814853c63d0f0153c63d92ee0005', '4028814853c640db0153c64be15b0003', '40288148532bfee801532c00a0930012', '2016-04-13 17:03:10', '0');
INSERT INTO `iot_exec_log` VALUES ('402881f1540ed71901540edc320b0014', '4028814853c63d0f0153c63d92ee0005', '4028814853c640db0153c64be15b0003', '40288148532bfee801532c00a0930012', '2016-04-13 17:03:12', '0');
INSERT INTO `iot_exec_log` VALUES ('402881f1540ed71901540edc49870015', '4028814853c63d0f0153c63d92ee0005', '402881f153c645b80153c6758fcc0008', '40288148532bfee801532c00a0930012', '2016-04-13 17:03:18', '0');
INSERT INTO `iot_exec_log` VALUES ('402881f1540ed71901540ee34fda0016', '4028814853c640db0153c64dacbb0009', '4028814853c640db0153c64d247d0008', '40288148532bfee801532c00a0930012', '2016-04-13 17:10:58', '0');
INSERT INTO `iot_exec_log` VALUES ('402881f1540effee01540f0006770002', '4028814853c63d0f0153c63d92ee0005', '4028814853c640db0153c64be15b0003', '40288148532bfee801532c00a0930012', '2016-04-13 17:42:20', '0');
INSERT INTO `iot_exec_log` VALUES ('402881f1540effee01540f00c2b90003', '4028814853c63d0f0153c63d92ee0005', '4028814853c640db0153c64be15b0003', '40288148532bfee801532c00a0930012', '2016-04-13 17:43:08', '0');
INSERT INTO `iot_exec_log` VALUES ('402881f1540effee01540f01d1e50005', '4028814853c63d0f0153c63d92ee0005', '4028814853c640db0153c64bbe220002', '40288148532bfee801532c00a0930012', '2016-04-13 17:44:18', '0');
INSERT INTO `iot_exec_log` VALUES ('402881f1540effee01540f01d2320006', '4028814853c63d0f0153c63d92ef0007', '4028814853c640db0153c64cd9080006', '40288148532bfee801532c00a0930012', '2016-04-13 17:44:18', '0');
INSERT INTO `iot_exec_log` VALUES ('402881f1540effee01540f01d2700007', '4028814853c640db0153c64dacbb0009', '4028814853c640db0153c64d09670007', '40288148532bfee801532c00a0930012', '2016-04-13 17:44:18', '0');
INSERT INTO `iot_exec_log` VALUES ('402881f1540effee01540f01d2b70008', '402881f153c69c9a0153c6a9121b0014', '4028814853c640db0153c64be15b0003', '40288148532bfee801532c00a0930012', '2016-04-13 17:44:18', '0');
INSERT INTO `iot_exec_log` VALUES ('402881f1540effee01540f01d41f0009', '4028814853c63d0f0153c63d92ee0005', '4028814853c640db0153c64bbe220002', '40288148532bfee801532c00a0930012', '2016-04-13 17:44:18', '0');
INSERT INTO `iot_exec_log` VALUES ('402881f1540effee01540f01d47f000a', '4028814853c63d0f0153c63d92ef0007', '4028814853c640db0153c64cd9080006', '40288148532bfee801532c00a0930012', '2016-04-13 17:44:18', '0');
INSERT INTO `iot_exec_log` VALUES ('402881f1540effee01540f01d4c0000b', '4028814853c640db0153c64dacbb0009', '4028814853c640db0153c64d09670007', '40288148532bfee801532c00a0930012', '2016-04-13 17:44:18', '0');
INSERT INTO `iot_exec_log` VALUES ('402881f1540effee01540f01d506000c', '402881f153c69c9a0153c6a9121b0014', '4028814853c640db0153c64be15b0003', '40288148532bfee801532c00a0930012', '2016-04-13 17:44:18', '0');
INSERT INTO `iot_exec_log` VALUES ('402881f1540effee01540f02b85f000d', '4028814853c63d0f0153c63d92ee0005', '402881f153c645b80153c6758fcc0008', '40288148532bfee801532c00a0930012', '2016-04-13 17:45:17', '0');
INSERT INTO `iot_exec_log` VALUES ('402881f1540effee01540f0cbfea000e', '4028814853c63d0f0153c63d92ee0005', '4028814853c640db0153c64bbe220002', '40288148532bfee801532c00a0930012', '2016-04-13 17:56:14', '0');
INSERT INTO `iot_exec_log` VALUES ('402881f1540effee01540f0cc030000f', '4028814853c63d0f0153c63d92ef0007', '4028814853c640db0153c64cd9080006', '40288148532bfee801532c00a0930012', '2016-04-13 17:56:14', '0');
INSERT INTO `iot_exec_log` VALUES ('402881f1540effee01540f0cc0770010', '4028814853c640db0153c64dacbb0009', '4028814853c640db0153c64d09670007', '40288148532bfee801532c00a0930012', '2016-04-13 17:56:14', '0');
INSERT INTO `iot_exec_log` VALUES ('402881f1540effee01540f0cc0bd0011', '402881f153c69c9a0153c6a9121b0014', '4028814853c640db0153c64be15b0003', '40288148532bfee801532c00a0930012', '2016-04-13 17:56:14', '0');
INSERT INTO `iot_exec_log` VALUES ('402881f1540effee01540f0da7910012', '4028814853c63d0f0153c63d92ee0005', '4028814853c640db0153c64be15b0003', '40288148532bfee801532c00a0930012', '2016-04-13 17:57:13', '0');
INSERT INTO `iot_exec_log` VALUES ('402881f1540effee01540f110cd10015', '4028814853c63d0f0153c63d92ee0005', '4028814853c640db0153c64be15b0003', '40288148532bfee801532c00a0930012', '2016-04-13 18:00:56', '0');
INSERT INTO `iot_exec_log` VALUES ('402881f1540effee01540f118cc30016', '4028814853c63d0f0153c63d92ee0005', '4028814853c640db0153c64be15b0003', '40288148532bfee801532c00a0930012', '2016-04-13 18:01:29', '0');
INSERT INTO `iot_exec_log` VALUES ('402881f1540effee01540f120be10017', '4028814853c63d0f0153c63d92ee0005', '4028814853c640db0153c64be15b0003', '40288148532bfee801532c00a0930012', '2016-04-13 18:02:01', '0');
INSERT INTO `iot_exec_log` VALUES ('402881f1540effee01540f12b0990018', '4028814853c63d0f0153c63d92ee0005', '4028814853c640db0153c64be15b0003', '40288148532bfee801532c00a0930012', '2016-04-13 18:02:43', '0');
INSERT INTO `iot_exec_log` VALUES ('402881f1540effee01540f12cb6f0019', '4028814853c640db0153c64dacbb0009', '4028814853c640db0153c64d247d0008', '40288148532bfee801532c00a0930012', '2016-04-13 18:02:50', '0');
INSERT INTO `iot_exec_log` VALUES ('402881f1540effee01540f12d335001a', '402881f153c69c9a0153c6a9121b0014', '4028814853c640db0153c64bbe220002', '40288148532bfee801532c00a0930012', '2016-04-13 18:02:52', '0');
INSERT INTO `iot_exec_log` VALUES ('402881f1540effee01540f13198f001b', '4028814853c63d0f0153c63d92ef0007', '4028814853c640db0153c64c5ea40005', '40288148532bfee801532c00a0930012', '2016-04-13 18:03:10', '0');
INSERT INTO `iot_exec_log` VALUES ('402881f1540effee01540f138cd1001c', '4028814853c63d0f0153c63d92ee0005', '402881f153c645b80153c6758fcc0008', '40288148532bfee801532c00a0930012', '2016-04-13 18:03:40', '0');
INSERT INTO `iot_exec_log` VALUES ('402881f1540effee01540f13a0ce001d', '4028814853c63d0f0153c63d92ee0005', '402881f153c645b80153c671f8ee0005', '40288148532bfee801532c00a0930012', '2016-04-13 18:03:45', '0');
INSERT INTO `iot_exec_log` VALUES ('402881f1540effee01540f306ceb001e', '402881f153c69c9a0153c6a9121b0014', '4028814853c640db0153c64bbe220002', '40288148532bfee801532c00a0930012', '2016-04-13 18:35:12', '0');
INSERT INTO `iot_exec_log` VALUES ('402881f1541256d601541260838c0004', '402881f153c69c9a0153c6a9121b0014', '402881f153c645b80153c671f8ee0005', '40288148532bfee801532c00a0930012', '2016-04-14 09:26:35', '0');
INSERT INTO `iot_exec_log` VALUES ('402881f15412752501541277fda10004', '402881f1540effee01540f017d180004', '402881f15412752501541275f1200003', '40288148532bfee801532c00a0930012', '2016-04-14 09:52:14', '0');
INSERT INTO `iot_exec_log` VALUES ('402881f15412752501541278ab070007', '402881f1540effee01540f017d180004', '402881f15412752501541275f1200003', '40288148532bfee801532c00a0930012', '2016-04-14 09:52:58', '0');
INSERT INTO `iot_exec_log` VALUES ('402881f15412752501541278f13a0008', '402881f1540effee01540f017d180004', '402881f15412752501541275a92e0002', '40288148532bfee801532c00a0930012', '2016-04-14 09:53:16', '0');
INSERT INTO `iot_exec_log` VALUES ('402881f1541275250154127907fb0009', '402881f1540effee01540f017d180004', '402881f15412752501541275a92e0002', '40288148532bfee801532c00a0930012', '2016-04-14 09:53:22', '0');
INSERT INTO `iot_exec_log` VALUES ('402881f1541275250154127b07a8000a', '402881f1540effee01540f017d180004', '402881f15412752501541275f1200003', '40288148532bfee801532c00a0930012', '2016-04-14 09:55:33', '0');
INSERT INTO `iot_exec_log` VALUES ('402881f1541275250154128228b4000b', '402881f1540effee01540f017d180004', '402881f15412752501541275f1200003', '40288148532bfee801532c00a0930012', '2016-04-14 10:03:20', '0');
INSERT INTO `iot_exec_log` VALUES ('402881f15412862401541287b3470002', '402881f1540effee01540f017d180004', '402881f15412752501541275f1200003', '40288148532bfee801532c00a0930012', '2016-04-14 10:09:23', '0');
INSERT INTO `iot_exec_log` VALUES ('402881f15412862401541294b3800003', '402881f1540effee01540f017d180004', '402881f15412752501541275f1200003', '40288148532bfee801532c00a0930012', '2016-04-14 10:23:35', '0');
INSERT INTO `iot_exec_log` VALUES ('402881f15412a56501541324c9610008', '4028814853c63d0f0153c63d92ee0005', '402881f153c645b80153c671f8ee0005', '40288148532bfee801532c00a0930012', '2016-04-14 13:00:58', '0');
INSERT INTO `iot_exec_log` VALUES ('402881f15417883f0154178902fa0002', '4028814853c63d0f0153c63d92ee0005', '4028814853c640db0153c64be15b0003', '40288148532bfee801532c00a0930012', '2016-04-15 09:28:55', '0');
INSERT INTO `iot_exec_log` VALUES ('402881f15417883f0154178ca3ad0003', '4028814853c63d0f0153c63d92ee0005', '4028814853c640db0153c64be15b0003', '40288148532bfee801532c00a0930012', '2016-04-15 09:32:53', '0');
INSERT INTO `iot_exec_log` VALUES ('402881f15417883f01541795a8640004', '4028814853c63d0f0153c63d92ee0005', '4028814853c640db0153c64bbe220002', '40288148532bfee801532c00a0930012', '2016-04-15 09:42:44', '0');
INSERT INTO `iot_exec_log` VALUES ('402881f15417883f01541795a87f0005', '4028814853c63d0f0153c63d92ef0007', '4028814853c640db0153c64cd9080006', '40288148532bfee801532c00a0930012', '2016-04-15 09:42:44', '0');
INSERT INTO `iot_exec_log` VALUES ('402881f15417883f01541795a9100006', '4028814853c640db0153c64dacbb0009', '4028814853c640db0153c64d09670007', '40288148532bfee801532c00a0930012', '2016-04-15 09:42:44', '0');
INSERT INTO `iot_exec_log` VALUES ('402881f15417883f01541795a92e0007', '402881f153c69c9a0153c6a9121b0014', '4028814853c640db0153c64be15b0003', '40288148532bfee801532c00a0930012', '2016-04-15 09:42:44', '0');
INSERT INTO `iot_exec_log` VALUES ('402881f15417883f0154179645e20008', '4028814853c63d0f0153c63d92ee0005', '4028814853c640db0153c64bbe220002', '40288148532bfee801532c00a0930012', '2016-04-15 09:43:24', '0');
INSERT INTO `iot_exec_log` VALUES ('402881f15417883f0154179645ff0009', '4028814853c63d0f0153c63d92ef0007', '4028814853c640db0153c64cd9080006', '40288148532bfee801532c00a0930012', '2016-04-15 09:43:24', '0');
INSERT INTO `iot_exec_log` VALUES ('402881f15417883f01541796461c000a', '4028814853c640db0153c64dacbb0009', '4028814853c640db0153c64d09670007', '40288148532bfee801532c00a0930012', '2016-04-15 09:43:24', '0');
INSERT INTO `iot_exec_log` VALUES ('402881f15417883f01541796464f000b', '402881f153c69c9a0153c6a9121b0014', '4028814853c640db0153c64be15b0003', '40288148532bfee801532c00a0930012', '2016-04-15 09:43:25', '0');
INSERT INTO `iot_exec_log` VALUES ('402881f15417883f01541797125d000c', '4028814853c63d0f0153c63d92ee0005', '4028814853c640db0153c64bbe220002', '40288148532bfee801532c00a0930012', '2016-04-15 09:44:17', '0');
INSERT INTO `iot_exec_log` VALUES ('402881f15417883f015417971275000d', '4028814853c63d0f0153c63d92ef0007', '4028814853c640db0153c64cd9080006', '40288148532bfee801532c00a0930012', '2016-04-15 09:44:17', '0');
INSERT INTO `iot_exec_log` VALUES ('402881f15417883f015417971290000e', '4028814853c640db0153c64dacbb0009', '4028814853c640db0153c64d09670007', '40288148532bfee801532c00a0930012', '2016-04-15 09:44:17', '0');
INSERT INTO `iot_exec_log` VALUES ('402881f15417883f0154179712af000f', '402881f153c69c9a0153c6a9121b0014', '4028814853c640db0153c64be15b0003', '40288148532bfee801532c00a0930012', '2016-04-15 09:44:17', '0');
INSERT INTO `iot_exec_log` VALUES ('402881f15417883f015417971ac30010', '4028814853c63d0f0153c63d92ee0005', '4028814853c640db0153c64bbe220002', '40288148532bfee801532c00a0930012', '2016-04-15 09:44:19', '0');
INSERT INTO `iot_exec_log` VALUES ('402881f15417883f015417971ae10011', '4028814853c63d0f0153c63d92ef0007', '4028814853c640db0153c64cd9080006', '40288148532bfee801532c00a0930012', '2016-04-15 09:44:19', '0');
INSERT INTO `iot_exec_log` VALUES ('402881f15417883f015417971afc0012', '4028814853c640db0153c64dacbb0009', '4028814853c640db0153c64d09670007', '40288148532bfee801532c00a0930012', '2016-04-15 09:44:19', '0');
INSERT INTO `iot_exec_log` VALUES ('402881f15417883f015417971b1b0013', '402881f153c69c9a0153c6a9121b0014', '4028814853c640db0153c64be15b0003', '40288148532bfee801532c00a0930012', '2016-04-15 09:44:19', '0');
INSERT INTO `iot_exec_log` VALUES ('402881f154179c8e0154179cb43b0002', '4028814853c63d0f0153c63d92ee0005', '4028814853c640db0153c64be15b0003', '40288148532bfee801532c00a0930012', '2016-04-15 09:50:26', '0');
INSERT INTO `iot_exec_log` VALUES ('402881f154179c8e0154179cbda60003', '402881f1540effee01540f017d180004', '402881f15412752501541275f1200003', '40288148532bfee801532c00a0930012', '2016-04-15 09:50:28', '0');
INSERT INTO `iot_exec_log` VALUES ('402881f154179c8e0154179cc5580004', '4028814853c63d0f0153c63d92ef0007', '4028814853c640db0153c64c5ea40005', '40288148532bfee801532c00a0930012', '2016-04-15 09:50:30', '0');
INSERT INTO `iot_exec_log` VALUES ('402881f154179c8e0154179d5f0f0005', '4028814853c640db0153c64dacbb0009', '4028814853c640db0153c64d247d0008', '40288148532bfee801532c00a0930012', '2016-04-15 09:51:10', '0');
INSERT INTO `iot_exec_log` VALUES ('402881f154179c8e015417c634ab0020', '402881f1540effee01540f017d180004', '402881f15412752501541275f1200003', '402881485412dff80154131b8c820012', '2016-04-15 10:35:46', '0');
INSERT INTO `iot_exec_log` VALUES ('402881f154179c8e015417c72cb70021', '402881f1540effee01540f017d180004', '402881f15412752501541275f1200003', '402881485412dff80154131b8c820012', '2016-04-15 10:36:49', '0');
INSERT INTO `iot_exec_log` VALUES ('402881f154179c8e015417c736f00022', '402881f1540effee01540f017d180004', '402881f15412752501541275f1200003', '402881485412dff80154131b8c820012', '2016-04-15 10:36:52', '0');
INSERT INTO `iot_exec_log` VALUES ('402881f154179c8e015417e1a5300023', '4028814853c63d0f0153c63d92ee0005', '4028814853c640db0153c64be15b0003', '402881485412dff80154131b8c820012', '2016-04-15 11:05:44', '0');
INSERT INTO `iot_exec_log` VALUES ('402881f154179c8e015417e7d0720024', '402881f1540effee01540f017d180004', '402881f15412752501541275f1200003', '402881485412dff80154131b8c820012', '2016-04-15 11:12:28', '0');
INSERT INTO `iot_exec_log` VALUES ('402881f154179c8e015417e7e29f0025', '402881f1540effee01540f017d180004', '402881f15412752501541275f1200003', '402881485412dff80154131b8c820012', '2016-04-15 11:12:33', '0');
INSERT INTO `iot_exec_log` VALUES ('402881f154179c8e015417e7e9d40026', '402881f1540effee01540f017d180004', '402881f15412752501541275f1200003', '402881485412dff80154131b8c820012', '2016-04-15 11:12:35', '0');
INSERT INTO `iot_exec_log` VALUES ('402881f154179c8e015417e7f3d70027', '402881f1540effee01540f017d180004', '402881f15412752501541275f1200003', '402881485412dff80154131b8c820012', '2016-04-15 11:12:37', '0');
INSERT INTO `iot_exec_log` VALUES ('402881f15417ea37015417eae37b0002', '402881f1540effee01540f017d180004', '402881f15412752501541275f1200003', '402881485412dff80154131b8c820012', '2016-04-15 11:15:50', '1');
INSERT INTO `iot_exec_log` VALUES ('402881f15417ea37015417edb33d0003', '402881f1540effee01540f017d180004', '402881f15412752501541275a92e0002', '402881485412dff80154131b8c820012', '2016-04-15 11:18:54', '1');
INSERT INTO `iot_exec_log` VALUES ('402881f15417ea37015417edb3990004', '402881f1540effee01540f017d180004', '402881f15412752501541275a92e0002', '402881485412dff80154131b8c820012', '2016-04-15 11:18:54', '1');
INSERT INTO `iot_exec_log` VALUES ('402881f15417ea37015417edb8810005', '402881f1540effee01540f017d180004', '402881f15412752501541275f1200003', '402881485412dff80154131b8c820012', '2016-04-15 11:18:55', '1');
INSERT INTO `iot_exec_log` VALUES ('402881f15417ea37015417edc3c20006', '4028814853c63d0f0153c63d92ee0005', '4028814853c640db0153c64be15b0003', '402881485412dff80154131b8c820012', '2016-04-15 11:18:58', '1');
INSERT INTO `iot_exec_log` VALUES ('402881f15417ea37015417ede7780007', '4028814853c63d0f0153c63d92ee0005', '4028814853c640db0153c64bbe220002', '402881485412dff80154131b8c820012', '2016-04-15 11:19:07', '1');
INSERT INTO `iot_exec_log` VALUES ('402881f15417ea37015417f7235d0008', '4028814853c63d0f0153c63d92ee0005', '4028814853c640db0153c64be15b0003', '402881485412dff80154131b8c820012', '2016-04-15 11:29:13', '1');
INSERT INTO `iot_exec_log` VALUES ('402881f15417ea37015417f757d50009', '4028814853c63d0f0153c63d92ee0005', '4028814853c640db0153c64bbe220002', '402881485412dff80154131b8c820012', '2016-04-15 11:29:26', '1');
INSERT INTO `iot_exec_log` VALUES ('402881f15417ea37015417f75c9e000a', '4028814853c63d0f0153c63d92ee0005', '4028814853c640db0153c64be15b0003', '402881485412dff80154131b8c820012', '2016-04-15 11:29:27', '1');
INSERT INTO `iot_exec_log` VALUES ('402881f15417ea37015417f75fcc000b', '4028814853c63d0f0153c63d92ee0005', '4028814853c640db0153c64bbe220002', '402881485412dff80154131b8c820012', '2016-04-15 11:29:28', '1');
INSERT INTO `iot_exec_log` VALUES ('402881f15417ea37015417f76251000c', '4028814853c63d0f0153c63d92ee0005', '402881f153c645b80153c671f8ee0005', '402881485412dff80154131b8c820012', '2016-04-15 11:29:29', '1');
INSERT INTO `iot_exec_log` VALUES ('402881f15417ea37015417f76660000d', '4028814853c63d0f0153c63d92ee0005', '4028814853c640db0153c64be15b0003', '402881485412dff80154131b8c820012', '2016-04-15 11:29:30', '1');
INSERT INTO `iot_exec_log` VALUES ('402881f15417ea37015417f76a65000e', '4028814853c63d0f0153c63d92ee0005', '4028814853c640db0153c64bbe220002', '402881485412dff80154131b8c820012', '2016-04-15 11:29:31', '1');
INSERT INTO `iot_exec_log` VALUES ('402881f15417ea37015417f76dee000f', '4028814853c63d0f0153c63d92ee0005', '4028814853c640db0153c64be15b0003', '402881485412dff80154131b8c820012', '2016-04-15 11:29:32', '1');
INSERT INTO `iot_exec_log` VALUES ('402881f15417ea37015417f772020010', '4028814853c63d0f0153c63d92ee0005', '4028814853c640db0153c64bbe220002', '402881485412dff80154131b8c820012', '2016-04-15 11:29:33', '1');
INSERT INTO `iot_exec_log` VALUES ('402881f15417ea37015417f774f60011', '4028814853c63d0f0153c63d92ee0005', '402881f153e574040153e5750de80002', '402881485412dff80154131b8c820012', '2016-04-15 11:29:33', '1');
INSERT INTO `iot_exec_log` VALUES ('402881f15417ea37015417f7789e0012', '4028814853c63d0f0153c63d92ee0005', '4028814853c640db0153c64be15b0003', '402881485412dff80154131b8c820012', '2016-04-15 11:29:34', '1');
INSERT INTO `iot_exec_log` VALUES ('402881f15417ea37015417f77b790013', '4028814853c63d0f0153c63d92ee0005', '4028814853c640db0153c64bbe220002', '402881485412dff80154131b8c820012', '2016-04-15 11:29:35', '1');
INSERT INTO `iot_exec_log` VALUES ('402881f15417ea37015417f781aa0014', '4028814853c63d0f0153c63d92ee0005', '402881f153c645b80153c6758fcc0008', '402881485412dff80154131b8c820012', '2016-04-15 11:29:37', '1');
INSERT INTO `iot_exec_log` VALUES ('402881f15417ea37015417f7866b0015', '4028814853c63d0f0153c63d92ee0005', '4028814853c640db0153c64be15b0003', '402881485412dff80154131b8c820012', '2016-04-15 11:29:38', '1');
INSERT INTO `iot_exec_log` VALUES ('402881f15417ea37015417f78a060016', '4028814853c63d0f0153c63d92ee0005', '4028814853c640db0153c64bbe220002', '402881485412dff80154131b8c820012', '2016-04-15 11:29:39', '1');
INSERT INTO `iot_exec_log` VALUES ('402881f15417ea37015417f78dda0017', '4028814853c63d0f0153c63d92ee0005', '4028814853c640db0153c64be15b0003', '402881485412dff80154131b8c820012', '2016-04-15 11:29:40', '1');
INSERT INTO `iot_exec_log` VALUES ('402881f15417ea37015417f792800018', '402881f153c69c9a0153c6a9121b0014', '4028814853c640db0153c64bbe220002', '402881485412dff80154131b8c820012', '2016-04-15 11:29:41', '1');
INSERT INTO `iot_exec_log` VALUES ('402881f15417ea37015417f7962c0019', '402881f153c69c9a0153c6a9121b0014', '4028814853c640db0153c64be15b0003', '402881485412dff80154131b8c820012', '2016-04-15 11:29:42', '1');
INSERT INTO `iot_exec_log` VALUES ('402881f15417ea37015417f7a2ee001a', '402881f153c69c9a0153c6a9121b0014', '4028814853c640db0153c64bbe220002', '402881485412dff80154131b8c820012', '2016-04-15 11:29:45', '1');
INSERT INTO `iot_exec_log` VALUES ('402881f15417ea37015417f7a578001b', '402881f153c69c9a0153c6a9121b0014', '402881f153c645b80153c671f8ee0005', '402881485412dff80154131b8c820012', '2016-04-15 11:29:46', '1');
INSERT INTO `iot_exec_log` VALUES ('402881f15417ea37015417f7ac75001c', '402881f153c69c9a0153c6a9121b0014', '4028814853c640db0153c64be15b0003', '402881485412dff80154131b8c820012', '2016-04-15 11:29:48', '1');
INSERT INTO `iot_exec_log` VALUES ('402881f15417ea37015417f7bb88001d', '402881f1540effee01540f017d180004', '402881f15412752501541275a92e0002', '402881485412dff80154131b8c820012', '2016-04-15 11:29:52', '1');
INSERT INTO `iot_exec_log` VALUES ('402881f15417ea37015417f7bbde001e', '402881f1540effee01540f017d180004', '402881f15412752501541275a92e0002', '402881485412dff80154131b8c820012', '2016-04-15 11:29:52', '1');
INSERT INTO `iot_exec_log` VALUES ('402881f15417ea37015417f8a092001f', '402881f1540effee01540f017d180004', '402881f15412752501541275f1200003', '402881485412dff80154131b8c820012', '2016-04-15 11:30:50', '1');
INSERT INTO `iot_exec_log` VALUES ('402881f15417ea37015417faef4d0020', '402881f1540effee01540f017d180004', '402881f15412752501541275a92e0002', '402881485412dff80154131b8c820012', '2016-04-15 11:33:21', '1');
INSERT INTO `iot_exec_log` VALUES ('402881f15417ea37015417faefba0021', '402881f1540effee01540f017d180004', '402881f15412752501541275a92e0002', '402881485412dff80154131b8c820012', '2016-04-15 11:33:21', '1');
INSERT INTO `iot_exec_log` VALUES ('402881f15417ea37015417faf3180022', '402881f1540effee01540f017d180004', '402881f15412752501541275f1200003', '402881485412dff80154131b8c820012', '2016-04-15 11:33:22', '1');
INSERT INTO `iot_exec_log` VALUES ('402881f15417ea37015417faf9010023', '402881f1540effee01540f017d180004', '402881f15412752501541275a92e0002', '402881485412dff80154131b8c820012', '2016-04-15 11:33:24', '1');
INSERT INTO `iot_exec_log` VALUES ('402881f15417ea37015417faf95d0024', '402881f1540effee01540f017d180004', '402881f15412752501541275a92e0002', '402881485412dff80154131b8c820012', '2016-04-15 11:33:24', '1');
INSERT INTO `iot_exec_log` VALUES ('402881f15417ea37015417fb002b0025', '402881f1540effee01540f017d180004', '402881f15412752501541275f1200003', '402881485412dff80154131b8c820012', '2016-04-15 11:33:26', '1');
INSERT INTO `iot_exec_log` VALUES ('402881f15417ea37015417fb09ef0026', '402881f1540effee01540f017d180004', '402881f15412752501541275f1200003', '402881485412dff80154131b8c820012', '2016-04-15 11:33:28', '1');
INSERT INTO `iot_exec_log` VALUES ('402881f15417ea37015417fb0dc30027', '402881f1540effee01540f017d180004', '402881f15412752501541275a92e0002', '402881485412dff80154131b8c820012', '2016-04-15 11:33:29', '1');
INSERT INTO `iot_exec_log` VALUES ('402881f15417ea37015417fb0e150028', '402881f1540effee01540f017d180004', '402881f15412752501541275a92e0002', '402881485412dff80154131b8c820012', '2016-04-15 11:33:29', '1');
INSERT INTO `iot_exec_log` VALUES ('402881f15417ea37015417fb11380029', '402881f1540effee01540f017d180004', '402881f15412752501541275a92e0002', '402881485412dff80154131b8c820012', '2016-04-15 11:33:30', '1');
INSERT INTO `iot_exec_log` VALUES ('402881f15417ea37015417fb11a4002a', '402881f1540effee01540f017d180004', '402881f15412752501541275a92e0002', '402881485412dff80154131b8c820012', '2016-04-15 11:33:30', '1');
INSERT INTO `iot_exec_log` VALUES ('402881f15417ea37015417fb14e8002b', '402881f1540effee01540f017d180004', '402881f15412752501541275f1200003', '402881485412dff80154131b8c820012', '2016-04-15 11:33:31', '1');
INSERT INTO `iot_exec_log` VALUES ('402881f15417ea37015417fb1b85002c', '402881f1540effee01540f017d180004', '402881f15412752501541275a92e0002', '402881485412dff80154131b8c820012', '2016-04-15 11:33:33', '1');
INSERT INTO `iot_exec_log` VALUES ('402881f15417ea37015417fb1bf7002d', '402881f1540effee01540f017d180004', '402881f15412752501541275a92e0002', '402881485412dff80154131b8c820012', '2016-04-15 11:33:33', '1');
INSERT INTO `iot_exec_log` VALUES ('402881f15417ea37015417fb2055002e', '402881f1540effee01540f017d180004', '402881f15412752501541275f1200003', '402881485412dff80154131b8c820012', '2016-04-15 11:33:34', '1');
INSERT INTO `iot_exec_log` VALUES ('402881f15417ea37015417fd9856002f', '4028814853c63d0f0153c63d92ee0005', '4028814853c640db0153c64bbe220002', '402881485412dff80154131b8c820012', '2016-04-15 11:36:16', '1');
INSERT INTO `iot_exec_log` VALUES ('402881f15417ea37015417fd9b930030', '4028814853c63d0f0153c63d92ee0005', '4028814853c640db0153c64be15b0003', '402881485412dff80154131b8c820012', '2016-04-15 11:36:17', '1');
INSERT INTO `iot_exec_log` VALUES ('402881f15417ea37015417fe834d0031', '402881f153c69c9a0153c6a9121b0014', '4028814853c640db0153c64bbe220002', '402881485412dff80154131b8c820012', '2016-04-15 11:37:16', '1');
INSERT INTO `iot_exec_log` VALUES ('402881f15417ea37015417fe87c70032', '402881f153c69c9a0153c6a9121b0014', '4028814853c640db0153c64be15b0003', '402881485412dff80154131b8c820012', '2016-04-15 11:37:17', '1');
INSERT INTO `iot_exec_log` VALUES ('402881f15417ea37015417fe8c080033', '402881f153c69c9a0153c6a9121b0014', '4028814853c640db0153c64bbe220002', '402881485412dff80154131b8c820012', '2016-04-15 11:37:18', '1');
INSERT INTO `iot_exec_log` VALUES ('402881f15417ea37015417fe9aa70034', '402881f153c69c9a0153c6a9121b0014', '4028814853c640db0153c64be15b0003', '402881485412dff80154131b8c820012', '2016-04-15 11:37:22', '1');
INSERT INTO `iot_exec_log` VALUES ('402881f15417ea37015417fe9f140035', '402881f153c69c9a0153c6a9121b0014', '4028814853c640db0153c64bbe220002', '402881485412dff80154131b8c820012', '2016-04-15 11:37:23', '1');
INSERT INTO `iot_exec_log` VALUES ('402881f15417ea37015417fea2110036', '402881f153c69c9a0153c6a9121b0014', '402881f153e574040153e5750de80002', '402881485412dff80154131b8c820012', '2016-04-15 11:37:24', '1');
INSERT INTO `iot_exec_log` VALUES ('402881f15417ea37015417fea8140037', '402881f153c69c9a0153c6a9121b0014', '4028814853c640db0153c64be15b0003', '402881485412dff80154131b8c820012', '2016-04-15 11:37:25', '1');
INSERT INTO `iot_exec_log` VALUES ('402881f15417ea37015417feabbc0038', '402881f153c69c9a0153c6a9121b0014', '4028814853c640db0153c64bbe220002', '402881485412dff80154131b8c820012', '2016-04-15 11:37:26', '1');
INSERT INTO `iot_exec_log` VALUES ('402881f15417ea37015417feae4d0039', '402881f153c69c9a0153c6a9121b0014', '4028814853c640db0153c64be15b0003', '402881485412dff80154131b8c820012', '2016-04-15 11:37:27', '1');
INSERT INTO `iot_exec_log` VALUES ('402881f15417ea37015417feb9c2003a', '402881f1540effee01540f017d180004', '402881f15412752501541275a92e0002', '402881485412dff80154131b8c820012', '2016-04-15 11:37:30', '1');
INSERT INTO `iot_exec_log` VALUES ('402881f15417ea37015417feba09003b', '402881f1540effee01540f017d180004', '402881f15412752501541275a92e0002', '402881485412dff80154131b8c820012', '2016-04-15 11:37:30', '1');
INSERT INTO `iot_exec_log` VALUES ('402881f15417ea37015417ff2bda003c', '402881f1540effee01540f017d180004', '402881f15412752501541275f1200003', '402881485412dff80154131b8c820012', '2016-04-15 11:37:59', '1');
INSERT INTO `iot_exec_log` VALUES ('402881f15417ea37015417ff3e32003d', '402881f1540effee01540f017d180004', '402881f15412752501541275a92e0002', '402881485412dff80154131b8c820012', '2016-04-15 11:38:04', '1');
INSERT INTO `iot_exec_log` VALUES ('402881f15417ea37015417ff3e87003e', '402881f1540effee01540f017d180004', '402881f15412752501541275a92e0002', '402881485412dff80154131b8c820012', '2016-04-15 11:38:04', '1');
INSERT INTO `iot_exec_log` VALUES ('402881f15417ea37015417ff4726003f', '402881f1540effee01540f017d180004', '402881f15412752501541275f1200003', '402881485412dff80154131b8c820012', '2016-04-15 11:38:06', '1');
INSERT INTO `iot_exec_log` VALUES ('402881f15417ea370154180562250040', '402881f1540effee01540f017d180004', '402881f15412752501541275a92e0002', '402881485412dff80154131b8c820012', '2016-04-15 11:44:46', '1');
INSERT INTO `iot_exec_log` VALUES ('402881f15417ea370154180562770041', '402881f1540effee01540f017d180004', '402881f15412752501541275a92e0002', '402881485412dff80154131b8c820012', '2016-04-15 11:44:46', '1');
INSERT INTO `iot_exec_log` VALUES ('402881f15417ea3701541805b9510042', '402881f1540effee01540f017d180004', '402881f15412752501541275f1200003', '402881485412dff80154131b8c820012', '2016-04-15 11:45:08', '1');
INSERT INTO `iot_exec_log` VALUES ('402881f15417ea3701541805bf7d0043', '402881f1540effee01540f017d180004', '402881f15412752501541275a92e0002', '402881485412dff80154131b8c820012', '2016-04-15 11:45:10', '1');
INSERT INTO `iot_exec_log` VALUES ('402881f15417ea3701541805bfd80044', '402881f1540effee01540f017d180004', '402881f15412752501541275a92e0002', '402881485412dff80154131b8c820012', '2016-04-15 11:45:10', '1');
INSERT INTO `iot_exec_log` VALUES ('402881f15417ea3701541805d5030045', '402881f1540effee01540f017d180004', '402881f15412752501541275f1200003', '402881485412dff80154131b8c820012', '2016-04-15 11:45:16', '1');
INSERT INTO `iot_exec_log` VALUES ('402881f15417ea3701541805d8bf0046', '402881f1540effee01540f017d180004', '402881f15412752501541275a92e0002', '402881485412dff80154131b8c820012', '2016-04-15 11:45:16', '1');
INSERT INTO `iot_exec_log` VALUES ('402881f15417ea3701541805d9030047', '402881f1540effee01540f017d180004', '402881f15412752501541275a92e0002', '402881485412dff80154131b8c820012', '2016-04-15 11:45:17', '1');
INSERT INTO `iot_exec_log` VALUES ('402881f15417ea370154180609fc0048', '402881f1540effee01540f017d180004', '402881f15412752501541275f1200003', '402881485412dff80154131b8c820012', '2016-04-15 11:45:29', '1');
INSERT INTO `iot_exec_log` VALUES ('402881f15417ea37015418061a5a0049', '402881f1540effee01540f017d180004', '402881f15412752501541275a92e0002', '402881485412dff80154131b8c820012', '2016-04-15 11:45:33', '1');
INSERT INTO `iot_exec_log` VALUES ('402881f15417ea37015418061ab1004a', '402881f1540effee01540f017d180004', '402881f15412752501541275a92e0002', '402881485412dff80154131b8c820012', '2016-04-15 11:45:33', '1');
INSERT INTO `iot_exec_log` VALUES ('402881f15417ea37015418067987004b', '402881f1540effee01540f017d180004', '402881f15412752501541275f1200003', '402881485412dff80154131b8c820012', '2016-04-15 11:45:58', '1');
INSERT INTO `iot_exec_log` VALUES ('402881f15417ea370154180690a0004c', '4028814853c63d0f0153c63d92ef0007', '4028814853c640db0153c64c5ea40005', '402881485412dff80154131b8c820012', '2016-04-15 11:46:04', '1');
INSERT INTO `iot_exec_log` VALUES ('402881f15417ea37015418069453004d', '4028814853c63d0f0153c63d92ef0007', '4028814853c640db0153c64cd9080006', '402881485412dff80154131b8c820012', '2016-04-15 11:46:05', '1');
INSERT INTO `iot_exec_log` VALUES ('402881f15417ea3701541806978b004e', '402881f1540effee01540f017d180004', '402881f15412752501541275a92e0002', '402881485412dff80154131b8c820012', '2016-04-15 11:46:05', '1');
INSERT INTO `iot_exec_log` VALUES ('402881f15417ea370154180697e3004f', '402881f1540effee01540f017d180004', '402881f15412752501541275a92e0002', '402881485412dff80154131b8c820012', '2016-04-15 11:46:05', '1');
INSERT INTO `iot_exec_log` VALUES ('402881f15417ea3701541806e73d0050', '402881f1540effee01540f017d180004', '402881f15412752501541275f1200003', '402881485412dff80154131b8c820012', '2016-04-15 11:46:26', '1');
INSERT INTO `iot_exec_log` VALUES ('402881f15417ea3701541806eaf40051', '402881f1540effee01540f017d180004', '402881f15412752501541275f1200003', '402881485412dff80154131b8c820012', '2016-04-15 11:46:27', '1');
INSERT INTO `iot_exec_log` VALUES ('402881f15417ea3701541806ee4e0052', '402881f1540effee01540f017d180004', '402881f15412752501541275a92e0002', '402881485412dff80154131b8c820012', '2016-04-15 11:46:28', '1');
INSERT INTO `iot_exec_log` VALUES ('402881f15417ea3701541806ee950053', '402881f1540effee01540f017d180004', '402881f15412752501541275a92e0002', '402881485412dff80154131b8c820012', '2016-04-15 11:46:28', '1');
INSERT INTO `iot_exec_log` VALUES ('402881f15417ea3701541806f4cc0054', '402881f1540effee01540f017d180004', '402881f15412752501541275f1200003', '402881485412dff80154131b8c820012', '2016-04-15 11:46:29', '1');
INSERT INTO `iot_exec_log` VALUES ('402881f15417ea3701541806f6d00055', '402881f1540effee01540f017d180004', '402881f15412752501541275f1200003', '402881485412dff80154131b8c820012', '2016-04-15 11:46:30', '1');
INSERT INTO `iot_exec_log` VALUES ('402881f15417ea3701541806f9d50056', '402881f1540effee01540f017d180004', '402881f15412752501541275a92e0002', '402881485412dff80154131b8c820012', '2016-04-15 11:46:30', '1');
INSERT INTO `iot_exec_log` VALUES ('402881f15417ea3701541806fa1b0057', '402881f1540effee01540f017d180004', '402881f15412752501541275a92e0002', '402881485412dff80154131b8c820012', '2016-04-15 11:46:31', '1');
INSERT INTO `iot_exec_log` VALUES ('402881f15417ea3701541807170b0058', '402881f1540effee01540f017d180004', '402881f15412752501541275f1200003', '402881485412dff80154131b8c820012', '2016-04-15 11:46:38', '1');
INSERT INTO `iot_exec_log` VALUES ('402881f15417ea37015418071b130059', '402881f1540effee01540f017d180004', '402881f15412752501541275f1200003', '402881485412dff80154131b8c820012', '2016-04-15 11:46:39', '1');
INSERT INTO `iot_exec_log` VALUES ('402881f15417ea37015418072694005a', '402881f1540effee01540f017d180004', '402881f15412752501541275a92e0002', '402881485412dff80154131b8c820012', '2016-04-15 11:46:42', '1');
INSERT INTO `iot_exec_log` VALUES ('402881f15417ea370154180726f4005b', '402881f1540effee01540f017d180004', '402881f15412752501541275a92e0002', '402881485412dff80154131b8c820012', '2016-04-15 11:46:42', '1');
INSERT INTO `iot_exec_log` VALUES ('402881f15417ea3701541807298d005c', '402881f1540effee01540f017d180004', '402881f15412752501541275a92e0002', '402881485412dff80154131b8c820012', '2016-04-15 11:46:43', '1');
INSERT INTO `iot_exec_log` VALUES ('402881f15417ea370154180729d8005d', '402881f1540effee01540f017d180004', '402881f15412752501541275a92e0002', '402881485412dff80154131b8c820012', '2016-04-15 11:46:43', '1');
INSERT INTO `iot_exec_log` VALUES ('402881f15417ea37015418072e3b005e', '402881f1540effee01540f017d180004', '402881f15412752501541275f1200003', '402881485412dff80154131b8c820012', '2016-04-15 11:46:44', '1');
INSERT INTO `iot_exec_log` VALUES ('402881f15417ea370154180734ca005f', '402881f1540effee01540f017d180004', '402881f15412752501541275a92e0002', '402881485412dff80154131b8c820012', '2016-04-15 11:46:46', '1');
INSERT INTO `iot_exec_log` VALUES ('402881f15417ea3701541807350e0060', '402881f1540effee01540f017d180004', '402881f15412752501541275a92e0002', '402881485412dff80154131b8c820012', '2016-04-15 11:46:46', '1');
INSERT INTO `iot_exec_log` VALUES ('402881f15417ea3701541808e17e0061', '402881f1540effee01540f017d180004', '402881f15412752501541275f1200003', '402881485412dff80154131b8c820012', '2016-04-15 11:48:35', '1');
INSERT INTO `iot_exec_log` VALUES ('402881f15417ea370154181197f50062', '402881f1540effee01540f017d180004', '402881f15412752501541275a92e0002', '402881485412dff80154131b8c820012', '2016-04-15 11:58:06', '1');
INSERT INTO `iot_exec_log` VALUES ('402881f15417ea3701541811985d0063', '402881f1540effee01540f017d180004', '402881f15412752501541275a92e0002', '402881485412dff80154131b8c820012', '2016-04-15 11:58:06', '1');
INSERT INTO `iot_exec_log` VALUES ('402881f15417ea37015418119c200064', '402881f1540effee01540f017d180004', '402881f15412752501541275f1200003', '402881485412dff80154131b8c820012', '2016-04-15 11:58:07', '1');
INSERT INTO `iot_exec_log` VALUES ('402881f15417ea37015418119f260065', '402881f1540effee01540f017d180004', '402881f15412752501541275a92e0002', '402881485412dff80154131b8c820012', '2016-04-15 11:58:08', '1');
INSERT INTO `iot_exec_log` VALUES ('402881f15417ea37015418119f720066', '402881f1540effee01540f017d180004', '402881f15412752501541275a92e0002', '402881485412dff80154131b8c820012', '2016-04-15 11:58:08', '1');
INSERT INTO `iot_exec_log` VALUES ('402881f15417ea3701541811a2310067', '402881f1540effee01540f017d180004', '402881f15412752501541275f1200003', '402881485412dff80154131b8c820012', '2016-04-15 11:58:09', '1');
INSERT INTO `iot_exec_log` VALUES ('402881f15417ea3701541811a4d80068', '402881f1540effee01540f017d180004', '402881f15412752501541275a92e0002', '402881485412dff80154131b8c820012', '2016-04-15 11:58:10', '1');
INSERT INTO `iot_exec_log` VALUES ('402881f15417ea3701541811a52e0069', '402881f1540effee01540f017d180004', '402881f15412752501541275a92e0002', '402881485412dff80154131b8c820012', '2016-04-15 11:58:10', '1');
INSERT INTO `iot_exec_log` VALUES ('402881f15417ea3701541811a7c1006a', '402881f1540effee01540f017d180004', '402881f15412752501541275f1200003', '402881485412dff80154131b8c820012', '2016-04-15 11:58:10', '1');
INSERT INTO `iot_exec_log` VALUES ('402881f15417ea3701541811aa1d006b', '402881f1540effee01540f017d180004', '402881f15412752501541275a92e0002', '402881485412dff80154131b8c820012', '2016-04-15 11:58:11', '1');
INSERT INTO `iot_exec_log` VALUES ('402881f15417ea3701541811aa6d006c', '402881f1540effee01540f017d180004', '402881f15412752501541275a92e0002', '402881485412dff80154131b8c820012', '2016-04-15 11:58:11', '1');
INSERT INTO `iot_exec_log` VALUES ('402881f15417ea3701541811acd4006d', '402881f1540effee01540f017d180004', '402881f15412752501541275f1200003', '402881485412dff80154131b8c820012', '2016-04-15 11:58:12', '1');
INSERT INTO `iot_exec_log` VALUES ('402881f15417ea3701541811af50006e', '402881f1540effee01540f017d180004', '402881f15412752501541275a92e0002', '402881485412dff80154131b8c820012', '2016-04-15 11:58:12', '1');
INSERT INTO `iot_exec_log` VALUES ('402881f15417ea3701541811af9e006f', '402881f1540effee01540f017d180004', '402881f15412752501541275a92e0002', '402881485412dff80154131b8c820012', '2016-04-15 11:58:12', '1');
INSERT INTO `iot_exec_log` VALUES ('402881f15417ea3701541811b4130070', '402881f1540effee01540f017d180004', '402881f15412752501541275f1200003', '402881485412dff80154131b8c820012', '2016-04-15 11:58:14', '1');
INSERT INTO `iot_exec_log` VALUES ('402881f15417ea3701541811b65b0071', '402881f1540effee01540f017d180004', '402881f15412752501541275a92e0002', '402881485412dff80154131b8c820012', '2016-04-15 11:58:14', '1');
INSERT INTO `iot_exec_log` VALUES ('402881f15417ea3701541811b6a60072', '402881f1540effee01540f017d180004', '402881f15412752501541275a92e0002', '402881485412dff80154131b8c820012', '2016-04-15 11:58:14', '1');
INSERT INTO `iot_exec_log` VALUES ('402881f15417ea3701541811baad0073', '402881f1540effee01540f017d180004', '402881f15412752501541275f1200003', '402881485412dff80154131b8c820012', '2016-04-15 11:58:15', '1');
INSERT INTO `iot_exec_log` VALUES ('402881f15417ea3701541811bf630074', '402881f1540effee01540f017d180004', '402881f15412752501541275a92e0002', '402881485412dff80154131b8c820012', '2016-04-15 11:58:16', '1');
INSERT INTO `iot_exec_log` VALUES ('402881f15417ea3701541811bfa70075', '402881f1540effee01540f017d180004', '402881f15412752501541275a92e0002', '402881485412dff80154131b8c820012', '2016-04-15 11:58:16', '1');
INSERT INTO `iot_exec_log` VALUES ('402881f15417ea37015418322a180078', '402881f1540effee01540f017d180004', '402881f15412752501541275f1200003', '402881485412dff80154131b8c820012', '2016-04-15 12:33:41', '1');
INSERT INTO `iot_exec_log` VALUES ('402881f15417ea37015418322d990079', '402881f1540effee01540f017d180004', '402881f15412752501541275a92e0002', '402881485412dff80154131b8c820012', '2016-04-15 12:33:42', '1');
INSERT INTO `iot_exec_log` VALUES ('402881f15417ea37015418322de5007a', '402881f1540effee01540f017d180004', '402881f15412752501541275a92e0002', '402881485412dff80154131b8c820012', '2016-04-15 12:33:42', '1');
INSERT INTO `iot_exec_log` VALUES ('402881f15417ea370154183230b9007b', '402881f1540effee01540f017d180004', '402881f15412752501541275f1200003', '402881485412dff80154131b8c820012', '2016-04-15 12:33:43', '1');
INSERT INTO `iot_exec_log` VALUES ('402881f15417ea37015418323351007c', '402881f1540effee01540f017d180004', '402881f15412752501541275a92e0002', '402881485412dff80154131b8c820012', '2016-04-15 12:33:43', '1');
INSERT INTO `iot_exec_log` VALUES ('402881f15417ea3701541832339f007d', '402881f1540effee01540f017d180004', '402881f15412752501541275a92e0002', '402881485412dff80154131b8c820012', '2016-04-15 12:33:43', '1');
INSERT INTO `iot_exec_log` VALUES ('402881f15417ea370154183236d8007e', '4028814853c63d0f0153c63d92ee0005', '4028814853c640db0153c64bbe220002', '402881485412dff80154131b8c820012', '2016-04-15 12:33:44', '1');
INSERT INTO `iot_exec_log` VALUES ('402881f15417ea37015418323d16007f', '4028814853c63d0f0153c63d92ee0005', '4028814853c640db0153c64be15b0003', '402881485412dff80154131b8c820012', '2016-04-15 12:33:46', '1');
INSERT INTO `iot_exec_log` VALUES ('402881f15417ea37015418324bdf0080', '402881f1540effee01540f017d180004', '402881f15412752501541275f1200003', '402881485412dff80154131b8c820012', '2016-04-15 12:33:50', '1');
INSERT INTO `iot_exec_log` VALUES ('402881f15417ea37015418324f1d0081', '402881f1540effee01540f017d180004', '402881f15412752501541275a92e0002', '402881485412dff80154131b8c820012', '2016-04-15 12:33:50', '1');
INSERT INTO `iot_exec_log` VALUES ('402881f15417ea37015418324f610082', '402881f1540effee01540f017d180004', '402881f15412752501541275a92e0002', '402881485412dff80154131b8c820012', '2016-04-15 12:33:50', '1');
INSERT INTO `iot_exec_log` VALUES ('402881f15417ea370154183255320083', '4028814853c63d0f0153c63d92ee0005', '4028814853c640db0153c64bbe220002', '402881485412dff80154131b8c820012', '2016-04-15 12:33:52', '1');
INSERT INTO `iot_exec_log` VALUES ('402881f15417ea37015418325a190084', '4028814853c63d0f0153c63d92ee0005', '4028814853c640db0153c64be15b0003', '402881485412dff80154131b8c820012', '2016-04-15 12:33:53', '1');
INSERT INTO `iot_exec_log` VALUES ('402881f15417ea37015418325e700085', '4028814853c63d0f0153c63d92ee0005', '4028814853c640db0153c64bbe220002', '402881485412dff80154131b8c820012', '2016-04-15 12:33:54', '1');
INSERT INTO `iot_exec_log` VALUES ('402881f15417ea370154183262660086', '4028814853c63d0f0153c63d92ee0005', '4028814853c640db0153c64be15b0003', '402881485412dff80154131b8c820012', '2016-04-15 12:33:55', '1');
INSERT INTO `iot_exec_log` VALUES ('402881f15417ea370154183265f20087', '4028814853c63d0f0153c63d92ee0005', '4028814853c640db0153c64bbe220002', '402881485412dff80154131b8c820012', '2016-04-15 12:33:56', '1');
INSERT INTO `iot_exec_log` VALUES ('402881f15417ea370154183269390088', '4028814853c63d0f0153c63d92ee0005', '4028814853c640db0153c64be15b0003', '402881485412dff80154131b8c820012', '2016-04-15 12:33:57', '1');
INSERT INTO `iot_exec_log` VALUES ('402881f15417ea37015418326d680089', '402881f1540effee01540f017d180004', '402881f15412752501541275f1200003', '402881485412dff80154131b8c820012', '2016-04-15 12:33:58', '1');
INSERT INTO `iot_exec_log` VALUES ('402881f15417ea37015418327081008a', '402881f1540effee01540f017d180004', '402881f15412752501541275a92e0002', '402881485412dff80154131b8c820012', '2016-04-15 12:33:59', '1');
INSERT INTO `iot_exec_log` VALUES ('402881f15417ea370154183270ce008b', '402881f1540effee01540f017d180004', '402881f15412752501541275a92e0002', '402881485412dff80154131b8c820012', '2016-04-15 12:33:59', '1');
INSERT INTO `iot_exec_log` VALUES ('402881f15417ea370154183273e9008c', '402881f1540effee01540f017d180004', '402881f15412752501541275f1200003', '402881485412dff80154131b8c820012', '2016-04-15 12:34:00', '1');
INSERT INTO `iot_exec_log` VALUES ('402881f15417ea37015418327e5d008d', '402881f1540effee01540f017d180004', '402881f15412752501541275a92e0002', '402881485412dff80154131b8c820012', '2016-04-15 12:34:02', '1');
INSERT INTO `iot_exec_log` VALUES ('402881f15417ea37015418327ee7008e', '402881f1540effee01540f017d180004', '402881f15412752501541275a92e0002', '402881485412dff80154131b8c820012', '2016-04-15 12:34:03', '1');
INSERT INTO `iot_exec_log` VALUES ('402881f15417ea37015418328170008f', '402881f1540effee01540f017d180004', '402881f15412752501541275f1200003', '402881485412dff80154131b8c820012', '2016-04-15 12:34:03', '1');
INSERT INTO `iot_exec_log` VALUES ('402881f15417ea3701541832a0ee0090', '402881f1540effee01540f017d180004', '402881f15412752501541275a92e0002', '402881485412dff80154131b8c820012', '2016-04-15 12:34:11', '1');
INSERT INTO `iot_exec_log` VALUES ('402881f15417ea3701541832a1510091', '402881f1540effee01540f017d180004', '402881f15412752501541275a92e0002', '402881485412dff80154131b8c820012', '2016-04-15 12:34:11', '1');
INSERT INTO `iot_exec_log` VALUES ('402881f15417ea3701541870f5ae0094', '402881f1540effee01540f017d180004', '402881f15412752501541275f1200003', '402881485412dff80154131b8c820012', '2016-04-15 13:42:16', '1');
INSERT INTO `iot_exec_log` VALUES ('402881f15417ea3701541870f95a0095', '402881f1540effee01540f017d180004', '402881f15412752501541275a92e0002', '402881485412dff80154131b8c820012', '2016-04-15 13:42:17', '1');
INSERT INTO `iot_exec_log` VALUES ('402881f15417ea3701541870f9ab0096', '402881f1540effee01540f017d180004', '402881f15412752501541275a92e0002', '402881485412dff80154131b8c820012', '2016-04-15 13:42:17', '1');
INSERT INTO `iot_exec_log` VALUES ('402881f15417ea3701541870fbca0097', '402881f153c69c9a0153c6a9121b0014', '4028814853c640db0153c64bbe220002', '402881485412dff80154131b8c820012', '2016-04-15 13:42:18', '1');
INSERT INTO `iot_exec_log` VALUES ('402881f15417ea3701541870ff920098', '402881f153c69c9a0153c6a9121b0014', '4028814853c640db0153c64be15b0003', '402881485412dff80154131b8c820012', '2016-04-15 13:42:19', '1');
INSERT INTO `iot_exec_log` VALUES ('402881f15417ea370154187102250099', '4028814853c63d0f0153c63d92ee0005', '4028814853c640db0153c64bbe220002', '402881485412dff80154131b8c820012', '2016-04-15 13:42:19', '1');
INSERT INTO `iot_exec_log` VALUES ('402881f15417ea370154187104cb009a', '4028814853c63d0f0153c63d92ee0005', '4028814853c640db0153c64be15b0003', '402881485412dff80154131b8c820012', '2016-04-15 13:42:20', '1');
INSERT INTO `iot_exec_log` VALUES ('402881f15417ea37015418710758009b', '4028814853c63d0f0153c63d92ee0005', '4028814853c640db0153c64bbe220002', '402881485412dff80154131b8c820012', '2016-04-15 13:42:21', '1');
INSERT INTO `iot_exec_log` VALUES ('402881f15417ea370154187109bb009c', '4028814853c63d0f0153c63d92ee0005', '4028814853c640db0153c64be15b0003', '402881485412dff80154131b8c820012', '2016-04-15 13:42:21', '1');
INSERT INTO `iot_exec_log` VALUES ('402881f15417ea37015418775c6f009d', '402881f1540effee01540f017d180004', '402881f15412752501541275f1200003', '402881485412dff80154131b8c820012', '2016-04-15 13:49:16', '1');
INSERT INTO `iot_exec_log` VALUES ('402881f15417ea37015418776427009e', '402881f1540effee01540f017d180004', '402881f15412752501541275a92e0002', '402881485412dff80154131b8c820012', '2016-04-15 13:49:18', '1');
INSERT INTO `iot_exec_log` VALUES ('402881f15417ea3701541877651a009f', '402881f1540effee01540f017d180004', '402881f15412752501541275a92e0002', '402881485412dff80154131b8c820012', '2016-04-15 13:49:18', '1');
INSERT INTO `iot_exec_log` VALUES ('402881f154187adb0154187b0c3b0002', '402881f1540effee01540f017d180004', '402881f15412752501541275f1200003', '402881485412dff80154131b8c820012', '2016-04-15 13:53:17', '1');
INSERT INTO `iot_exec_log` VALUES ('402881f154187adb0154187b10080003', '402881f1540effee01540f017d180004', '402881f15412752501541275a92e0002', '402881485412dff80154131b8c820012', '2016-04-15 13:53:18', '1');
INSERT INTO `iot_exec_log` VALUES ('402881f154187adb0154187b10530004', '402881f1540effee01540f017d180004', '402881f15412752501541275a92e0002', '402881485412dff80154131b8c820012', '2016-04-15 13:53:18', '1');
INSERT INTO `iot_exec_log` VALUES ('402881f1541885c701541887bd9b0005', '402881f1540effee01540f017d180004', '402881f1541885c7015418878cc80004', '40288148532bfee801532c00a0930012', '2016-04-15 14:07:09', '1');
INSERT INTO `iot_exec_log` VALUES ('402881f1541885c701541888ef7b0006', '402881f1540effee01540f017d180004', '402881f1541885c7015418878cc80004', '40288148532bfee801532c00a0930012', '2016-04-15 14:08:28', '1');
INSERT INTO `iot_exec_log` VALUES ('402881f1541885c701541888fc890007', '402881f1540effee01540f017d180004', '402881f1541885c7015418878cc80004', '40288148532bfee801532c00a0930012', '2016-04-15 14:08:31', '1');
INSERT INTO `iot_exec_log` VALUES ('402881f1541885c7015418890b920008', '402881f1540effee01540f017d180004', '402881f15412752501541275a92e0002', '40288148532bfee801532c00a0930012', '2016-04-15 14:08:35', '1');
INSERT INTO `iot_exec_log` VALUES ('402881f1541885c7015418890cb50009', '402881f1540effee01540f017d180004', '402881f15412752501541275a92e0002', '40288148532bfee801532c00a0930012', '2016-04-15 14:08:35', '1');
INSERT INTO `iot_exec_log` VALUES ('402881f1541885c701541889168c000a', '402881f1540effee01540f017d180004', '402881f1541885c7015418878cc80004', '40288148532bfee801532c00a0930012', '2016-04-15 14:08:38', '1');
INSERT INTO `iot_exec_log` VALUES ('402881f1541885c701541889bac8000b', '402881f1540effee01540f017d180004', '402881f15412752501541275a92e0002', '40288148532bfee801532c00a0930012', '2016-04-15 14:09:20', '1');
INSERT INTO `iot_exec_log` VALUES ('402881f1541885c701541889bb2a000c', '402881f1540effee01540f017d180004', '402881f15412752501541275a92e0002', '40288148532bfee801532c00a0930012', '2016-04-15 14:09:20', '1');
INSERT INTO `iot_exec_log` VALUES ('402881f1541885c70154188bd805000d', '402881f1540effee01540f017d180004', '402881f1541885c7015418878cc80004', '40288148532bfee801532c00a0930012', '2016-04-15 14:11:38', '1');
INSERT INTO `iot_exec_log` VALUES ('402881f154188f840154188fe0410002', '402881f1540effee01540f017d180004', '402881f15412752501541275a92e0002', '402881485412dff80154131b8c820012', '2016-04-15 14:16:02', '1');
INSERT INTO `iot_exec_log` VALUES ('402881f154188f840154189011730003', '402881f1540effee01540f017d180004', '402881f15412752501541275a92e0002', '402881485412dff80154131b8c820012', '2016-04-15 14:16:15', '1');
INSERT INTO `iot_exec_log` VALUES ('402881f154188f840154189061020004', '402881f1540effee01540f017d180004', '402881f1541885c7015418878cc80004', '402881485412dff80154131b8c820012', '2016-04-15 14:16:35', '1');
INSERT INTO `iot_exec_log` VALUES ('402881f154188f84015418906d790005', '402881f1540effee01540f017d180004', '402881f15412752501541275f1200003', '402881485412dff80154131b8c820012', '2016-04-15 14:16:39', '1');
INSERT INTO `iot_exec_log` VALUES ('402881f154188f84015418907c3d0006', '402881f1540effee01540f017d180004', '402881f1541885c7015418878cc80004', '402881485412dff80154131b8c820012', '2016-04-15 14:16:42', '1');
INSERT INTO `iot_exec_log` VALUES ('402881f154188f840154189080f50007', '402881f1540effee01540f017d180004', '402881f1541885c7015418878cc80004', '402881485412dff80154131b8c820012', '2016-04-15 14:16:44', '1');
INSERT INTO `iot_exec_log` VALUES ('402881f154188f840154189083340008', '402881f1540effee01540f017d180004', '402881f1541885c7015418878cc80004', '402881485412dff80154131b8c820012', '2016-04-15 14:16:44', '1');
INSERT INTO `iot_exec_log` VALUES ('402881f154188f840154189084140009', '402881f1540effee01540f017d180004', '402881f1541885c7015418878cc80004', '402881485412dff80154131b8c820012', '2016-04-15 14:16:44', '1');
INSERT INTO `iot_exec_log` VALUES ('402881f154188f840154189084f3000a', '402881f1540effee01540f017d180004', '402881f1541885c7015418878cc80004', '402881485412dff80154131b8c820012', '2016-04-15 14:16:45', '1');
INSERT INTO `iot_exec_log` VALUES ('402881f154188f840154189085c3000b', '402881f1540effee01540f017d180004', '402881f1541885c7015418878cc80004', '402881485412dff80154131b8c820012', '2016-04-15 14:16:45', '1');
INSERT INTO `iot_exec_log` VALUES ('402881f154188f8401541890868e000c', '402881f1540effee01540f017d180004', '402881f1541885c7015418878cc80004', '402881485412dff80154131b8c820012', '2016-04-15 14:16:45', '1');
INSERT INTO `iot_exec_log` VALUES ('402881f154188f84015418908755000d', '402881f1540effee01540f017d180004', '402881f1541885c7015418878cc80004', '402881485412dff80154131b8c820012', '2016-04-15 14:16:45', '1');
INSERT INTO `iot_exec_log` VALUES ('402881f154188f84015418908a35000e', '402881f1540effee01540f017d180004', '402881f1541885c7015418878cc80004', '402881485412dff80154131b8c820012', '2016-04-15 14:16:46', '1');
INSERT INTO `iot_exec_log` VALUES ('402881f154188f84015418908b0b000f', '402881f1540effee01540f017d180004', '402881f1541885c7015418878cc80004', '402881485412dff80154131b8c820012', '2016-04-15 14:16:46', '1');
INSERT INTO `iot_exec_log` VALUES ('402881f154188f84015418908bee0010', '402881f1540effee01540f017d180004', '402881f1541885c7015418878cc80004', '402881485412dff80154131b8c820012', '2016-04-15 14:16:46', '1');
INSERT INTO `iot_exec_log` VALUES ('402881f154188f840154189097360011', '402881f1540effee01540f017d180004', '402881f1541885c7015418878cc80004', '402881485412dff80154131b8c820012', '2016-04-15 14:16:49', '1');
INSERT INTO `iot_exec_log` VALUES ('402881f154188f840154189098120012', '402881f1540effee01540f017d180004', '402881f1541885c7015418878cc80004', '402881485412dff80154131b8c820012', '2016-04-15 14:16:49', '1');
INSERT INTO `iot_exec_log` VALUES ('402881f154188f840154189099270013', '402881f1540effee01540f017d180004', '402881f1541885c7015418878cc80004', '402881485412dff80154131b8c820012', '2016-04-15 14:16:50', '1');
INSERT INTO `iot_exec_log` VALUES ('402881f154188f840154189099fe0014', '402881f1540effee01540f017d180004', '402881f1541885c7015418878cc80004', '402881485412dff80154131b8c820012', '2016-04-15 14:16:50', '1');
INSERT INTO `iot_exec_log` VALUES ('402881f154188f84015418909ac40015', '402881f1540effee01540f017d180004', '402881f1541885c7015418878cc80004', '402881485412dff80154131b8c820012', '2016-04-15 14:16:50', '1');
INSERT INTO `iot_exec_log` VALUES ('402881f154188f84015418909ba80016', '402881f1540effee01540f017d180004', '402881f1541885c7015418878cc80004', '402881485412dff80154131b8c820012', '2016-04-15 14:16:50', '1');
INSERT INTO `iot_exec_log` VALUES ('402881f154188f84015418909c7d0017', '402881f1540effee01540f017d180004', '402881f1541885c7015418878cc80004', '402881485412dff80154131b8c820012', '2016-04-15 14:16:51', '1');
INSERT INTO `iot_exec_log` VALUES ('402881f154188f84015418909d4f0018', '402881f1540effee01540f017d180004', '402881f1541885c7015418878cc80004', '402881485412dff80154131b8c820012', '2016-04-15 14:16:51', '1');
INSERT INTO `iot_exec_log` VALUES ('402881f154188f84015418909e150019', '402881f1540effee01540f017d180004', '402881f1541885c7015418878cc80004', '402881485412dff80154131b8c820012', '2016-04-15 14:16:51', '1');
INSERT INTO `iot_exec_log` VALUES ('402881f154188f84015418909ee5001a', '402881f1540effee01540f017d180004', '402881f1541885c7015418878cc80004', '402881485412dff80154131b8c820012', '2016-04-15 14:16:51', '1');
INSERT INTO `iot_exec_log` VALUES ('402881f154188f8401541890a708001b', '402881f1540effee01540f017d180004', '402881f1541885c7015418878cc80004', '402881485412dff80154131b8c820012', '2016-04-15 14:16:53', '1');
INSERT INTO `iot_exec_log` VALUES ('402881f154188f8401541890aa0d001c', '402881f1540effee01540f017d180004', '402881f15412752501541275a92e0002', '402881485412dff80154131b8c820012', '2016-04-15 14:16:54', '1');
INSERT INTO `iot_exec_log` VALUES ('402881f154188f8401541890aa4f001d', '402881f1540effee01540f017d180004', '402881f15412752501541275a92e0002', '402881485412dff80154131b8c820012', '2016-04-15 14:16:54', '1');
INSERT INTO `iot_exec_log` VALUES ('402881f154188f8401541890af54001e', '402881f1540effee01540f017d180004', '402881f1541885c7015418878cc80004', '402881485412dff80154131b8c820012', '2016-04-15 14:16:55', '1');
INSERT INTO `iot_exec_log` VALUES ('402881f154188f8401541890b1ef001f', '402881f1540effee01540f017d180004', '402881f1541885c7015418878cc80004', '402881485412dff80154131b8c820012', '2016-04-15 14:16:56', '1');
INSERT INTO `iot_exec_log` VALUES ('402881f154188f8401541890b2c60020', '402881f1540effee01540f017d180004', '402881f1541885c7015418878cc80004', '402881485412dff80154131b8c820012', '2016-04-15 14:16:56', '1');
INSERT INTO `iot_exec_log` VALUES ('402881f154188f8401541890b3950021', '402881f1540effee01540f017d180004', '402881f1541885c7015418878cc80004', '402881485412dff80154131b8c820012', '2016-04-15 14:16:56', '1');
INSERT INTO `iot_exec_log` VALUES ('402881f154188f8401541890b4600022', '402881f1540effee01540f017d180004', '402881f1541885c7015418878cc80004', '402881485412dff80154131b8c820012', '2016-04-15 14:16:57', '1');
INSERT INTO `iot_exec_log` VALUES ('402881f154188f8401541890b52b0023', '402881f1540effee01540f017d180004', '402881f1541885c7015418878cc80004', '402881485412dff80154131b8c820012', '2016-04-15 14:16:57', '1');
INSERT INTO `iot_exec_log` VALUES ('402881f154188f8401541890cd860024', '402881f1540effee01540f017d180004', '402881f1541885c7015418878cc80004', '402881485412dff80154131b8c820012', '2016-04-15 14:17:03', '1');
INSERT INTO `iot_exec_log` VALUES ('402881f154188f8401541890cfe10025', '402881f1540effee01540f017d180004', '402881f1541885c7015418878cc80004', '402881485412dff80154131b8c820012', '2016-04-15 14:17:04', '1');
INSERT INTO `iot_exec_log` VALUES ('402881f154188f8401541890d0d40026', '402881f1540effee01540f017d180004', '402881f1541885c7015418878cc80004', '402881485412dff80154131b8c820012', '2016-04-15 14:17:04', '1');
INSERT INTO `iot_exec_log` VALUES ('402881f154188f8401541890d1840027', '402881f1540effee01540f017d180004', '402881f1541885c7015418878cc80004', '402881485412dff80154131b8c820012', '2016-04-15 14:17:04', '1');
INSERT INTO `iot_exec_log` VALUES ('402881f154188f8401541890d2600028', '402881f1540effee01540f017d180004', '402881f1541885c7015418878cc80004', '402881485412dff80154131b8c820012', '2016-04-15 14:17:04', '1');
INSERT INTO `iot_exec_log` VALUES ('402881f154188f8401541890d3310029', '402881f1540effee01540f017d180004', '402881f1541885c7015418878cc80004', '402881485412dff80154131b8c820012', '2016-04-15 14:17:05', '1');
INSERT INTO `iot_exec_log` VALUES ('402881f154188f8401541890d3ed002a', '402881f1540effee01540f017d180004', '402881f1541885c7015418878cc80004', '402881485412dff80154131b8c820012', '2016-04-15 14:17:05', '1');
INSERT INTO `iot_exec_log` VALUES ('402881f154188f8401541890d606002b', '402881f1540effee01540f017d180004', '402881f1541885c7015418878cc80004', '402881485412dff80154131b8c820012', '2016-04-15 14:17:05', '1');
INSERT INTO `iot_exec_log` VALUES ('402881f154188f8401541890d7d6002c', '402881f1540effee01540f017d180004', '402881f1541885c7015418878cc80004', '402881485412dff80154131b8c820012', '2016-04-15 14:17:06', '1');
INSERT INTO `iot_exec_log` VALUES ('402881f154188f8401541890d8be002d', '402881f1540effee01540f017d180004', '402881f1541885c7015418878cc80004', '402881485412dff80154131b8c820012', '2016-04-15 14:17:06', '1');
INSERT INTO `iot_exec_log` VALUES ('402881f154188f8401541890d996002e', '402881f1540effee01540f017d180004', '402881f1541885c7015418878cc80004', '402881485412dff80154131b8c820012', '2016-04-15 14:17:06', '1');
INSERT INTO `iot_exec_log` VALUES ('402881f154188f8401541890da94002f', '402881f1540effee01540f017d180004', '402881f1541885c7015418878cc80004', '402881485412dff80154131b8c820012', '2016-04-15 14:17:06', '1');
INSERT INTO `iot_exec_log` VALUES ('402881f154188f8401541890db6c0030', '402881f1540effee01540f017d180004', '402881f1541885c7015418878cc80004', '402881485412dff80154131b8c820012', '2016-04-15 14:17:07', '1');
INSERT INTO `iot_exec_log` VALUES ('402881f154188f8401541890dc6d0031', '402881f1540effee01540f017d180004', '402881f1541885c7015418878cc80004', '402881485412dff80154131b8c820012', '2016-04-15 14:17:07', '1');
INSERT INTO `iot_exec_log` VALUES ('402881f154188f8401541890dd850032', '402881f1540effee01540f017d180004', '402881f1541885c7015418878cc80004', '402881485412dff80154131b8c820012', '2016-04-15 14:17:07', '1');
INSERT INTO `iot_exec_log` VALUES ('402881f154188f8401541890de700033', '402881f1540effee01540f017d180004', '402881f1541885c7015418878cc80004', '402881485412dff80154131b8c820012', '2016-04-15 14:17:07', '1');
INSERT INTO `iot_exec_log` VALUES ('402881f154188f8401541890df710034', '402881f1540effee01540f017d180004', '402881f1541885c7015418878cc80004', '402881485412dff80154131b8c820012', '2016-04-15 14:17:08', '1');
INSERT INTO `iot_exec_log` VALUES ('402881f154188f8401541890e05d0035', '402881f1540effee01540f017d180004', '402881f1541885c7015418878cc80004', '402881485412dff80154131b8c820012', '2016-04-15 14:17:08', '1');
INSERT INTO `iot_exec_log` VALUES ('402881f154188f8401541890e1260036', '402881f1540effee01540f017d180004', '402881f1541885c7015418878cc80004', '402881485412dff80154131b8c820012', '2016-04-15 14:17:08', '1');
INSERT INTO `iot_exec_log` VALUES ('402881f154188f8401541890e5f40037', '402881f1540effee01540f017d180004', '402881f1541885c7015418878cc80004', '402881485412dff80154131b8c820012', '2016-04-15 14:17:09', '1');
INSERT INTO `iot_exec_log` VALUES ('402881f154188f8401541890e8490038', '402881f1540effee01540f017d180004', '402881f1541885c7015418878cc80004', '402881485412dff80154131b8c820012', '2016-04-15 14:17:10', '1');
INSERT INTO `iot_exec_log` VALUES ('402881f154188f8401541890eb310039', '402881f1540effee01540f017d180004', '402881f1541885c7015418878cc80004', '402881485412dff80154131b8c820012', '2016-04-15 14:17:11', '1');
INSERT INTO `iot_exec_log` VALUES ('402881f154188f8401541890ed5a003a', '402881f1540effee01540f017d180004', '402881f1541885c7015418878cc80004', '402881485412dff80154131b8c820012', '2016-04-15 14:17:11', '1');
INSERT INTO `iot_exec_log` VALUES ('402881f154188f8401541890ef9f003b', '402881f1540effee01540f017d180004', '402881f1541885c7015418878cc80004', '402881485412dff80154131b8c820012', '2016-04-15 14:17:12', '1');
INSERT INTO `iot_exec_log` VALUES ('402881f154188f8401541890f1b8003c', '402881f1540effee01540f017d180004', '402881f1541885c7015418878cc80004', '402881485412dff80154131b8c820012', '2016-04-15 14:17:12', '1');
INSERT INTO `iot_exec_log` VALUES ('402881f154188f84015418912da5003d', '402881f1540effee01540f017d180004', '402881f1541885c7015418878cc80004', '402881485412dff80154131b8c820012', '2016-04-15 14:17:28', '1');
INSERT INTO `iot_exec_log` VALUES ('402881f154188f84015418921f8f003e', '402881f1540effee01540f017d180004', '402881f15412752501541275f1200003', '402881485412dff80154131b8c820012', '2016-04-15 14:18:30', '1');
INSERT INTO `iot_exec_log` VALUES ('402881f154188f84015418937702003f', '402881f1540effee01540f017d180004', '402881f15412752501541275a92e0002', '402881485412dff80154131b8c820012', '2016-04-15 14:19:58', '1');
INSERT INTO `iot_exec_log` VALUES ('402881f154188f840154189377680040', '402881f1540effee01540f017d180004', '402881f15412752501541275a92e0002', '402881485412dff80154131b8c820012', '2016-04-15 14:19:58', '1');
INSERT INTO `iot_exec_log` VALUES ('402881f154188f84015418937c180041', '402881f1540effee01540f017d180004', '402881f15412752501541275f1200003', '402881485412dff80154131b8c820012', '2016-04-15 14:19:59', '1');
INSERT INTO `iot_exec_log` VALUES ('402881f154188f84015418937eb70042', '402881f1540effee01540f017d180004', '402881f15412752501541275a92e0002', '402881485412dff80154131b8c820012', '2016-04-15 14:20:00', '1');
INSERT INTO `iot_exec_log` VALUES ('402881f154188f84015418937f000043', '402881f1540effee01540f017d180004', '402881f15412752501541275a92e0002', '402881485412dff80154131b8c820012', '2016-04-15 14:20:00', '1');
INSERT INTO `iot_exec_log` VALUES ('402881f154188f8401541893826a0044', '402881f1540effee01540f017d180004', '402881f15412752501541275f1200003', '402881485412dff80154131b8c820012', '2016-04-15 14:20:01', '1');
INSERT INTO `iot_exec_log` VALUES ('402881f154188f840154189384d60045', '402881f1540effee01540f017d180004', '402881f15412752501541275a92e0002', '402881485412dff80154131b8c820012', '2016-04-15 14:20:01', '1');
INSERT INTO `iot_exec_log` VALUES ('402881f154188f8401541893851a0046', '402881f1540effee01540f017d180004', '402881f15412752501541275a92e0002', '402881485412dff80154131b8c820012', '2016-04-15 14:20:01', '1');
INSERT INTO `iot_exec_log` VALUES ('402881f154188f840154189387590047', '4028814853c63d0f0153c63d92ee0005', '4028814853c640db0153c64bbe220002', '402881485412dff80154131b8c820012', '2016-04-15 14:20:02', '1');
INSERT INTO `iot_exec_log` VALUES ('402881f154188f84015418938b950048', '4028814853c63d0f0153c63d92ee0005', '4028814853c640db0153c64be15b0003', '402881485412dff80154131b8c820012', '2016-04-15 14:20:03', '1');
INSERT INTO `iot_exec_log` VALUES ('402881f154188f84015418938f9d0049', '402881f153c69c9a0153c6a9121b0014', '4028814853c640db0153c64bbe220002', '402881485412dff80154131b8c820012', '2016-04-15 14:20:04', '1');
INSERT INTO `iot_exec_log` VALUES ('402881f154188f840154189398bb004a', '402881f153c69c9a0153c6a9121b0014', '4028814853c640db0153c64be15b0003', '402881485412dff80154131b8c820012', '2016-04-15 14:20:06', '1');
INSERT INTO `iot_exec_log` VALUES ('402881f1541894d101541894ee1b0002', '402881f1540effee01540f017d180004', '402881f1541885c7015418878cc80004', '402881485412dff80154131b8c820012', '2016-04-15 14:21:34', '0');
INSERT INTO `iot_exec_log` VALUES ('402881f1541894d101541894f5970003', '402881f1540effee01540f017d180004', '402881f15412752501541275f1200003', '402881485412dff80154131b8c820012', '2016-04-15 14:21:36', '0');
INSERT INTO `iot_exec_log` VALUES ('402881f1541894d101541894faae0004', '4028814853c63d0f0153c63d92ee0005', '4028814853c640db0153c64bbe220002', '402881485412dff80154131b8c820012', '2016-04-15 14:21:37', '0');
INSERT INTO `iot_exec_log` VALUES ('402881f1541894d101541894ff380005', '402881f153c69c9a0153c6a9121b0014', '4028814853c640db0153c64bbe220002', '402881485412dff80154131b8c820012', '2016-04-15 14:21:38', '0');
INSERT INTO `iot_exec_log` VALUES ('402881f1541894d101541895074d0006', '4028814853c640db0153c64dacbb0009', '4028814853c640db0153c64d247d0008', '402881485412dff80154131b8c820012', '2016-04-15 14:21:40', '0');
INSERT INTO `iot_exec_log` VALUES ('402881f1541894d1015418950ea00007', '4028814853c63d0f0153c63d92ef0007', '4028814853c640db0153c64c5ea40005', '402881485412dff80154131b8c820012', '2016-04-15 14:21:42', '0');
INSERT INTO `iot_exec_log` VALUES ('402881f1541894d101541895bc44000a', '4028814853c63d0f0153c63d92ee0005', '4028814853c640db0153c64be15b0003', '40288148532bfee801532c00a0930012', '2016-04-15 14:22:26', '0');
INSERT INTO `iot_exec_log` VALUES ('402881f1541894d101541895bc62000b', '4028814853c63d0f0153c63d92ef0007', '4028814853c640db0153c64cd9080006', '40288148532bfee801532c00a0930012', '2016-04-15 14:22:26', '0');
INSERT INTO `iot_exec_log` VALUES ('402881f1541894d101541895bc7c000c', '4028814853c640db0153c64dacbb0009', '4028814853c640db0153c64d09670007', '40288148532bfee801532c00a0930012', '2016-04-15 14:22:26', '0');
INSERT INTO `iot_exec_log` VALUES ('402881f1541894d101541895bc9e000d', '402881f153c69c9a0153c6a9121b0014', '4028814853c640db0153c64be15b0003', '40288148532bfee801532c00a0930012', '2016-04-15 14:22:26', '0');
INSERT INTO `iot_exec_log` VALUES ('402881f1541894d1015418bc54f50010', '402881f153c69c9a0153c6a9121b0014', '4028814853c640db0153c64bbe220002', '402881485412dff80154131b8c820012', '2016-04-15 15:04:36', '0');
INSERT INTO `iot_exec_log` VALUES ('402881f1541894d1015418bc58490011', '402881f153c69c9a0153c6a9121b0014', '4028814853c640db0153c64bbe220002', '402881485412dff80154131b8c820012', '2016-04-15 15:04:37', '0');
INSERT INTO `iot_exec_log` VALUES ('402881f15418c664015418d4366c0004', '402881f153c69c9a0153c6a9121b0014', '4028814853c640db0153c64bbe220002', '402881485412dff80154131b8c820012', '2016-04-15 15:30:41', '0');
INSERT INTO `iot_exec_log` VALUES ('402881f15418c664015418d44c6d0005', '402881f153c69c9a0153c6a9121b0014', '4028814853c640db0153c64bbe220002', '402881485412dff80154131b8c820012', '2016-04-15 15:30:47', '0');
INSERT INTO `iot_exec_log` VALUES ('402881f15418c664015418d44fcc0006', '402881f153c69c9a0153c6a9121b0014', '4028814853c640db0153c64bbe220002', '402881485412dff80154131b8c820012', '2016-04-15 15:30:47', '0');
INSERT INTO `iot_exec_log` VALUES ('402881f15418c664015418d450d60007', '402881f153c69c9a0153c6a9121b0014', '4028814853c640db0153c64bbe220002', '402881485412dff80154131b8c820012', '2016-04-15 15:30:48', '0');
INSERT INTO `iot_exec_log` VALUES ('402881f15418c664015418d451b00008', '402881f153c69c9a0153c6a9121b0014', '4028814853c640db0153c64bbe220002', '402881485412dff80154131b8c820012', '2016-04-15 15:30:48', '0');
INSERT INTO `iot_exec_log` VALUES ('402881f15418c664015418d4528f0009', '402881f153c69c9a0153c6a9121b0014', '4028814853c640db0153c64bbe220002', '402881485412dff80154131b8c820012', '2016-04-15 15:30:48', '0');
INSERT INTO `iot_exec_log` VALUES ('402881f15418c664015418d45360000a', '402881f153c69c9a0153c6a9121b0014', '4028814853c640db0153c64bbe220002', '402881485412dff80154131b8c820012', '2016-04-15 15:30:48', '0');
INSERT INTO `iot_exec_log` VALUES ('402881f15418c664015418d45420000b', '402881f153c69c9a0153c6a9121b0014', '4028814853c640db0153c64bbe220002', '402881485412dff80154131b8c820012', '2016-04-15 15:30:48', '0');
INSERT INTO `iot_exec_log` VALUES ('402881f15418c664015418d454f1000c', '402881f153c69c9a0153c6a9121b0014', '4028814853c640db0153c64bbe220002', '402881485412dff80154131b8c820012', '2016-04-15 15:30:49', '0');
INSERT INTO `iot_exec_log` VALUES ('402881f15418c664015418d455b1000d', '402881f153c69c9a0153c6a9121b0014', '4028814853c640db0153c64bbe220002', '402881485412dff80154131b8c820012', '2016-04-15 15:30:49', '0');
INSERT INTO `iot_exec_log` VALUES ('402881f15418c664015418d45677000e', '402881f153c69c9a0153c6a9121b0014', '4028814853c640db0153c64bbe220002', '402881485412dff80154131b8c820012', '2016-04-15 15:30:49', '0');
INSERT INTO `iot_exec_log` VALUES ('402881f15418c664015418e82e97000f', '402881f1540effee01540f017d180004', '402881f15412752501541275a92e0002', '402881485412dff80154131b8c820012', '2016-04-15 15:52:30', '0');
INSERT INTO `iot_exec_log` VALUES ('402881f15418c664015418f872f40010', '402881f1540effee01540f017d180004', '402881f1541885c7015418878cc80004', '402881485412dff80154131b8c820012', '2016-04-15 16:10:16', '0');
INSERT INTO `iot_exec_log` VALUES ('402881f15418c6640154190698ce0011', '4028814853c63d0f0153c63d92ee0005', '402881f153c645b80153c67242b00006', '402881485412dff80154131b8c820012', '2016-04-15 16:25:43', '0');
INSERT INTO `iot_exec_log` VALUES ('402881f15418c66401541919f6600014', '402881f153c69c9a0153c6a9121b0014', '402881f153c645b80153c6769ca4000b', '40288148532bfee801532c00a0930012', '2016-04-15 16:46:52', '0');
INSERT INTO `iot_exec_log` VALUES ('402881f15418c6640154192436f00015', '402881f1540effee01540f017d180004', '402881f1541885c7015418878cc80004', '40288148532bfee801532c00a0930012', '2016-04-15 16:58:04', '0');
INSERT INTO `iot_exec_log` VALUES ('402881f15418c66401541925cdf60016', '402881f1540effee01540f017d180004', '402881f1541885c7015418878cc80004', '40288148532bfee801532c00a0930012', '2016-04-15 16:59:48', '0');
INSERT INTO `iot_exec_log` VALUES ('402881f15418c66401541925eb950017', '402881f1540effee01540f017d180004', '402881f1541885c7015418878cc80004', '40288148532bfee801532c00a0930012', '2016-04-15 16:59:56', '0');
INSERT INTO `iot_exec_log` VALUES ('402881f15418c66401541926e1b40018', '402881f1540effee01540f017d180004', '402881f1541885c7015418878cc80004', '40288148532bfee801532c00a0930012', '2016-04-15 17:00:59', '0');
INSERT INTO `iot_exec_log` VALUES ('402881f15418c66401541926e89f0019', '402881f1540effee01540f017d180004', '402881f1541885c7015418878cc80004', '40288148532bfee801532c00a0930012', '2016-04-15 17:01:00', '0');
INSERT INTO `iot_exec_log` VALUES ('402881f15418c66401541926ef01001a', '402881f1540effee01540f017d180004', '402881f1541885c7015418878cc80004', '40288148532bfee801532c00a0930012', '2016-04-15 17:01:02', '0');
INSERT INTO `iot_exec_log` VALUES ('402881f15418c66401541926f1c4001b', '402881f1540effee01540f017d180004', '402881f1541885c7015418878cc80004', '40288148532bfee801532c00a0930012', '2016-04-15 17:01:03', '0');
INSERT INTO `iot_exec_log` VALUES ('402881f15418c66401541926f295001c', '402881f1540effee01540f017d180004', '402881f1541885c7015418878cc80004', '40288148532bfee801532c00a0930012', '2016-04-15 17:01:03', '0');
INSERT INTO `iot_exec_log` VALUES ('402881f15418c66401541926f362001d', '402881f1540effee01540f017d180004', '402881f1541885c7015418878cc80004', '40288148532bfee801532c00a0930012', '2016-04-15 17:01:03', '0');
INSERT INTO `iot_exec_log` VALUES ('402881f15418c66401541926f55a001e', '402881f1540effee01540f017d180004', '402881f1541885c7015418878cc80004', '40288148532bfee801532c00a0930012', '2016-04-15 17:01:04', '0');
INSERT INTO `iot_exec_log` VALUES ('402881f15418c66401541926f671001f', '402881f1540effee01540f017d180004', '402881f1541885c7015418878cc80004', '40288148532bfee801532c00a0930012', '2016-04-15 17:01:04', '0');
INSERT INTO `iot_exec_log` VALUES ('402881f15418c66401541926f8030020', '402881f1540effee01540f017d180004', '402881f1541885c7015418878cc80004', '40288148532bfee801532c00a0930012', '2016-04-15 17:01:04', '0');
INSERT INTO `iot_exec_log` VALUES ('402881f15418c66401541926fb060021', '402881f1540effee01540f017d180004', '402881f1541885c7015418878cc80004', '40288148532bfee801532c00a0930012', '2016-04-15 17:01:05', '0');
INSERT INTO `iot_exec_log` VALUES ('402881f15418c6640154192851930022', '402881f1540effee01540f017d180004', '402881f1541885c7015418878cc80004', '40288148532bfee801532c00a0930012', '2016-04-15 17:02:33', '0');
INSERT INTO `iot_exec_log` VALUES ('402881f15418c664015419286cf00023', '402881f1540effee01540f017d180004', '402881f1541885c7015418878cc80004', '40288148532bfee801532c00a0930012', '2016-04-15 17:02:40', '0');
INSERT INTO `iot_exec_log` VALUES ('402881f15418c664015419286f660024', '402881f1540effee01540f017d180004', '402881f1541885c7015418878cc80004', '40288148532bfee801532c00a0930012', '2016-04-15 17:02:40', '0');
INSERT INTO `iot_exec_log` VALUES ('402881f15418c66401541928702d0025', '402881f1540effee01540f017d180004', '402881f1541885c7015418878cc80004', '40288148532bfee801532c00a0930012', '2016-04-15 17:02:41', '0');
INSERT INTO `iot_exec_log` VALUES ('402881f15418c6640154192870f80026', '402881f1540effee01540f017d180004', '402881f1541885c7015418878cc80004', '40288148532bfee801532c00a0930012', '2016-04-15 17:02:41', '0');
INSERT INTO `iot_exec_log` VALUES ('402881f15418c66401541928719d0027', '402881f1540effee01540f017d180004', '402881f1541885c7015418878cc80004', '40288148532bfee801532c00a0930012', '2016-04-15 17:02:41', '0');
INSERT INTO `iot_exec_log` VALUES ('402881f15418c6640154192875620028', '402881f1540effee01540f017d180004', '402881f1541885c7015418878cc80004', '40288148532bfee801532c00a0930012', '2016-04-15 17:02:42', '0');
INSERT INTO `iot_exec_log` VALUES ('402881f15418c6640154192877c60029', '402881f1540effee01540f017d180004', '402881f1541885c7015418878cc80004', '40288148532bfee801532c00a0930012', '2016-04-15 17:02:43', '0');
INSERT INTO `iot_exec_log` VALUES ('402881f15418c664015419287996002a', '402881f1540effee01540f017d180004', '402881f1541885c7015418878cc80004', '40288148532bfee801532c00a0930012', '2016-04-15 17:02:43', '0');
INSERT INTO `iot_exec_log` VALUES ('402881f15418c664015419287bcf002b', '402881f1540effee01540f017d180004', '402881f1541885c7015418878cc80004', '40288148532bfee801532c00a0930012', '2016-04-15 17:02:44', '0');
INSERT INTO `iot_exec_log` VALUES ('402881f15418c664015419287cea002c', '402881f1540effee01540f017d180004', '402881f1541885c7015418878cc80004', '40288148532bfee801532c00a0930012', '2016-04-15 17:02:44', '0');
INSERT INTO `iot_exec_log` VALUES ('402881f15418c664015419287db4002d', '402881f1540effee01540f017d180004', '402881f1541885c7015418878cc80004', '40288148532bfee801532c00a0930012', '2016-04-15 17:02:44', '0');
INSERT INTO `iot_exec_log` VALUES ('402881f15418c664015419287e8b002e', '402881f1540effee01540f017d180004', '402881f1541885c7015418878cc80004', '40288148532bfee801532c00a0930012', '2016-04-15 17:02:44', '0');
INSERT INTO `iot_exec_log` VALUES ('402881f15418c6640154192883cf002f', '402881f1540effee01540f017d180004', '402881f1541885c7015418878cc80004', '40288148532bfee801532c00a0930012', '2016-04-15 17:02:46', '0');
INSERT INTO `iot_exec_log` VALUES ('402881f15418c6640154192886dd0030', '402881f1540effee01540f017d180004', '402881f1541885c7015418878cc80004', '40288148532bfee801532c00a0930012', '2016-04-15 17:02:47', '0');
INSERT INTO `iot_exec_log` VALUES ('402881f15418c66401541928893d0031', '402881f1540effee01540f017d180004', '402881f1541885c7015418878cc80004', '40288148532bfee801532c00a0930012', '2016-04-15 17:02:47', '0');
INSERT INTO `iot_exec_log` VALUES ('402881f15418c664015419288bb00032', '402881f1540effee01540f017d180004', '402881f1541885c7015418878cc80004', '40288148532bfee801532c00a0930012', '2016-04-15 17:02:48', '0');
INSERT INTO `iot_exec_log` VALUES ('402881f15418c66401541928929e0033', '402881f1540effee01540f017d180004', '402881f1541885c7015418878cc80004', '40288148532bfee801532c00a0930012', '2016-04-15 17:02:50', '0');
INSERT INTO `iot_exec_log` VALUES ('402881f15418c6640154192895050034', '402881f1540effee01540f017d180004', '402881f1541885c7015418878cc80004', '40288148532bfee801532c00a0930012', '2016-04-15 17:02:50', '0');
INSERT INTO `iot_exec_log` VALUES ('402881f15418c6640154192896bd0035', '402881f1540effee01540f017d180004', '402881f1541885c7015418878cc80004', '40288148532bfee801532c00a0930012', '2016-04-15 17:02:51', '0');
INSERT INTO `iot_exec_log` VALUES ('402881f15418c6640154192897ac0036', '402881f1540effee01540f017d180004', '402881f1541885c7015418878cc80004', '40288148532bfee801532c00a0930012', '2016-04-15 17:02:51', '0');
INSERT INTO `iot_exec_log` VALUES ('402881f15418c66401541928b5950037', '402881f1540effee01540f017d180004', '402881f1541885c7015418878cc80004', '40288148532bfee801532c00a0930012', '2016-04-15 17:02:58', '0');
INSERT INTO `iot_exec_log` VALUES ('402881f15418c66401541928b88d0038', '402881f1540effee01540f017d180004', '402881f1541885c7015418878cc80004', '40288148532bfee801532c00a0930012', '2016-04-15 17:02:59', '0');
INSERT INTO `iot_exec_log` VALUES ('402881f15418c66401541928ba450039', '402881f1540effee01540f017d180004', '402881f1541885c7015418878cc80004', '40288148532bfee801532c00a0930012', '2016-04-15 17:03:00', '0');
INSERT INTO `iot_exec_log` VALUES ('402881f15418c66401541928bb21003a', '402881f1540effee01540f017d180004', '402881f1541885c7015418878cc80004', '40288148532bfee801532c00a0930012', '2016-04-15 17:03:00', '0');
INSERT INTO `iot_exec_log` VALUES ('402881f15418c66401541928bbf5003b', '402881f1540effee01540f017d180004', '402881f1541885c7015418878cc80004', '40288148532bfee801532c00a0930012', '2016-04-15 17:03:00', '0');
INSERT INTO `iot_exec_log` VALUES ('402881f15418c664015419294654003c', '402881f1540effee01540f017d180004', '402881f1541885c7015418878cc80004', '40288148532bfee801532c00a0930012', '2016-04-15 17:03:36', '0');
INSERT INTO `iot_exec_log` VALUES ('402881f15418c6640154192ea5cf003d', '402881f1540effee01540f017d180004', '402881f1541885c7015418878cc80004', '40288148532bfee801532c00a0930012', '2016-04-15 17:09:28', '0');
INSERT INTO `iot_exec_log` VALUES ('402881f15418c6640154192eb7fc003e', '402881f1540effee01540f017d180004', '402881f15412752501541275f1200003', '40288148532bfee801532c00a0930012', '2016-04-15 17:09:32', '0');
INSERT INTO `iot_exec_log` VALUES ('402881f15418c6640154192f14e9003f', '402881f1540effee01540f017d180004', '402881f1541885c7015418878cc80004', '40288148532bfee801532c00a0930012', '2016-04-15 17:09:56', '0');
INSERT INTO `iot_exec_log` VALUES ('402881f15418c664015419336d880040', '402881f1540effee01540f017d180004', '402881f1541885c7015418878cc80004', '40288148532bfee801532c00a0930012', '2016-04-15 17:14:41', '0');
INSERT INTO `iot_exec_log` VALUES ('402881f15418c66401541933b9eb0041', '4028814853c63d0f0153c63d92ee0005', '4028814853c640db0153c64bbe220002', '40288148532bfee801532c00a0930012', '2016-04-15 17:15:00', '0');
INSERT INTO `iot_exec_log` VALUES ('402881f15418c66401541933be710042', '4028814853c63d0f0153c63d92ee0005', '4028814853c640db0153c64bbe220002', '40288148532bfee801532c00a0930012', '2016-04-15 17:15:02', '0');
INSERT INTO `iot_exec_log` VALUES ('402881f15418c66401541933cafd0043', '402881f153c69c9a0153c6a9121b0014', '402881f153c645b80153c671f8ee0005', '40288148532bfee801532c00a0930012', '2016-04-15 17:15:05', '0');
INSERT INTO `iot_exec_log` VALUES ('402881f15418c6640154193446fc0044', '402881f153c69c9a0153c6a9121b0014', '402881f153c645b80153c6758fcc0008', '40288148532bfee801532c00a0930012', '2016-04-15 17:15:37', '0');
INSERT INTO `iot_exec_log` VALUES ('402881f15418c6640154193475db0045', '402881f1540effee01540f017d180004', '402881f1541885c7015418878cc80004', '40288148532bfee801532c00a0930012', '2016-04-15 17:15:49', '0');
INSERT INTO `iot_exec_log` VALUES ('402881f15418c664015419352ba40046', '402881f1540effee01540f017d180004', '402881f1541885c7015418878cc80004', '40288148532bfee801532c00a0930012', '2016-04-15 17:16:35', '0');
INSERT INTO `iot_exec_log` VALUES ('402881f15418c664015419354f0c0047', '402881f153c69c9a0153c6a9121b0014', '402881f153c645b80153c671f8ee0005', '40288148532bfee801532c00a0930012', '2016-04-15 17:16:44', '0');
INSERT INTO `iot_exec_log` VALUES ('402881f15418c66401541935ab3d0048', '402881f153c69c9a0153c6a9121b0014', '402881f153c645b80153c671f8ee0005', '40288148532bfee801532c00a0930012', '2016-04-15 17:17:08', '0');
INSERT INTO `iot_exec_log` VALUES ('402881f15418c66401541936b6110049', '402881f153c69c9a0153c6a9121b0014', '402881f153c645b80153c671f8ee0005', '40288148532bfee801532c00a0930012', '2016-04-15 17:18:16', '0');
INSERT INTO `iot_exec_log` VALUES ('402881f1542719af0154271b13600002', '402881f1540effee01540f017d180004', '402881f1541885c7015418878cc80004', '40288148532bfee801532c00a0930012', '2016-04-18 10:02:46', '0');
INSERT INTO `iot_exec_log` VALUES ('402881f1542719af0154271b1c910003', '402881f1540effee01540f017d180004', '402881f1541885c7015418878cc80004', '40288148532bfee801532c00a0930012', '2016-04-18 10:02:48', '0');
INSERT INTO `iot_exec_log` VALUES ('402881f1542719af0154271b1f4c0004', '402881f1540effee01540f017d180004', '402881f1541885c7015418878cc80004', '40288148532bfee801532c00a0930012', '2016-04-18 10:02:49', '0');
INSERT INTO `iot_exec_log` VALUES ('402881f1542719af0154271b20370005', '402881f1540effee01540f017d180004', '402881f1541885c7015418878cc80004', '40288148532bfee801532c00a0930012', '2016-04-18 10:02:49', '0');
INSERT INTO `iot_exec_log` VALUES ('402881f1542719af0154271b20fd0006', '402881f1540effee01540f017d180004', '402881f1541885c7015418878cc80004', '40288148532bfee801532c00a0930012', '2016-04-18 10:02:49', '0');
INSERT INTO `iot_exec_log` VALUES ('402881f1542719af0154271b21c30007', '402881f1540effee01540f017d180004', '402881f1541885c7015418878cc80004', '40288148532bfee801532c00a0930012', '2016-04-18 10:02:50', '0');
INSERT INTO `iot_exec_log` VALUES ('402881f1542719af0154271b23f40008', '402881f1540effee01540f017d180004', '402881f1541885c7015418878cc80004', '40288148532bfee801532c00a0930012', '2016-04-18 10:02:50', '0');
INSERT INTO `iot_exec_log` VALUES ('402881f1542719af0154271b25e50009', '402881f1540effee01540f017d180004', '402881f1541885c7015418878cc80004', '40288148532bfee801532c00a0930012', '2016-04-18 10:02:51', '0');
INSERT INTO `iot_exec_log` VALUES ('402881f1542719af0154271b26d4000a', '402881f1540effee01540f017d180004', '402881f1541885c7015418878cc80004', '40288148532bfee801532c00a0930012', '2016-04-18 10:02:51', '0');
INSERT INTO `iot_exec_log` VALUES ('402881f1542719af0154271b27ae000b', '402881f1540effee01540f017d180004', '402881f1541885c7015418878cc80004', '40288148532bfee801532c00a0930012', '2016-04-18 10:02:51', '0');
INSERT INTO `iot_exec_log` VALUES ('402881f1542719af0154271b49c7000c', '402881f153c69c9a0153c6a9121b0014', '402881f153c645b80153c671f8ee0005', '40288148532bfee801532c00a0930012', '2016-04-18 10:03:00', '0');
INSERT INTO `iot_exec_log` VALUES ('402881f1542719af0154271b6bed000d', '402881f153c69c9a0153c6a9121b0014', '402881f153c645b80153c671f8ee0005', '40288148532bfee801532c00a0930012', '2016-04-18 10:03:09', '0');
INSERT INTO `iot_exec_log` VALUES ('402881f1542719af0154271c5f27000e', '4028814853c63d0f0153c63d92ee0005', '4028814853c640db0153c64bbe220002', '40288148532bfee801532c00a0930012', '2016-04-18 10:04:11', '0');
INSERT INTO `iot_exec_log` VALUES ('402881f1542719af01542723e6f0000f', '402881f1540effee01540f017d180004', '402881f1541885c7015418878cc80004', '40288148532bfee801532c00a0930012', '2016-04-18 10:12:24', '0');
INSERT INTO `iot_exec_log` VALUES ('402881f1542719af0154272673800010', '402881f1540effee01540f017d180004', '402881f1541885c7015418878cc80004', '40288148532bfee801532c00a0930012', '2016-04-18 10:15:12', '0');
INSERT INTO `iot_exec_log` VALUES ('402881f1542719af0154272675f80011', '402881f1540effee01540f017d180004', '402881f1541885c7015418878cc80004', '40288148532bfee801532c00a0930012', '2016-04-18 10:15:12', '0');
INSERT INTO `iot_exec_log` VALUES ('402881f1542719af015427268e690012', '4028814853c63d0f0153c63d92ee0005', '4028814853c640db0153c64be15b0003', '40288148532bfee801532c00a0930012', '2016-04-18 10:15:18', '0');
INSERT INTO `iot_exec_log` VALUES ('402881f1542719af015427268e8b0013', '4028814853c63d0f0153c63d92ef0007', '4028814853c640db0153c64c5ea40005', '40288148532bfee801532c00a0930012', '2016-04-18 10:15:18', '0');
INSERT INTO `iot_exec_log` VALUES ('402881f1542719af015427268eae0014', '4028814853c640db0153c64dacbb0009', '4028814853c640db0153c64d09670007', '40288148532bfee801532c00a0930012', '2016-04-18 10:15:18', '0');
INSERT INTO `iot_exec_log` VALUES ('402881f1542719af015427268ed50015', '402881f153c69c9a0153c6a9121b0014', '4028814853c640db0153c64bbe220002', '40288148532bfee801532c00a0930012', '2016-04-18 10:15:18', '0');
INSERT INTO `iot_exec_log` VALUES ('402881f1542719af01542730a9030016', '402881f1540effee01540f017d180004', '402881f1541885c7015418878cc80004', '40288148532bfee801532c00a0930012', '2016-04-18 10:26:21', '0');
INSERT INTO `iot_exec_log` VALUES ('402881f1542719af01542730add40017', '402881f1540effee01540f017d180004', '402881f1541885c7015418878cc80004', '40288148532bfee801532c00a0930012', '2016-04-18 10:26:22', '0');
INSERT INTO `iot_exec_log` VALUES ('402881f1542719af015427331d440018', '402881f1540effee01540f017d180004', '402881f15412752501541275f1200003', '40288148532bfee801532c00a0930012', '2016-04-18 10:29:01', '0');
INSERT INTO `iot_exec_log` VALUES ('402881f1542719af0154273693ff0019', '402881f1540effee01540f017d180004', '402881f15412752501541275f1200003', '40288148532bfee801532c00a0930012', '2016-04-18 10:32:48', '0');
INSERT INTO `iot_exec_log` VALUES ('402881f1542719af01542736976a001a', '402881f1540effee01540f017d180004', '402881f15412752501541275f1200003', '40288148532bfee801532c00a0930012', '2016-04-18 10:32:49', '0');
INSERT INTO `iot_exec_log` VALUES ('402881f1542719af01542736986d001b', '402881f1540effee01540f017d180004', '402881f15412752501541275f1200003', '40288148532bfee801532c00a0930012', '2016-04-18 10:32:50', '0');
INSERT INTO `iot_exec_log` VALUES ('402881f1542719af015427369e13001c', '402881f1540effee01540f017d180004', '402881f15412752501541275f1200003', '40288148532bfee801532c00a0930012', '2016-04-18 10:32:51', '0');
INSERT INTO `iot_exec_log` VALUES ('402881f1542719af01542736d112001d', '402881f1540effee01540f017d180004', '402881f1541885c7015418878cc80004', '40288148532bfee801532c00a0930012', '2016-04-18 10:33:04', '0');
INSERT INTO `iot_exec_log` VALUES ('402881f1542719af01542736d5db001e', '402881f1540effee01540f017d180004', '402881f1541885c7015418878cc80004', '40288148532bfee801532c00a0930012', '2016-04-18 10:33:05', '0');
INSERT INTO `iot_exec_log` VALUES ('402881f1542719af01542737114d001f', '402881f1540effee01540f017d180004', '402881f1541885c7015418878cc80004', '40288148532bfee801532c00a0930012', '2016-04-18 10:33:20', '0');
INSERT INTO `iot_exec_log` VALUES ('402881f1542719af0154273716690020', '402881f153c69c9a0153c6a9121b0014', '4028814853c640db0153c64bbe220002', '40288148532bfee801532c00a0930012', '2016-04-18 10:33:22', '0');
INSERT INTO `iot_exec_log` VALUES ('402881f1542719af0154273769500021', '402881f153c69c9a0153c6a9121b0014', '4028814853c640db0153c64bbe220002', '40288148532bfee801532c00a0930012', '2016-04-18 10:33:43', '0');
INSERT INTO `iot_exec_log` VALUES ('402881f1542719af0154273779820022', '402881f1540effee01540f017d180004', '402881f15412752501541275a92e0002', '40288148532bfee801532c00a0930012', '2016-04-18 10:33:47', '0');
INSERT INTO `iot_exec_log` VALUES ('402881f1542719af01542738255e0023', '402881f1540effee01540f017d180004', '402881f1541885c7015418878cc80004', '40288148532bfee801532c00a0930012', '2016-04-18 10:34:31', '0');
INSERT INTO `iot_exec_log` VALUES ('402881f1542719af0154273958980024', '402881f1540effee01540f017d180004', '402881f1541885c7015418878cc80004', '40288148532bfee801532c00a0930012', '2016-04-18 10:35:50', '0');
INSERT INTO `iot_exec_log` VALUES ('402881f1542719af015427397d8c0025', '402881f1540effee01540f017d180004', '402881f1541885c7015418878cc80004', '40288148532bfee801532c00a0930012', '2016-04-18 10:35:59', '0');
INSERT INTO `iot_exec_log` VALUES ('402881f1542719af0154273983f60026', '402881f1540effee01540f017d180004', '402881f1541885c7015418878cc80004', '40288148532bfee801532c00a0930012', '2016-04-18 10:36:01', '0');
INSERT INTO `iot_exec_log` VALUES ('402881f1542719af01542739c8700027', '4028814853c63d0f0153c63d92ee0005', '4028814853c640db0153c64bbe220002', '40288148532bfee801532c00a0930012', '2016-04-18 10:36:18', '0');
INSERT INTO `iot_exec_log` VALUES ('402881f1542719af01542739c8a60028', '4028814853c63d0f0153c63d92ef0007', '4028814853c640db0153c64c5ea40005', '40288148532bfee801532c00a0930012', '2016-04-18 10:36:18', '0');
INSERT INTO `iot_exec_log` VALUES ('402881f1542719af01542739c8cd0029', '4028814853c640db0153c64dacbb0009', '4028814853c640db0153c64d09670007', '40288148532bfee801532c00a0930012', '2016-04-18 10:36:19', '0');
INSERT INTO `iot_exec_log` VALUES ('402881f1542719af01542739c8e7002a', '402881f153c69c9a0153c6a9121b0014', '4028814853c640db0153c64be15b0003', '40288148532bfee801532c00a0930012', '2016-04-18 10:36:19', '0');
INSERT INTO `iot_exec_log` VALUES ('402881f1542719af0154273a0de9002b', '402881f153c69c9a0153c6a9121b0014', '4028814853c640db0153c64bbe220002', '40288148532bfee801532c00a0930012', '2016-04-18 10:36:36', '0');
INSERT INTO `iot_exec_log` VALUES ('402881f1542719af0154273a1646002c', '402881f1540effee01540f017d180004', '402881f15412752501541275f1200003', '40288148532bfee801532c00a0930012', '2016-04-18 10:36:38', '0');
INSERT INTO `iot_exec_log` VALUES ('402881f1542719af0154273a1b00002d', '402881f1540effee01540f017d180004', '402881f15412752501541275f1200003', '40288148532bfee801532c00a0930012', '2016-04-18 10:36:40', '0');
INSERT INTO `iot_exec_log` VALUES ('402881f1542719af0154273a1fe9002e', '402881f153c69c9a0153c6a9121b0014', '4028814853c640db0153c64bbe220002', '40288148532bfee801532c00a0930012', '2016-04-18 10:36:41', '0');
INSERT INTO `iot_exec_log` VALUES ('402881f1542719af0154273a866c002f', '402881f1540effee01540f017d180004', '402881f15412752501541275f1200003', '40288148532bfee801532c00a0930012', '2016-04-18 10:37:07', '0');
INSERT INTO `iot_exec_log` VALUES ('402881f1542719af0154273ac5880030', '402881f153c69c9a0153c6a9121b0014', '4028814853c640db0153c64bbe220002', '40288148532bfee801532c00a0930012', '2016-04-18 10:37:23', '0');
INSERT INTO `iot_exec_log` VALUES ('402881f1542719af0154273b193d0031', '4028814853c63d0f0153c63d92ef0007', '4028814853c640db0153c64cd9080006', '40288148532bfee801532c00a0930012', '2016-04-18 10:37:45', '0');
INSERT INTO `iot_exec_log` VALUES ('402881f1542719af01542768a5e9003e', '402881f1540effee01540f017d180004', '402881f15412752501541275a92e0002', '40288148532bfee801532c00a0930012', '2016-04-18 11:27:30', '0');
INSERT INTO `iot_exec_log` VALUES ('402881f1542719af01542768adaf003f', '4028814853c63d0f0153c63d92ef0007', '4028814853c640db0153c64cd9080006', '40288148532bfee801532c00a0930012', '2016-04-18 11:27:32', '0');
INSERT INTO `iot_exec_log` VALUES ('402881f1542719af01542768b1e30040', '4028814853c640db0153c64dacbb0009', '4028814853c640db0153c64d247d0008', '40288148532bfee801532c00a0930012', '2016-04-18 11:27:33', '0');
INSERT INTO `iot_exec_log` VALUES ('402881f154277b3a0154277b5e4b0002', '402881f1540effee01540f017d180004', '402881f15412752501541275a92e0002', '402881485412dff80154131b8c820012', '2016-04-18 11:47:57', '1');
INSERT INTO `iot_exec_log` VALUES ('402881f154277b3a0154277b5ec50003', '402881f1540effee01540f017d180004', '402881f15412752501541275a92e0002', '402881485412dff80154131b8c820012', '2016-04-18 11:47:57', '1');
INSERT INTO `iot_exec_log` VALUES ('402881f154277b3a0154277b64590004', '402881f1540effee01540f017d180004', '402881f15412752501541275f1200003', '402881485412dff80154131b8c820012', '2016-04-18 11:47:58', '1');
INSERT INTO `iot_exec_log` VALUES ('402881f154277b3a0154277b67a50005', '402881f1540effee01540f017d180004', '402881f15412752501541275a92e0002', '402881485412dff80154131b8c820012', '2016-04-18 11:47:59', '1');
INSERT INTO `iot_exec_log` VALUES ('402881f154277b3a0154277b67f20006', '402881f1540effee01540f017d180004', '402881f15412752501541275a92e0002', '402881485412dff80154131b8c820012', '2016-04-18 11:47:59', '1');
INSERT INTO `iot_exec_log` VALUES ('402881f154277b3a0154277b6bf50007', '402881f1540effee01540f017d180004', '402881f15412752501541275f1200003', '402881485412dff80154131b8c820012', '2016-04-18 11:48:00', '1');
INSERT INTO `iot_exec_log` VALUES ('402881f154277b3a0154277b6e9b0008', '402881f1540effee01540f017d180004', '402881f15412752501541275a92e0002', '402881485412dff80154131b8c820012', '2016-04-18 11:48:01', '1');
INSERT INTO `iot_exec_log` VALUES ('402881f154277b3a0154277b6ef90009', '402881f1540effee01540f017d180004', '402881f15412752501541275a92e0002', '402881485412dff80154131b8c820012', '2016-04-18 11:48:01', '1');
INSERT INTO `iot_exec_log` VALUES ('402881f154277b3a0154277bcee2000a', '402881f1540effee01540f017d180004', '402881f15412752501541275f1200003', '402881485412dff80154131b8c820012', '2016-04-18 11:48:25', '1');
INSERT INTO `iot_exec_log` VALUES ('402881f154277b3a0154277c6e59000b', '4028814853c63d0f0153c63d92ee0005', '402881f153e574040153e5750de80002', '402881485412dff80154131b8c820012', '2016-04-18 11:49:06', '1');
INSERT INTO `iot_exec_log` VALUES ('402881f154277b3a0154277c7979000c', '4028814853c63d0f0153c63d92ee0005', '4028814853c640db0153c64be15b0003', '402881485412dff80154131b8c820012', '2016-04-18 11:49:09', '1');
INSERT INTO `iot_exec_log` VALUES ('402881f154277b3a0154277c8cfc000d', '4028814853c63d0f0153c63d92ee0005', '4028814853c640db0153c64bbe220002', '402881485412dff80154131b8c820012', '2016-04-18 11:49:14', '1');
INSERT INTO `iot_exec_log` VALUES ('402881f154277b3a0154277c967b000e', '4028814853c63d0f0153c63d92ee0005', '4028814853c640db0153c64be15b0003', '402881485412dff80154131b8c820012', '2016-04-18 11:49:17', '1');
INSERT INTO `iot_exec_log` VALUES ('402881f154277b3a0154277c9cb7000f', '402881f153c69c9a0153c6a9121b0014', '4028814853c640db0153c64bbe220002', '402881485412dff80154131b8c820012', '2016-04-18 11:49:18', '1');
INSERT INTO `iot_exec_log` VALUES ('402881f154277b3a0154277ca2040010', '402881f153c69c9a0153c6a9121b0014', '4028814853c640db0153c64be15b0003', '402881485412dff80154131b8c820012', '2016-04-18 11:49:20', '1');
INSERT INTO `iot_exec_log` VALUES ('402881f154277b3a0154277ca7290011', '402881f153c69c9a0153c6a9121b0014', '4028814853c640db0153c64bbe220002', '402881485412dff80154131b8c820012', '2016-04-18 11:49:21', '1');
INSERT INTO `iot_exec_log` VALUES ('402881f154277b3a0154277cafa60012', '402881f153c69c9a0153c6a9121b0014', '402881f153c645b80153c6758fcc0008', '402881485412dff80154131b8c820012', '2016-04-18 11:49:23', '1');
INSERT INTO `iot_exec_log` VALUES ('402881f154277b3a0154277cb9010013', '402881f153c69c9a0153c6a9121b0014', '402881f153c645b80153c676681d000a', '402881485412dff80154131b8c820012', '2016-04-18 11:49:25', '1');
INSERT INTO `iot_exec_log` VALUES ('402881f154277b3a0154277cbdbf0014', '402881f153c69c9a0153c6a9121b0014', '402881f153c645b80153c675daf20009', '402881485412dff80154131b8c820012', '2016-04-18 11:49:27', '1');
INSERT INTO `iot_exec_log` VALUES ('402881f154277b3a0154277ce8b30015', '402881f153c69c9a0153c6a9121b0014', '402881f153c645b80153c6758fcc0008', '402881485412dff80154131b8c820012', '2016-04-18 11:49:38', '1');
INSERT INTO `iot_exec_log` VALUES ('402881f154277b3a0154277cf5e10016', '402881f153c69c9a0153c6a9121b0014', '402881f153e574040153e5750de80002', '402881485412dff80154131b8c820012', '2016-04-18 11:49:41', '1');
INSERT INTO `iot_exec_log` VALUES ('402881f154277b3a0154277cfc360017', '402881f153c69c9a0153c6a9121b0014', '4028814853c640db0153c64be15b0003', '402881485412dff80154131b8c820012', '2016-04-18 11:49:43', '1');
INSERT INTO `iot_exec_log` VALUES ('402881f154277b3a0154277cff960018', '402881f153c69c9a0153c6a9121b0014', '4028814853c640db0153c64bbe220002', '402881485412dff80154131b8c820012', '2016-04-18 11:49:43', '1');
INSERT INTO `iot_exec_log` VALUES ('402881f154277b3a0154277d02320019', '402881f153c69c9a0153c6a9121b0014', '4028814853c640db0153c64be15b0003', '402881485412dff80154131b8c820012', '2016-04-18 11:49:44', '1');
INSERT INTO `iot_exec_log` VALUES ('402881f154277b3a0154277d0b1c001a', '402881f153c69c9a0153c6a9121b0014', '4028814853c640db0153c64bbe220002', '402881485412dff80154131b8c820012', '2016-04-18 11:49:46', '1');
INSERT INTO `iot_exec_log` VALUES ('402881f154277b3a0154277d2786001b', '402881f1540effee01540f017d180004', '402881f1541885c7015418878cc80004', '402881485412dff80154131b8c820012', '2016-04-18 11:49:54', '1');
INSERT INTO `iot_exec_log` VALUES ('402881f154277b3a0154277d3a76001c', '4028814853c63d0f0153c63d92ee0005', '4028814853c640db0153c64bbe220002', '402881485412dff80154131b8c820012', '2016-04-18 11:49:59', '1');
INSERT INTO `iot_exec_log` VALUES ('402881f154277b3a0154277d3e3e001d', '4028814853c63d0f0153c63d92ee0005', '402881f153c645b80153c671f8ee0005', '402881485412dff80154131b8c820012', '2016-04-18 11:49:59', '1');
INSERT INTO `iot_exec_log` VALUES ('402881f154277b3a0154277d4709001e', '4028814853c63d0f0153c63d92ee0005', '402881f153e574040153e5750de80002', '402881485412dff80154131b8c820012', '2016-04-18 11:50:02', '1');
INSERT INTO `iot_exec_log` VALUES ('402881f154277b3a0154277d5039001f', '402881f1540effee01540f017d180004', '402881f1541885c7015418878cc80004', '402881485412dff80154131b8c820012', '2016-04-18 11:50:04', '1');
INSERT INTO `iot_exec_log` VALUES ('402881f154277b3a0154277d56fa0020', '402881f1540effee01540f017d180004', '402881f15412752501541275a92e0002', '402881485412dff80154131b8c820012', '2016-04-18 11:50:06', '1');
INSERT INTO `iot_exec_log` VALUES ('402881f154277b3a0154277d57530021', '402881f1540effee01540f017d180004', '402881f15412752501541275a92e0002', '402881485412dff80154131b8c820012', '2016-04-18 11:50:06', '1');
INSERT INTO `iot_exec_log` VALUES ('402881f154277b3a0154277d5ab80022', '402881f1540effee01540f017d180004', '402881f15412752501541275f1200003', '402881485412dff80154131b8c820012', '2016-04-18 11:50:07', '1');
INSERT INTO `iot_exec_log` VALUES ('402881f154277b3a0154277d5e550023', '402881f1540effee01540f017d180004', '402881f1541885c7015418878cc80004', '402881485412dff80154131b8c820012', '2016-04-18 11:50:08', '1');
INSERT INTO `iot_exec_log` VALUES ('402881f154277b3a0154277d61dd0024', '402881f1540effee01540f017d180004', '402881f1541885c7015418878cc80004', '402881485412dff80154131b8c820012', '2016-04-18 11:50:09', '1');
INSERT INTO `iot_exec_log` VALUES ('402881f154277b3a0154277d62d90025', '402881f1540effee01540f017d180004', '402881f1541885c7015418878cc80004', '402881485412dff80154131b8c820012', '2016-04-18 11:50:09', '1');
INSERT INTO `iot_exec_log` VALUES ('402881f154277b3a0154277d63ca0026', '402881f1540effee01540f017d180004', '402881f1541885c7015418878cc80004', '402881485412dff80154131b8c820012', '2016-04-18 11:50:09', '1');
INSERT INTO `iot_exec_log` VALUES ('402881f154277b3a0154277d64d20027', '402881f1540effee01540f017d180004', '402881f1541885c7015418878cc80004', '402881485412dff80154131b8c820012', '2016-04-18 11:50:09', '1');
INSERT INTO `iot_exec_log` VALUES ('402881f154277b3a0154277d678c0028', '402881f1540effee01540f017d180004', '402881f1541885c7015418878cc80004', '402881485412dff80154131b8c820012', '2016-04-18 11:50:10', '1');
INSERT INTO `iot_exec_log` VALUES ('402881f154277b3a0154277d68860029', '402881f1540effee01540f017d180004', '402881f1541885c7015418878cc80004', '402881485412dff80154131b8c820012', '2016-04-18 11:50:10', '1');
INSERT INTO `iot_exec_log` VALUES ('402881f154277b3a0154277d74dc002a', '402881f1540effee01540f017d180004', '402881f1541885c7015418878cc80004', '402881485412dff80154131b8c820012', '2016-04-18 11:50:13', '1');
INSERT INTO `iot_exec_log` VALUES ('402881f154277b3a0154277d75c7002b', '402881f1540effee01540f017d180004', '402881f1541885c7015418878cc80004', '402881485412dff80154131b8c820012', '2016-04-18 11:50:14', '1');
INSERT INTO `iot_exec_log` VALUES ('402881f154277b3a0154277d76af002c', '402881f1540effee01540f017d180004', '402881f1541885c7015418878cc80004', '402881485412dff80154131b8c820012', '2016-04-18 11:50:14', '1');
INSERT INTO `iot_exec_log` VALUES ('402881f154277b3a0154277d77c0002d', '402881f1540effee01540f017d180004', '402881f1541885c7015418878cc80004', '402881485412dff80154131b8c820012', '2016-04-18 11:50:14', '1');
INSERT INTO `iot_exec_log` VALUES ('402881f154277b3a0154277d7a23002e', '402881f1540effee01540f017d180004', '402881f1541885c7015418878cc80004', '402881485412dff80154131b8c820012', '2016-04-18 11:50:15', '1');
INSERT INTO `iot_exec_log` VALUES ('402881f154277b3a0154277d7af9002f', '402881f1540effee01540f017d180004', '402881f1541885c7015418878cc80004', '402881485412dff80154131b8c820012', '2016-04-18 11:50:15', '1');
INSERT INTO `iot_exec_log` VALUES ('402881f154277b3a0154277d7bd00030', '402881f1540effee01540f017d180004', '402881f1541885c7015418878cc80004', '402881485412dff80154131b8c820012', '2016-04-18 11:50:15', '1');
INSERT INTO `iot_exec_log` VALUES ('402881f154277b3a015427ffc7500037', '402881f153c69c9a0153c6a9121b0014', '4028814853c640db0153c64be15b0003', '1', '2016-04-18 14:12:34', '1');
INSERT INTO `iot_exec_log` VALUES ('402881f154277b3a015427ffcd440038', '402881f153c69c9a0153c6a9121b0014', '4028814853c640db0153c64bbe220002', '1', '2016-04-18 14:12:36', '1');

-- ----------------------------
-- Table structure for `iot_room_command`
-- ----------------------------
DROP TABLE IF EXISTS `iot_room_command`;
CREATE TABLE `iot_room_command` (
  `room_cmd_id` varchar(40) NOT NULL COMMENT '房间指令编号',
  `room_id` varchar(40) NOT NULL COMMENT '房间编号',
  `command_id` varchar(40) NOT NULL COMMENT '指令编号',
  `exec_freq` varchar(2) DEFAULT NULL COMMENT '执行频率：01代表每天 ',
  `exec_time` datetime DEFAULT NULL COMMENT '执行时间',
  `modify_by` varchar(40) DEFAULT NULL COMMENT '最后修改人',
  `modify_date` timestamp NOT NULL DEFAULT CURRENT_TIMESTAMP ON UPDATE CURRENT_TIMESTAMP COMMENT '最后修改时间',
  `valid` varchar(1) DEFAULT '1' COMMENT '有效性：0代表无效；1代表有效',
  `remark` varchar(200) DEFAULT NULL COMMENT '备注信息',
  PRIMARY KEY (`room_cmd_id`),
  KEY `FK_room_command_command_id` (`command_id`),
  KEY `FK_room_command_room_id` (`room_id`),
  CONSTRAINT `FK_room_command_command_id` FOREIGN KEY (`command_id`) REFERENCES `iot_device_command` (`command_id`),
  CONSTRAINT `FK_room_command_room_id` FOREIGN KEY (`room_id`) REFERENCES `iot_room_info` (`room_id`)
) ENGINE=InnoDB DEFAULT CHARSET=utf8 COMMENT='房间定时控制';

-- ----------------------------
-- Records of iot_room_command
-- ----------------------------

-- ----------------------------
-- Table structure for `iot_room_device`
-- ----------------------------
DROP TABLE IF EXISTS `iot_room_device`;
CREATE TABLE `iot_room_device` (
  `room_device_id` varchar(40) NOT NULL COMMENT '房间设备编号',
  `room_id` varchar(40) NOT NULL COMMENT '房间编号',
  `deptid` varchar(40) DEFAULT NULL COMMENT '机构编号',
  `device_serial_number` varchar(10) DEFAULT NULL COMMENT '设备序号，区分是空调一还是空调二',
  `device_id` varchar(40) NOT NULL COMMENT '设备id',
  `device_no` varchar(2) DEFAULT NULL COMMENT '设备编号',
  `device_ir_no` varchar(2) DEFAULT NULL COMMENT '红外设备ID号',
  `device_lan_address` varchar(15) CHARACTER SET utf8 COLLATE utf8_bin DEFAULT NULL COMMENT '设备局域网ip',
  `device_priv_address` varchar(15) CHARACTER SET utf8 COLLATE utf8_bin DEFAULT NULL COMMENT '私网ip',
  `device_status` varchar(3) DEFAULT NULL COMMENT '主机状态：on代表不在线；off代表在线',
  `have_using_time` varchar(10) DEFAULT NULL COMMENT '已经使用时间，只针对投影仪',
  `use_date` datetime DEFAULT NULL COMMENT '投入使用时间',
  `device_location` varchar(120) DEFAULT NULL COMMENT '设备所在的位置',
  `valid` varchar(1) NOT NULL DEFAULT '1' COMMENT '有效性：0代表无效；1代表有效',
  `remark` varchar(200) DEFAULT NULL COMMENT '备注信息',
  PRIMARY KEY (`room_device_id`),
  KEY `FK_room_device_device_id` (`device_id`),
  KEY `FK_room_device_room_id` (`room_id`),
  CONSTRAINT `FK_room_device_device_id` FOREIGN KEY (`device_id`) REFERENCES `iot_device_info` (`device_id`),
  CONSTRAINT `FK_room_device_room_id` FOREIGN KEY (`room_id`) REFERENCES `iot_room_info` (`room_id`)
) ENGINE=InnoDB DEFAULT CHARSET=utf8 COMMENT='房间设备信息表';

-- ----------------------------
-- Records of iot_room_device
-- ----------------------------
INSERT INTO `iot_room_device` VALUES ('402881485336c9f4015336d1c2710008', '402881485336c9f4015336d0cb0c0007', '40288009530b9c8901530bb09b750004', null, '40288148532c1e5901532c3d9d08002b', '1', '', '10.1.14.150', '', '00', null, '2016-03-02 18:13:49', '', '1', '');
INSERT INTO `iot_room_device` VALUES ('402881485336c9f4015336d22133000a', '402881485336c9f4015336d2212f0009', null, null, '40288148532c1e5901532c3d9d08002b', '1', '', '10.1.14.151', '', '00', null, '2016-03-02 18:13:49', '', '1', '');
INSERT INTO `iot_room_device` VALUES ('402881485336c9f4015336d36afe000c', '402881485336c9f4015336d36af9000b', null, null, '40288148532c1e5901532c3d9d08002b', '1', '', '10.1.14.152', '', '00', null, '2016-03-02 18:13:49', '', '1', '');
INSERT INTO `iot_room_device` VALUES ('402881485336c9f4015336d3a46c000e', '402881485336c9f4015336d3a466000d', null, null, '40288148532c1e5901532c3d9d08002b', '1', '', '10.1.14.153', '', '00', null, '2016-03-02 18:13:49', '', '1', '');
INSERT INTO `iot_room_device` VALUES ('402881485336c9f4015336d3b0c00010', '402881485336c9f4015336d3b0bc000f', null, null, '40288148532c1e5901532c3d9d08002b', '1', '', '10.1.14.154', '', '00', null, '2016-03-02 18:13:49', '', '1', '');
INSERT INTO `iot_room_device` VALUES ('402881485336c9f4015336d3bc540012', '402881485336c9f4015336d3bc500011', null, null, '40288148532c1e5901532c3d9d08002b', '1', '', '10.1.14.155', '', '00', null, '2016-03-02 18:13:49', '', '1', '');
INSERT INTO `iot_room_device` VALUES ('402881485336c9f4015336d3cae10014', '402881485336c9f4015336d3cadd0013', null, null, '40288148532c1e5901532c3d9d08002b', '1', '', '10.1.14.156', '', '00', null, '2016-03-02 18:13:49', '', '1', '');
INSERT INTO `iot_room_device` VALUES ('402881485336c9f4015336d519530017', '402881485336c9f4015336d5194e0016', null, null, '40288148532c1e5901532c3d9d08002b', '1', '', '10.1.14.157', '', '00', null, '2016-03-02 18:13:49', '', '1', '');
INSERT INTO `iot_room_device` VALUES ('402881485336c9f4015336d5286e0019', '402881485336c9f4015336d528690018', null, null, '40288148532c1e5901532c3d9d08002b', '1', '', '10.1.14.158', '', '00', null, '2016-03-02 18:13:49', '', '1', '');
INSERT INTO `iot_room_device` VALUES ('402881485336c9f4015336d533d9001b', '402881485336c9f4015336d533d4001a', null, null, '40288148532c1e5901532c3d9d08002b', '1', '', '10.1.14.159', '', '00', null, '2016-03-02 18:13:49', '', '1', '');
INSERT INTO `iot_room_device` VALUES ('402881485336c9f4015336d5408d001d', '402881485336c9f4015336d54087001c', null, null, '40288148532c1e5901532c3d9d08002b', '1', '', '10.1.14.160', '', '00', null, '2016-03-02 18:13:49', '', '1', '');
INSERT INTO `iot_room_device` VALUES ('402881485336c9f4015336d54bad001f', '402881485336c9f4015336d54ba8001e', null, null, '40288148532c1e5901532c3d9d08002b', '1', '', '10.1.14.161', '', '00', null, '2016-03-02 18:13:49', '', '1', '');
INSERT INTO `iot_room_device` VALUES ('402881485336c9f4015336db357c0021', '402881485336c9f4015336db35780020', null, null, '40288148532c1e5901532c3d9d08002b', '1', '', '10.1.14.162', '', '00', null, '2016-03-02 18:13:49', '', '1', '');
INSERT INTO `iot_room_device` VALUES ('402881485336c9f4015336dc26d80022', '402881485336c9f4015336d0cb0c0007', '40288009530b9c8901530bb09b750004', null, '2c9ca28653129e51015312c3d5ff0007', '2', '', null, null, '00', null, '2016-03-02 18:25:10', null, '1', null);
INSERT INTO `iot_room_device` VALUES ('402881485336c9f4015336dc26d90023', '402881485336c9f4015336d0cb0c0007', '40288009530b9c8901530bb09b750004', null, '402881485312af23015312b6baff0004', '2', '', null, null, '00', null, '2016-03-02 18:25:10', null, '1', null);
INSERT INTO `iot_room_device` VALUES ('402881485336c9f4015336dc6a620025', '402881485336c9f4015336dc6a5f0024', null, null, '40288148532c1e5901532c3d9d08002b', '1', '', '10.1.14.163', '', '00', null, '2016-03-02 18:13:49', '', '1', '');
INSERT INTO `iot_room_device` VALUES ('402881485336c9f4015336dc75670027', '402881485336c9f4015336dc75640026', null, null, '40288148532c1e5901532c3d9d08002b', '1', '', '10.1.14.164', '', '00', null, '2016-03-02 18:13:49', '', '1', '');
INSERT INTO `iot_room_device` VALUES ('402881485336c9f4015336dc88160029', '402881485336c9f4015336dc880f0028', null, null, '40288148532c1e5901532c3d9d08002b', '1', '', '10.1.14.165', '', '00', null, '2016-03-02 18:13:49', '', '1', '');
INSERT INTO `iot_room_device` VALUES ('402881485336c9f4015336dc9250002b', '402881485336c9f4015336dc924d002a', null, null, '40288148532c1e5901532c3d9d08002b', '1', '', '10.1.14.166', '', '00', null, '2016-03-02 18:13:49', '', '1', '');
INSERT INTO `iot_room_device` VALUES ('402881485336c9f4015336dc9cb9002d', '402881485336c9f4015336dc9cb3002c', null, null, '40288148532c1e5901532c3d9d08002b', '1', '', '10.1.14.167', '', '00', null, '2016-03-02 18:13:49', '', '1', '');
INSERT INTO `iot_room_device` VALUES ('402881485336c9f4015336de122b002f', '402881485336c9f4015336de1225002e', null, null, '40288148532c1e5901532c3d9d08002b', '1', '', '10.1.14.168', '', '00', null, '2016-03-02 18:13:49', '', '1', '');
INSERT INTO `iot_room_device` VALUES ('402881485336c9f4015336de1d4c0031', '402881485336c9f4015336de1d460030', null, null, '40288148532c1e5901532c3d9d08002b', '1', '', '10.1.14.169', '', '00', null, '2016-03-02 18:13:49', '', '1', '');
INSERT INTO `iot_room_device` VALUES ('402881485336c9f4015336de26990033', '402881485336c9f4015336de26950032', null, null, '40288148532c1e5901532c3d9d08002b', '1', '', '10.1.14.170', '', '00', null, '2016-03-02 18:13:49', '', '1', '');
INSERT INTO `iot_room_device` VALUES ('402881485336c9f4015336de30110035', '402881485336c9f4015336de300b0034', null, null, '40288148532c1e5901532c3d9d08002b', '1', '', '10.1.14.171', '', '00', null, '2016-03-02 18:13:49', '', '1', '');
INSERT INTO `iot_room_device` VALUES ('402881485336c9f4015336de39bf0037', '402881485336c9f4015336de39bc0036', null, null, '40288148532c1e5901532c3d9d08002b', '1', '', '10.1.14.172', '', '00', null, '2016-03-02 18:13:49', '', '1', '');
INSERT INTO `iot_room_device` VALUES ('402881485336c9f4015336de42470039', '402881485336c9f4015336de42440038', null, null, '40288148532c1e5901532c3d9d08002b', '1', '', '10.1.14.173', '', '00', null, '2016-03-02 18:13:49', '', '1', '');
INSERT INTO `iot_room_device` VALUES ('402881485336c9f4015336e8da3f0052', '402881485336c9f4015336e6e0280050', '40288009530b9c8901530bb09b750004', null, '2c9ca28653129e51015312c3d5ff0007', '2', '', '', '105', '00', null, '2016-03-02 18:39:03', '', '0', '');
INSERT INTO `iot_room_device` VALUES ('402881485336c9f4015336e8da410053', '402881485336c9f4015336e6e0280050', '40288009530b9c8901530bb09b750004', null, '40288148532c1e5901532c3d9d08002b', '1', '', '192.168.1.201', '105', '00', null, '2016-03-28 00:00:00', '', '0', '');
INSERT INTO `iot_room_device` VALUES ('402881485336c9f4015336e8da410054', '402881485336c9f4015336e6e0280050', '40288009530b9c8901530bb09b750004', null, '402881485312af23015312b6baff0004', '2', '', null, '105', '00', null, '2016-03-22 18:39:03', '', '0', '');
INSERT INTO `iot_room_device` VALUES ('402881485336c9f4015336e8da410055', '402881485336c9f4015336e6e0280050', '40288009530b9c8901530bb09b750004', null, '40288148531b1dea01531b207d0d0006', '2', '3', '', '105', '01', null, '2016-03-02 18:39:03', '', '0', '');
INSERT INTO `iot_room_device` VALUES ('40288148533a008f01533a01595e0002', '402881485336c9f4015336d2212f0009', '40288009530b9c8901530bb09b750004', null, '2c9ca28653129e51015312c3d5ff0007', '2', '', null, null, '00', null, '2016-03-03 09:04:40', null, '1', null);
INSERT INTO `iot_room_device` VALUES ('40288148533a008f01533a0159600003', '402881485336c9f4015336d2212f0009', '40288009530b9c8901530bb09b750004', null, '402881485312af23015312b6baff0004', '2', '', null, null, '00', null, '2016-03-03 09:04:40', null, '1', null);
INSERT INTO `iot_room_device` VALUES ('40288148533a008f01533a01bcbc0004', '402881485336c9f4015336d36af9000b', '40288009530b9c8901530bb09b750004', null, '2c9ca28653129e51015312c3d5ff0007', '2', '', null, null, '00', null, '2016-03-03 09:05:05', null, '1', null);
INSERT INTO `iot_room_device` VALUES ('40288148533a008f01533a01bcbe0005', '402881485336c9f4015336d36af9000b', '40288009530b9c8901530bb09b750004', null, '402881485312af23015312b6baff0004', '2', '', null, null, '00', null, '2016-03-03 09:05:05', null, '1', null);
INSERT INTO `iot_room_device` VALUES ('40288148533a008f01533a173fdd001b', '402881485336c9f4015336dec42e003a', '40288009530b9c8901530bb09b750004', null, '40288148532c1e5901532c3d9d08002b', '1', '', '10.1.14.174', '', '00', null, '2016-03-03 09:28:35', '', '1', '');
INSERT INTO `iot_room_device` VALUES ('40288148533a008f01533a178dbf001c', '402881485336c9f4015336ded2b7003b', '40288009530b9c8901530bb09b750004', null, '40288148532c1e5901532c3d9d08002b', '1', '', '10.1.14.175', '', '00', null, '2016-03-03 09:28:55', '', '1', '');
INSERT INTO `iot_room_device` VALUES ('40288148533a008f01533a179ea0001d', '402881485336c9f4015336dee224003c', '40288009530b9c8901530bb09b750004', null, '40288148532c1e5901532c3d9d08002b', '1', '', '10.1.14.176', '', '00', null, '2016-03-03 09:28:59', '', '1', '');
INSERT INTO `iot_room_device` VALUES ('40288148533a008f01533a17b3eb001e', '402881485336c9f4015336def99f003d', '40288009530b9c8901530bb09b750004', null, '40288148532c1e5901532c3d9d08002b', '1', '', '10.1.14.177', '', '00', null, '2016-03-03 09:29:05', '', '1', '');
INSERT INTO `iot_room_device` VALUES ('40288148533a008f01533a17c7bf001f', '402881485336c9f4015336df05f8003e', '40288009530b9c8901530bb09b750004', null, '40288148532c1e5901532c3d9d08002b', '1', '', '10.1.14.178', '', '00', null, '2016-03-03 09:29:10', '', '1', '');
INSERT INTO `iot_room_device` VALUES ('40288148533a008f01533a17d8b90020', '402881485336c9f4015336df114c003f', '40288009530b9c8901530bb09b750004', null, '40288148532c1e5901532c3d9d08002b', '1', '', '10.1.14.179', '', '00', null, '2016-03-03 09:29:14', '', '1', '');
INSERT INTO `iot_room_device` VALUES ('40288148533a008f01533a17ea1e0021', '402881485336c9f4015336df1ccf0040', '40288009530b9c8901530bb09b750004', null, '40288148532c1e5901532c3d9d08002b', '1', '', '10.1.14.180', '', '00', null, '2016-03-03 09:29:19', '', '1', '');
INSERT INTO `iot_room_device` VALUES ('40288148533a008f01533a17f9420022', '402881485336c9f4015336df26330041', '40288009530b9c8901530bb09b750004', null, '40288148532c1e5901532c3d9d08002b', '1', '', '10.1.14.181', '', '00', null, '2016-03-03 09:29:23', '', '1', '');
INSERT INTO `iot_room_device` VALUES ('40288148533a008f01533a1808520023', '402881485336c9f4015336df2f630042', '40288009530b9c8901530bb09b750004', null, '40288148532c1e5901532c3d9d08002b', '1', '', '10.1.14.182', '', '00', null, '2016-03-03 09:29:26', '', '1', '');
INSERT INTO `iot_room_device` VALUES ('40288148533a008f01533a1816d60024', '402881485336c9f4015336df393c0043', '40288009530b9c8901530bb09b750004', null, '40288148532c1e5901532c3d9d08002b', '1', '', '10.1.14.183', '', '00', null, '2016-03-03 09:29:30', '', '1', '');
INSERT INTO `iot_room_device` VALUES ('40288148533a008f01533a1827650025', '402881485336c9f4015336df442c0044', '40288009530b9c8901530bb09b750004', null, '40288148532c1e5901532c3d9d08002b', '1', '', '10.1.14.184', '', '00', null, '2016-03-03 09:29:34', '', '1', '');
INSERT INTO `iot_room_device` VALUES ('40288148533a008f01533a18358e0026', '402881485336c9f4015336df4d950045', '40288009530b9c8901530bb09b750004', null, '40288148532c1e5901532c3d9d08002b', '1', '', '10.1.14.185', '', '00', null, '2016-03-03 09:29:38', '', '1', '');
INSERT INTO `iot_room_device` VALUES ('40288148533a008f01533a1a28f70027', '402881485336c9f4015336e2e1230046', '40288009530b9c8901530bb09b750004', '', '40288148532c1e5901532c3d9d08002b', '0', '', '10.1.14.186', '186', '00', null, '2016-03-03 09:31:46', '', '1', '');
INSERT INTO `iot_room_device` VALUES ('40288148533a008f01533a1a39720028', '402881485336c9f4015336e3192e0047', '40288009530b9c8901530bb09b750004', '', '40288148532c1e5901532c3d9d08002b', '0', '', '10.1.14.187', '187', '00', null, '2016-03-03 09:31:50', '', '1', '');
INSERT INTO `iot_room_device` VALUES ('40288148533a008f01533a1a4e280029', '402881485336c9f4015336e354a70048', '40288009530b9c8901530bb09b750004', '', '40288148532c1e5901532c3d9d08002b', '0', '', '10.1.14.188', '188', '00', null, '2016-03-03 09:31:55', '', '1', '');
INSERT INTO `iot_room_device` VALUES ('40288148533a008f01533a1a5f81002a', '402881485336c9f4015336e381d60049', '40288009530b9c8901530bb09b750004', '', '40288148532c1e5901532c3d9d08002b', '0', '', '10.1.14.189', '189', '00', null, '2016-03-03 09:32:00', '', '1', '');
INSERT INTO `iot_room_device` VALUES ('40288148533a008f01533a1b66f7002b', '402881485336c9f4015336e3f0bd004a', '40288009530b9c8901530bb09b750004', '', '40288148532c1e5901532c3d9d08002b', '1', '', '192.168.1.201', '201', '00', null, '2016-03-03 09:33:07', '', '1', '');
INSERT INTO `iot_room_device` VALUES ('40288148533a008f01533a1b766f002c', '402881485336c9f4015336e41f03004b', '40288009530b9c8901530bb09b750004', '', '40288148532c1e5901532c3d9d08002b', '1', '', '192.168.1.203', '203', '01', null, '2016-03-03 09:33:11', '', '1', '');
INSERT INTO `iot_room_device` VALUES ('40288148533a008f01533a1b86ea002d', '402881485336c9f4015336e45ca8004c', '40288009530b9c8901530bb09b750004', '', '40288148532c1e5901532c3d9d08002b', '1', '', '192.168.1.33', '308', '00', null, '2016-03-03 09:33:15', '', '1', '');
INSERT INTO `iot_room_device` VALUES ('40288148533a008f01533a1b9662002e', '402881485336c9f4015336e49d6d004d', '40288009530b9c8901530bb09b750004', null, '40288148532c1e5901532c3d9d08002b', '1', '', '10.1.14.193', '', '00', null, '2016-03-03 09:33:19', '', '1', '');
INSERT INTO `iot_room_device` VALUES ('40288148533a008f01533a1ba62a002f', '402881485336c9f4015336e5f9a9004e', '40288009530b9c8901530bb09b750004', null, '40288148532c1e5901532c3d9d08002b', '1', '', '10.1.14.194', '', '00', null, '2016-03-03 09:33:23', '', '1', '');
INSERT INTO `iot_room_device` VALUES ('40288148533a008f01533a1bb6f50030', '402881485336c9f4015336e620c8004f', '40288009530b9c8901530bb09b750004', null, '40288148532c1e5901532c3d9d08002b', '1', '', '10.1.14.195', '', '00', null, '2016-03-03 09:33:28', '', '1', '');
INSERT INTO `iot_room_device` VALUES ('40288148533a008f01533a1ee2d50033', '402881485336c9f4015336d3a466000d', '40288009530b9c8901530bb09b750004', null, '2c9ca28653129e51015312c3d5ff0007', '2', '', null, null, '00', null, '2016-03-03 09:36:56', null, '1', null);
INSERT INTO `iot_room_device` VALUES ('40288148533a008f01533a1ee2d70034', '402881485336c9f4015336d3a466000d', '40288009530b9c8901530bb09b750004', null, '402881485312af23015312b6baff0004', '2', '', null, null, '00', null, '2016-03-03 09:36:56', null, '1', null);
INSERT INTO `iot_room_device` VALUES ('40288148533a008f01533a1f00ba0035', '402881485336c9f4015336d3b0bc000f', '40288009530b9c8901530bb09b750004', null, '2c9ca28653129e51015312c3d5ff0007', '2', '', null, null, '00', null, '2016-03-03 09:37:03', null, '1', null);
INSERT INTO `iot_room_device` VALUES ('40288148533a008f01533a1f00bc0036', '402881485336c9f4015336d3b0bc000f', '40288009530b9c8901530bb09b750004', null, '402881485312af23015312b6baff0004', '2', '', null, null, '00', null, '2016-03-03 09:37:03', null, '1', null);
INSERT INTO `iot_room_device` VALUES ('40288148533a008f01533a1f1bb30037', '402881485336c9f4015336d3bc500011', '40288009530b9c8901530bb09b750004', null, '2c9ca28653129e51015312c3d5ff0007', '2', '', null, null, '00', null, '2016-03-03 09:37:10', null, '1', null);
INSERT INTO `iot_room_device` VALUES ('40288148533a008f01533a1f1bb50038', '402881485336c9f4015336d3bc500011', '40288009530b9c8901530bb09b750004', null, '402881485312af23015312b6baff0004', '2', '', null, null, '00', null, '2016-03-03 09:37:10', null, '1', null);
INSERT INTO `iot_room_device` VALUES ('40288148533a008f01533a1f31ee0039', '402881485336c9f4015336d3cadd0013', '40288009530b9c8901530bb09b750004', null, '2c9ca28653129e51015312c3d5ff0007', '2', '', null, null, '00', null, '2016-03-03 09:37:16', null, '1', null);
INSERT INTO `iot_room_device` VALUES ('40288148533a008f01533a1f31f0003a', '402881485336c9f4015336d3cadd0013', '40288009530b9c8901530bb09b750004', null, '402881485312af23015312b6baff0004', '2', '', null, null, '00', null, '2016-03-03 09:37:16', null, '1', null);
INSERT INTO `iot_room_device` VALUES ('40288148533a008f01533a1f4fff003b', '402881485336c9f4015336d5194e0016', '40288009530b9c8901530bb09b750004', null, '2c9ca28653129e51015312c3d5ff0007', '2', '', null, null, '00', null, '2016-03-03 09:37:23', null, '1', null);
INSERT INTO `iot_room_device` VALUES ('40288148533a008f01533a1f5000003c', '402881485336c9f4015336d5194e0016', '40288009530b9c8901530bb09b750004', null, '402881485312af23015312b6baff0004', '2', '', null, null, '00', null, '2016-03-03 09:37:23', null, '1', null);
INSERT INTO `iot_room_device` VALUES ('40288148533a008f01533a1f61ae003d', '402881485336c9f4015336d528690018', '40288009530b9c8901530bb09b750004', null, '2c9ca28653129e51015312c3d5ff0007', '2', '', null, null, '00', null, '2016-03-03 09:37:28', null, '1', null);
INSERT INTO `iot_room_device` VALUES ('40288148533a008f01533a1f61af003e', '402881485336c9f4015336d528690018', '40288009530b9c8901530bb09b750004', null, '402881485312af23015312b6baff0004', '2', '', null, null, '00', null, '2016-03-03 09:37:28', null, '1', null);
INSERT INTO `iot_room_device` VALUES ('40288148533a008f01533a1f7245003f', '402881485336c9f4015336d533d4001a', '40288009530b9c8901530bb09b750004', null, '2c9ca28653129e51015312c3d5ff0007', '2', '', null, null, '00', null, '2016-03-03 09:37:32', null, '1', null);
INSERT INTO `iot_room_device` VALUES ('40288148533a008f01533a1f72470040', '402881485336c9f4015336d533d4001a', '40288009530b9c8901530bb09b750004', null, '402881485312af23015312b6baff0004', '2', '', null, null, '00', null, '2016-03-03 09:37:32', null, '1', null);
INSERT INTO `iot_room_device` VALUES ('40288148533a008f01533a1f8cc60041', '402881485336c9f4015336d54087001c', '40288009530b9c8901530bb09b750004', null, '2c9ca28653129e51015312c3d5ff0007', '2', '', null, null, '00', null, '2016-03-03 09:37:39', null, '1', null);
INSERT INTO `iot_room_device` VALUES ('40288148533a008f01533a1f8cc80042', '402881485336c9f4015336d54087001c', '40288009530b9c8901530bb09b750004', null, '402881485312af23015312b6baff0004', '2', '', null, null, '00', null, '2016-03-03 09:37:39', null, '1', null);
INSERT INTO `iot_room_device` VALUES ('40288148533a008f01533a1f9ef70043', '402881485336c9f4015336d54ba8001e', '40288009530b9c8901530bb09b750004', null, '2c9ca28653129e51015312c3d5ff0007', '2', '', null, null, '00', null, '2016-03-03 09:37:44', null, '1', null);
INSERT INTO `iot_room_device` VALUES ('40288148533a008f01533a1f9eff0044', '402881485336c9f4015336d54ba8001e', '40288009530b9c8901530bb09b750004', null, '402881485312af23015312b6baff0004', '2', '', null, null, '00', null, '2016-03-03 09:37:44', null, '1', null);
INSERT INTO `iot_room_device` VALUES ('40288148533a008f01533a1fb0880045', '402881485336c9f4015336db35780020', '40288009530b9c8901530bb09b750004', null, '2c9ca28653129e51015312c3d5ff0007', '2', '', null, null, '00', null, '2016-03-03 09:37:48', null, '1', null);
INSERT INTO `iot_room_device` VALUES ('40288148533a008f01533a1fb08b0046', '402881485336c9f4015336db35780020', '40288009530b9c8901530bb09b750004', null, '402881485312af23015312b6baff0004', '2', '', null, null, '00', null, '2016-03-03 09:37:48', null, '1', null);
INSERT INTO `iot_room_device` VALUES ('40288148533a008f01533a1fcd170047', '402881485336c9f4015336dc6a5f0024', '40288009530b9c8901530bb09b750004', null, '2c9ca28653129e51015312c3d5ff0007', '2', '', null, null, '00', null, '2016-03-03 09:37:55', null, '1', null);
INSERT INTO `iot_room_device` VALUES ('40288148533a008f01533a1fcd180048', '402881485336c9f4015336dc6a5f0024', '40288009530b9c8901530bb09b750004', null, '402881485312af23015312b6baff0004', '2', '', null, null, '00', null, '2016-03-03 09:37:55', null, '1', null);
INSERT INTO `iot_room_device` VALUES ('40288148533a008f01533a1fdd700049', '402881485336c9f4015336dc75640026', '40288009530b9c8901530bb09b750004', null, '2c9ca28653129e51015312c3d5ff0007', '2', '', null, null, '00', null, '2016-03-03 09:38:00', null, '1', null);
INSERT INTO `iot_room_device` VALUES ('40288148533a008f01533a1fdd71004a', '402881485336c9f4015336dc75640026', '40288009530b9c8901530bb09b750004', null, '402881485312af23015312b6baff0004', '2', '', null, null, '00', null, '2016-03-03 09:38:00', null, '1', null);
INSERT INTO `iot_room_device` VALUES ('40288148533a008f01533a1ff014004b', '402881485336c9f4015336dc880f0028', '40288009530b9c8901530bb09b750004', null, '2c9ca28653129e51015312c3d5ff0007', '2', '', null, null, '00', null, '2016-03-03 09:38:04', null, '1', null);
INSERT INTO `iot_room_device` VALUES ('40288148533a008f01533a1ff017004c', '402881485336c9f4015336dc880f0028', '40288009530b9c8901530bb09b750004', null, '402881485312af23015312b6baff0004', '2', '', null, null, '00', null, '2016-03-03 09:38:04', null, '1', null);
INSERT INTO `iot_room_device` VALUES ('40288148533a008f01533a200a45004d', '402881485336c9f4015336dc924d002a', '40288009530b9c8901530bb09b750004', null, '2c9ca28653129e51015312c3d5ff0007', '2', '', null, null, '00', null, '2016-03-03 09:38:11', null, '1', null);
INSERT INTO `iot_room_device` VALUES ('40288148533a008f01533a200a47004e', '402881485336c9f4015336dc924d002a', '40288009530b9c8901530bb09b750004', null, '402881485312af23015312b6baff0004', '2', '', null, null, '00', null, '2016-03-03 09:38:11', null, '1', null);
INSERT INTO `iot_room_device` VALUES ('40288148533a008f01533a201c6c004f', '402881485336c9f4015336dc9cb3002c', '40288009530b9c8901530bb09b750004', null, '2c9ca28653129e51015312c3d5ff0007', '2', '', null, null, '00', null, '2016-03-03 09:38:16', null, '1', null);
INSERT INTO `iot_room_device` VALUES ('40288148533a008f01533a201c6e0050', '402881485336c9f4015336dc9cb3002c', '40288009530b9c8901530bb09b750004', null, '402881485312af23015312b6baff0004', '2', '', null, null, '00', null, '2016-03-03 09:38:16', null, '1', null);
INSERT INTO `iot_room_device` VALUES ('40288148533a008f01533a2035730051', '402881485336c9f4015336de1225002e', '40288009530b9c8901530bb09b750004', null, '2c9ca28653129e51015312c3d5ff0007', '2', '', null, null, '00', null, '2016-03-03 09:38:22', null, '1', null);
INSERT INTO `iot_room_device` VALUES ('40288148533a008f01533a2035740052', '402881485336c9f4015336de1225002e', '40288009530b9c8901530bb09b750004', null, '402881485312af23015312b6baff0004', '2', '', null, null, '00', null, '2016-03-03 09:38:22', null, '1', null);
INSERT INTO `iot_room_device` VALUES ('40288148533a008f01533a2047010053', '402881485336c9f4015336de1d460030', '40288009530b9c8901530bb09b750004', null, '2c9ca28653129e51015312c3d5ff0007', '2', '', null, null, '00', null, '2016-03-03 09:38:27', null, '1', null);
INSERT INTO `iot_room_device` VALUES ('40288148533a008f01533a2047030054', '402881485336c9f4015336de1d460030', '40288009530b9c8901530bb09b750004', null, '402881485312af23015312b6baff0004', '2', '', null, null, '00', null, '2016-03-03 09:38:27', null, '1', null);
INSERT INTO `iot_room_device` VALUES ('40288148533a008f01533a205c6e0055', '402881485336c9f4015336de26950032', '40288009530b9c8901530bb09b750004', null, '2c9ca28653129e51015312c3d5ff0007', '2', '', null, null, '00', null, '2016-03-03 09:38:32', null, '1', null);
INSERT INTO `iot_room_device` VALUES ('40288148533a008f01533a205c700056', '402881485336c9f4015336de26950032', '40288009530b9c8901530bb09b750004', null, '402881485312af23015312b6baff0004', '2', '', null, null, '00', null, '2016-03-03 09:38:32', null, '1', null);
INSERT INTO `iot_room_device` VALUES ('40288148533a008f01533a2070de0057', '402881485336c9f4015336de300b0034', '40288009530b9c8901530bb09b750004', null, '2c9ca28653129e51015312c3d5ff0007', '2', '', null, null, '00', null, '2016-03-03 09:38:37', null, '1', null);
INSERT INTO `iot_room_device` VALUES ('40288148533a008f01533a2070df0058', '402881485336c9f4015336de300b0034', '40288009530b9c8901530bb09b750004', null, '402881485312af23015312b6baff0004', '2', '', null, null, '00', null, '2016-03-03 09:38:37', null, '1', null);
INSERT INTO `iot_room_device` VALUES ('40288148533a008f01533a20831e0059', '402881485336c9f4015336de39bc0036', '40288009530b9c8901530bb09b750004', null, '2c9ca28653129e51015312c3d5ff0007', '2', '', null, null, '00', null, '2016-03-03 09:38:42', null, '1', null);
INSERT INTO `iot_room_device` VALUES ('40288148533a008f01533a208320005a', '402881485336c9f4015336de39bc0036', '40288009530b9c8901530bb09b750004', null, '402881485312af23015312b6baff0004', '2', '', null, null, '00', null, '2016-03-03 09:38:42', null, '1', null);
INSERT INTO `iot_room_device` VALUES ('40288148533a008f01533a2098c4005b', '402881485336c9f4015336de42440038', '40288009530b9c8901530bb09b750004', null, '2c9ca28653129e51015312c3d5ff0007', '2', '', null, null, '00', null, '2016-03-03 09:38:48', null, '1', null);
INSERT INTO `iot_room_device` VALUES ('40288148533a008f01533a2098c7005c', '402881485336c9f4015336de42440038', '40288009530b9c8901530bb09b750004', null, '402881485312af23015312b6baff0004', '2', '', null, null, '00', null, '2016-03-03 09:38:48', null, '1', null);
INSERT INTO `iot_room_device` VALUES ('40288148533a008f01533a20a988005d', '402881485336c9f4015336dec42e003a', '40288009530b9c8901530bb09b750004', null, '2c9ca28653129e51015312c3d5ff0007', '2', '', null, null, '00', null, '2016-03-03 09:38:52', null, '1', null);
INSERT INTO `iot_room_device` VALUES ('40288148533a008f01533a20a98a005e', '402881485336c9f4015336dec42e003a', '40288009530b9c8901530bb09b750004', null, '402881485312af23015312b6baff0004', '2', '', null, null, '00', null, '2016-03-03 09:38:52', null, '1', null);
INSERT INTO `iot_room_device` VALUES ('40288148533a008f01533a20c0d4005f', '402881485336c9f4015336ded2b7003b', '40288009530b9c8901530bb09b750004', null, '2c9ca28653129e51015312c3d5ff0007', '2', '', null, null, '00', null, '2016-03-03 09:38:58', null, '1', null);
INSERT INTO `iot_room_device` VALUES ('40288148533a008f01533a20c0d50060', '402881485336c9f4015336ded2b7003b', '40288009530b9c8901530bb09b750004', null, '402881485312af23015312b6baff0004', '2', '', null, null, '00', null, '2016-03-03 09:38:58', null, '1', null);
INSERT INTO `iot_room_device` VALUES ('40288148533a008f01533a20d1240061', '402881485336c9f4015336dee224003c', '40288009530b9c8901530bb09b750004', null, '2c9ca28653129e51015312c3d5ff0007', '2', '', null, null, '00', null, '2016-03-03 09:39:02', null, '1', null);
INSERT INTO `iot_room_device` VALUES ('40288148533a008f01533a20d1260062', '402881485336c9f4015336dee224003c', '40288009530b9c8901530bb09b750004', null, '402881485312af23015312b6baff0004', '2', '', null, null, '00', null, '2016-03-03 09:39:02', null, '1', null);
INSERT INTO `iot_room_device` VALUES ('40288148533a008f01533a20e0750063', '402881485336c9f4015336def99f003d', '40288009530b9c8901530bb09b750004', null, '2c9ca28653129e51015312c3d5ff0007', '2', '', null, null, '00', null, '2016-03-03 09:39:06', null, '1', null);
INSERT INTO `iot_room_device` VALUES ('40288148533a008f01533a20e0770064', '402881485336c9f4015336def99f003d', '40288009530b9c8901530bb09b750004', null, '402881485312af23015312b6baff0004', '2', '', null, null, '00', null, '2016-03-03 09:39:06', null, '1', null);
INSERT INTO `iot_room_device` VALUES ('40288148533a008f01533a20f1990065', '402881485336c9f4015336df05f8003e', '40288009530b9c8901530bb09b750004', null, '2c9ca28653129e51015312c3d5ff0007', '2', '', null, null, '00', null, '2016-03-03 09:39:10', null, '1', null);
INSERT INTO `iot_room_device` VALUES ('40288148533a008f01533a20f19b0066', '402881485336c9f4015336df05f8003e', '40288009530b9c8901530bb09b750004', null, '402881485312af23015312b6baff0004', '2', '', null, null, '00', null, '2016-03-03 09:39:10', null, '1', null);
INSERT INTO `iot_room_device` VALUES ('40288148533a008f01533a2102790067', '402881485336c9f4015336df114c003f', '40288009530b9c8901530bb09b750004', null, '2c9ca28653129e51015312c3d5ff0007', '2', '', null, null, '00', null, '2016-03-03 09:39:15', null, '1', null);
INSERT INTO `iot_room_device` VALUES ('40288148533a008f01533a21027b0068', '402881485336c9f4015336df114c003f', '40288009530b9c8901530bb09b750004', null, '402881485312af23015312b6baff0004', '2', '', null, null, '00', null, '2016-03-03 09:39:15', null, '1', null);
INSERT INTO `iot_room_device` VALUES ('40288148533a008f01533a2115060069', '402881485336c9f4015336df1ccf0040', '40288009530b9c8901530bb09b750004', null, '2c9ca28653129e51015312c3d5ff0007', '2', '', null, null, '00', null, '2016-03-03 09:39:19', null, '1', null);
INSERT INTO `iot_room_device` VALUES ('40288148533a008f01533a211509006a', '402881485336c9f4015336df1ccf0040', '40288009530b9c8901530bb09b750004', null, '402881485312af23015312b6baff0004', '2', '', null, null, '00', null, '2016-03-03 09:39:19', null, '1', null);
INSERT INTO `iot_room_device` VALUES ('40288148533a008f01533a212514006b', '402881485336c9f4015336df26330041', '40288009530b9c8901530bb09b750004', null, '2c9ca28653129e51015312c3d5ff0007', '2', '', null, null, '00', null, '2016-03-03 09:39:24', null, '1', null);
INSERT INTO `iot_room_device` VALUES ('40288148533a008f01533a212516006c', '402881485336c9f4015336df26330041', '40288009530b9c8901530bb09b750004', null, '402881485312af23015312b6baff0004', '2', '', null, null, '00', null, '2016-03-03 09:39:24', null, '1', null);
INSERT INTO `iot_room_device` VALUES ('40288148533a008f01533a2134e6006d', '402881485336c9f4015336df2f630042', '40288009530b9c8901530bb09b750004', null, '2c9ca28653129e51015312c3d5ff0007', '2', '', null, null, '00', null, '2016-03-03 09:39:28', null, '1', null);
INSERT INTO `iot_room_device` VALUES ('40288148533a008f01533a2134e9006e', '402881485336c9f4015336df2f630042', '40288009530b9c8901530bb09b750004', null, '402881485312af23015312b6baff0004', '2', '', null, null, '00', null, '2016-03-03 09:39:28', null, '1', null);
INSERT INTO `iot_room_device` VALUES ('40288148533a008f01533a2146f6006f', '402881485336c9f4015336df393c0043', '40288009530b9c8901530bb09b750004', null, '2c9ca28653129e51015312c3d5ff0007', '2', '', null, null, '00', null, '2016-03-03 09:39:32', null, '1', null);
INSERT INTO `iot_room_device` VALUES ('40288148533a008f01533a2146f70070', '402881485336c9f4015336df393c0043', '40288009530b9c8901530bb09b750004', null, '402881485312af23015312b6baff0004', '2', '', null, null, '00', null, '2016-03-03 09:39:32', null, '1', null);
INSERT INTO `iot_room_device` VALUES ('40288148533a008f01533a2159a90071', '402881485336c9f4015336df442c0044', '40288009530b9c8901530bb09b750004', null, '2c9ca28653129e51015312c3d5ff0007', '2', '', null, null, '00', null, '2016-03-03 09:39:37', null, '1', null);
INSERT INTO `iot_room_device` VALUES ('40288148533a008f01533a2159ab0072', '402881485336c9f4015336df442c0044', '40288009530b9c8901530bb09b750004', null, '402881485312af23015312b6baff0004', '2', '', null, null, '00', null, '2016-03-03 09:39:37', null, '1', null);
INSERT INTO `iot_room_device` VALUES ('40288148533a008f01533a216a130073', '402881485336c9f4015336e2e1230046', '40288009530b9c8901530bb09b750004', null, '2c9ca28653129e51015312c3d5ff0007', '2', '', null, '186', '00', null, '2016-03-03 09:39:41', null, '1', null);
INSERT INTO `iot_room_device` VALUES ('40288148533a008f01533a216a150074', '402881485336c9f4015336e2e1230046', '40288009530b9c8901530bb09b750004', '', '402881485312af23015312b6baff0004', '1', '', null, '186', '00', null, '2016-03-03 09:39:41', '', '1', '');
INSERT INTO `iot_room_device` VALUES ('40288148533a008f01533a2179320075', '402881485336c9f4015336e3192e0047', '40288009530b9c8901530bb09b750004', null, '2c9ca28653129e51015312c3d5ff0007', '2', '', null, '187', '00', null, '2016-03-03 09:39:45', null, '1', null);
INSERT INTO `iot_room_device` VALUES ('40288148533a008f01533a2179340076', '402881485336c9f4015336e3192e0047', '40288009530b9c8901530bb09b750004', '', '402881485312af23015312b6baff0004', '1', '', null, '187', '00', null, '2016-03-03 09:39:45', '', '1', '');
INSERT INTO `iot_room_device` VALUES ('40288148533a008f01533a2188980077', '402881485336c9f4015336e354a70048', '40288009530b9c8901530bb09b750004', null, '2c9ca28653129e51015312c3d5ff0007', '2', '', null, '188', '00', null, '2016-03-03 09:39:49', null, '1', null);
INSERT INTO `iot_room_device` VALUES ('40288148533a008f01533a2188990078', '402881485336c9f4015336e354a70048', '40288009530b9c8901530bb09b750004', '', '402881485312af23015312b6baff0004', '1', '', null, '188', '00', null, '2016-03-03 09:39:49', '', '1', '');
INSERT INTO `iot_room_device` VALUES ('40288148533a008f01533a21991c0079', '402881485336c9f4015336e381d60049', '40288009530b9c8901530bb09b750004', null, '2c9ca28653129e51015312c3d5ff0007', '2', '', null, '189', '00', null, '2016-03-03 09:39:53', null, '1', null);
INSERT INTO `iot_room_device` VALUES ('40288148533a008f01533a21991e007a', '402881485336c9f4015336e381d60049', '40288009530b9c8901530bb09b750004', '', '402881485312af23015312b6baff0004', '1', '', null, '189', '00', null, '2016-03-03 09:39:53', '', '1', '');
INSERT INTO `iot_room_device` VALUES ('40288148533a008f01533a21ceab007b', '402881485336c9f4015336e3f0bd004a', '40288009530b9c8901530bb09b750004', null, '2c9ca28653129e51015312c3d5ff0007', '2', '', null, '201', '00', null, '2016-03-03 09:40:07', null, '1', null);
INSERT INTO `iot_room_device` VALUES ('40288148533a008f01533a21ceac007c', '402881485336c9f4015336e3f0bd004a', '40288009530b9c8901530bb09b750004', null, '402881485312af23015312b6baff0004', '2', '', null, '201', '00', null, '2016-03-03 09:40:07', null, '1', null);
INSERT INTO `iot_room_device` VALUES ('40288148533a008f01533a21e2a7007d', '402881485336c9f4015336e41f03004b', '40288009530b9c8901530bb09b750004', null, '2c9ca28653129e51015312c3d5ff0007', '2', '', null, '203', '01', null, '2016-03-03 09:40:12', null, '1', null);
INSERT INTO `iot_room_device` VALUES ('40288148533a008f01533a21e2a8007e', '402881485336c9f4015336e41f03004b', '40288009530b9c8901530bb09b750004', null, '402881485312af23015312b6baff0004', '2', '', null, '203', '00', null, '2016-03-03 09:40:12', null, '1', null);
INSERT INTO `iot_room_device` VALUES ('40288148533a008f01533a21f2ff007f', '402881485336c9f4015336e45ca8004c', '40288009530b9c8901530bb09b750004', null, '2c9ca28653129e51015312c3d5ff0007', '2', '', null, '308', '00', null, '2016-03-03 09:40:16', null, '1', null);
INSERT INTO `iot_room_device` VALUES ('40288148533a008f01533a21f3020080', '402881485336c9f4015336e45ca8004c', '40288009530b9c8901530bb09b750004', null, '402881485312af23015312b6baff0004', '2', '', null, '308', '00', null, '2016-03-03 09:40:16', null, '1', null);
INSERT INTO `iot_room_device` VALUES ('40288148533a008f01533a2201da0081', '402881485336c9f4015336e49d6d004d', '40288009530b9c8901530bb09b750004', null, '2c9ca28653129e51015312c3d5ff0007', '2', '', null, null, '00', null, '2016-03-03 09:40:20', null, '1', null);
INSERT INTO `iot_room_device` VALUES ('40288148533a008f01533a2201dc0082', '402881485336c9f4015336e49d6d004d', '40288009530b9c8901530bb09b750004', null, '402881485312af23015312b6baff0004', '2', '', null, null, '00', null, '2016-03-03 09:40:20', null, '1', null);
INSERT INTO `iot_room_device` VALUES ('40288148533a008f01533a220fe90083', '402881485336c9f4015336e5f9a9004e', '40288009530b9c8901530bb09b750004', null, '2c9ca28653129e51015312c3d5ff0007', '2', '', null, null, '00', null, '2016-03-03 09:40:24', null, '1', null);
INSERT INTO `iot_room_device` VALUES ('40288148533a008f01533a220fec0084', '402881485336c9f4015336e5f9a9004e', '40288009530b9c8901530bb09b750004', null, '402881485312af23015312b6baff0004', '2', '', null, null, '00', null, '2016-03-03 09:40:24', null, '1', null);
INSERT INTO `iot_room_device` VALUES ('40288148533a008f01533a22211d0085', '402881485336c9f4015336e620c8004f', '40288009530b9c8901530bb09b750004', null, '2c9ca28653129e51015312c3d5ff0007', '2', '', null, null, '00', null, '2016-03-03 09:40:28', null, '1', null);
INSERT INTO `iot_room_device` VALUES ('40288148533a008f01533a22211f0086', '402881485336c9f4015336e620c8004f', '40288009530b9c8901530bb09b750004', null, '402881485312af23015312b6baff0004', '2', '', null, null, '00', null, '2016-03-03 09:40:28', null, '1', null);
INSERT INTO `iot_room_device` VALUES ('40288148533a008f01533a22a7c20087', '402881485336c9f4015336e354a70048', '40288009530b9c8901530bb09b750004', null, '40288148531b1dea01531b207d0d0006', '2', '3', null, '188', '00', null, '2016-03-03 09:41:03', null, '1', null);
INSERT INTO `iot_room_device` VALUES ('40288148533a008f01533a22a7c40088', '402881485336c9f4015336e354a70048', '40288009530b9c8901530bb09b750004', null, '40288148532c1e5901532c60e5c50032', '2', '3', null, '188', '00', null, '2016-03-03 09:41:03', null, '1', null);
INSERT INTO `iot_room_device` VALUES ('40288148533a008f01533a22cdc00089', '402881485336c9f4015336e381d60049', '40288009530b9c8901530bb09b750004', null, '40288148531b1dea01531b207d0d0006', '2', '3', null, '189', '00', null, '2016-03-03 09:41:12', null, '1', null);
INSERT INTO `iot_room_device` VALUES ('40288148533a008f01533a22cdc1008a', '402881485336c9f4015336e381d60049', '40288009530b9c8901530bb09b750004', null, '40288148532c1e5901532c60e5c50032', '2', '3', null, '189', '00', null, '2016-03-03 09:41:12', null, '1', null);
INSERT INTO `iot_room_device` VALUES ('40288148533a008f01533a281fd6008d', '40288148533a008f01533a27b9b1008c', '40288009530b9c8901530bb09b750004', null, '2c9ca28653129e51015312c3d5ff0007', '2', '', null, '204', '00', null, '2016-03-03 09:47:01', null, '0', null);
INSERT INTO `iot_room_device` VALUES ('40288148533a008f01533a281fd8008e', '40288148533a008f01533a27b9b1008c', '40288009530b9c8901530bb09b750004', null, '402881485312af23015312b6baff0004', '2', '', null, '204', '00', null, '2016-03-03 09:47:01', null, '0', null);
INSERT INTO `iot_room_device` VALUES ('40288148533a008f01533a281fd8008f', '40288148533a008f01533a27b9b1008c', '40288009530b9c8901530bb09b750004', null, '40288148531b1dea01531b207d0d0006', '2', '3', '', '204', '00', null, '2016-03-03 09:47:01', 'dd', '0', '');
INSERT INTO `iot_room_device` VALUES ('40288148533a008f01533a281fd90090', '40288148533a008f01533a27b9b1008c', '40288009530b9c8901530bb09b750004', null, '40288148532c1e5901532c247dfc001e', '2', '', '', '204', '00', null, '2016-03-03 09:47:01', 'ds', '0', '');
INSERT INTO `iot_room_device` VALUES ('40288148533a008f01533a281fd90091', '40288148533a008f01533a27b9b1008c', '40288009530b9c8901530bb09b750004', null, '40288148532c1e5901532c3d9d08002b', '0', '', '192.168.1.204', '204', '01', null, '2016-03-03 09:47:01', '', '0', '');
INSERT INTO `iot_room_device` VALUES ('40288148533a008f01533a281fd90092', '40288148533a008f01533a27b9b1008c', '40288009530b9c8901530bb09b750004', null, '40288148532c1e5901532c60e5c50032', '2', '3', null, '204', '00', null, '2016-03-03 09:47:01', null, '0', null);
INSERT INTO `iot_room_device` VALUES ('40288148533a008f01533a281fd90093', '40288148533a008f01533a27b9b1008c', '40288009530b9c8901530bb09b750004', null, '402881485330114501533022a2a00029', '0', '', '', '204', '00', null, '2016-03-03 09:47:01', '教室2', '0', '');
INSERT INTO `iot_room_device` VALUES ('40288148533a008f01533a281fd90094', '40288148533a008f01533a27b9b1008c', '40288009530b9c8901530bb09b750004', null, '402881485330114501533023234a002a', '2', '', null, '204', '00', null, '2016-03-03 09:47:01', null, '0', null);
INSERT INTO `iot_room_device` VALUES ('40288148533a008f01533a281fda0095', '40288148533a008f01533a27b9b1008c', '40288009530b9c8901530bb09b750004', null, '4028814853301145015330235a4f002b', '2', '', null, '204', '00', null, '2016-03-03 09:47:01', null, '0', null);
INSERT INTO `iot_room_device` VALUES ('40288148533a008f01533a281fda0096', '40288148533a008f01533a27b9b1008c', '40288009530b9c8901530bb09b750004', null, '402881485330114501533023da93002d', '2', '', null, '204', '00', null, '2016-03-03 09:47:01', null, '0', null);
INSERT INTO `iot_room_device` VALUES ('40288148533a4a2301533a50091d0008', '40288148533a008f01533a357964009a', '40288148532b909b01532bfc61190053', null, '40288148533a008f01533a395d36009d', '2', '3', '', '', '00', null, '2016-03-03 10:30:37', '达到', '0', '撒才');
INSERT INTO `iot_room_device` VALUES ('40288148533a4a2301533a50091f0009', '40288148533a008f01533a357964009a', '40288148532b909b01532bfc61190053', null, '40288148533a008f01533a4523e9009e', '2', '', '', '', '00', null, '2016-03-03 10:30:37', 'kjjljljkji', '0', '大叔大婶的');
INSERT INTO `iot_room_device` VALUES ('40288148533a4a2301533a500920000a', '40288148533a008f01533a357964009a', '40288148532b909b01532bfc61190053', null, '40288148533a4a2301533a4ec5570007', '2', '', '', '', '00', null, '2016-03-03 10:30:37', '的', '0', '说说的');
INSERT INTO `iot_room_device` VALUES ('40288148533a556c01533b040ea5000a', '40288148533a556c01533b038cc70007', '40288009530b9c8901530bb09b750004', null, '40288148532c1e5901532c3d9d08002b', '1', '', '', '', '01', null, '2016-03-03 13:47:14', '', '0', '');
INSERT INTO `iot_room_device` VALUES ('40288148533a556c01533b042498000b', '40288148533a556c01533b03e1090009', '40288009530b9c8901530bb09b750004', null, '40288148532c1e5901532c3d9d08002b', '1', '', '192.168.1.202', '', '00', null, '2016-03-03 13:47:20', '', '0', '');
INSERT INTO `iot_room_device` VALUES ('40288148533a556c01533b045d85000c', '40288148533a556c01533b038cc70007', '40288009530b9c8901530bb09b750004', null, '2c9ca28653129e51015312c3d5ff0007', '2', '', null, '', '00', null, '2016-03-03 13:47:35', null, '0', null);
INSERT INTO `iot_room_device` VALUES ('40288148533a556c01533b045d86000d', '40288148533a556c01533b038cc70007', '40288009530b9c8901530bb09b750004', null, '402881485312af23015312b6baff0004', '2', '', null, '', '00', null, '2016-03-03 13:47:35', null, '0', null);
INSERT INTO `iot_room_device` VALUES ('40288148533a556c01533b045d87000e', '40288148533a556c01533b038cc70007', '40288009530b9c8901530bb09b750004', null, '40288148531b1dea01531b207d0d0006', '2', '3', null, '', '00', null, '2016-03-03 13:47:35', null, '0', null);
INSERT INTO `iot_room_device` VALUES ('40288148533a556c01533b045d87000f', '40288148533a556c01533b038cc70007', '40288009530b9c8901530bb09b750004', null, '402881485330114501533022a2a00029', '2', '', null, '', '00', null, '2016-03-03 13:47:35', null, '0', null);
INSERT INTO `iot_room_device` VALUES ('40288148533a556c01533b04c4380010', '40288148533a556c01533b03e1090009', '40288009530b9c8901530bb09b750004', null, '2c9ca28653129e51015312c3d5ff0007', '2', '', null, '', '00', null, '2016-03-03 13:48:01', null, '0', null);
INSERT INTO `iot_room_device` VALUES ('40288148533a556c01533b04c43a0011', '40288148533a556c01533b03e1090009', '40288009530b9c8901530bb09b750004', null, '402881485312af23015312b6baff0004', '2', '', null, '', '00', null, '2016-03-03 13:48:01', null, '0', null);
INSERT INTO `iot_room_device` VALUES ('40288148533a556c01533b04c43b0012', '40288148533a556c01533b03e1090009', '40288009530b9c8901530bb09b750004', null, '40288148531b1dea01531b207d0d0006', '2', '3', null, '', '00', null, '2016-03-03 13:48:01', null, '0', null);
INSERT INTO `iot_room_device` VALUES ('40288148533a556c01533b2bcd36002a', '40288148533a008f01533a360ffa009b', '40288148532b909b01532bfc61190053', null, '40288148533a008f01533a395d36009d', '2', '3', '', '', '00', null, '2016-03-03 14:30:39', 'ssw大叔大婶', '0', 'ss萨达');
INSERT INTO `iot_room_device` VALUES ('40288148533a556c01533b2c2fa3002b', '40288148533a008f01533a360ffa009b', '40288148532b909b01532bfc61190053', null, '40288148533a4a2301533a4ec5570007', '2', '', '', '', '00', null, '2016-03-03 14:31:04', '测试', '0', '送');
INSERT INTO `iot_room_device` VALUES ('40288148533a556c01533b2c2fa5002c', '40288148533a008f01533a360ffa009b', '40288148532b909b01532bfc61190053', null, '40288148533a008f01533a4523e9009e', '2', '', '', '', '00', null, '2016-03-03 14:31:04', '萨达', '0', '倒萨大倒萨大');
INSERT INTO `iot_room_device` VALUES ('40288148533a556c01533b2cd218002d', '40288148533a008f01533a360ffa009b', '40288148532b909b01532bfc61190053', null, '40288148533a008f01533a395d36009d', '2', '3', null, null, '00', null, '2016-03-03 14:31:46', null, '0', null);
INSERT INTO `iot_room_device` VALUES ('40288148533a556c01533b2cd21b002e', '40288148533a008f01533a360ffa009b', '40288148532b909b01532bfc61190053', null, '40288148533a008f01533a4523e9009e', '2', '', '', '', '00', null, '2016-03-03 14:31:46', '大点声', '0', '倒萨大');
INSERT INTO `iot_room_device` VALUES ('40288148533a556c01533b2cd21b002f', '40288148533a008f01533a360ffa009b', '40288148532b909b01532bfc61190053', null, '40288148533a4a2301533a4ec5570007', '2', '', '', '', '00', null, '2016-03-03 14:31:46', '萨达', '0', '大声道');
INSERT INTO `iot_room_device` VALUES ('40288148533a556c01533b3a223c0031', '40288148533a556c01533b3a22370030', null, null, '40288148533a008f01533a395d36009d', '2', '3', '', '', '00', null, '2016-03-03 10:30:37', '达到', '0', '撒才');
INSERT INTO `iot_room_device` VALUES ('40288148533a556c01533b3a223c0032', '40288148533a556c01533b3a22370030', null, null, '40288148533a008f01533a4523e9009e', '2', '', '', '', '00', null, '2016-03-03 10:30:37', 'kjjljljkji', '0', '大叔大婶的');
INSERT INTO `iot_room_device` VALUES ('40288148533a556c01533b3a223d0033', '40288148533a556c01533b3a22370030', null, null, '40288148533a4a2301533a4ec5570007', '2', '', '', '', '00', null, '2016-03-03 10:30:37', '的', '0', '说说的');
INSERT INTO `iot_room_device` VALUES ('4028814853509e9b015350a042c30002', '40288148533a556c01533b052ff60013', '40288009530b9c8901530bb09b750004', null, '402881485312af23015312b6baff0004', '2', '', null, '100', '00', null, '2016-03-07 18:29:53', null, '0', null);
INSERT INTO `iot_room_device` VALUES ('4028814853509e9b015350a042c50003', '40288148533a556c01533b052ff60013', '40288009530b9c8901530bb09b750004', null, '40288148531b1dea01531b207d0d0006', '2', '3', null, '100', '00', null, '2016-03-07 18:29:53', null, '0', null);
INSERT INTO `iot_room_device` VALUES ('402881485350a3f7015350a4f4c00002', '40288148533a556c01533b052ff60013', '40288009530b9c8901530bb09b750004', null, '402881485312af23015312b6baff0004', '2', '', '', '106', '00', null, '2016-03-07 18:35:01', '', '0', '');
INSERT INTO `iot_room_device` VALUES ('402881485350a3f7015350a4f4c40003', '40288148533a556c01533b052ff60013', '40288009530b9c8901530bb09b750004', null, '40288148531b1dea01531b207d0d0006', '2', '3', null, '100', '00', null, '2016-03-07 18:35:01', null, '0', null);
INSERT INTO `iot_room_device` VALUES ('402881485350a3f7015350a4f4c40004', '40288148533a556c01533b052ff60013', '40288009530b9c8901530bb09b750004', null, '40288148532c1e5901532c3d9d08002b', '1', '', '192.168.1.206', '106', '00', null, '2016-03-07 18:35:01', '', '0', '');
INSERT INTO `iot_room_device` VALUES ('402881485350a3f7015350a5659a0005', '40288148533a556c01533b052ff60013', '40288009530b9c8901530bb09b750004', null, '402881485330114501533022a2a00029', '2', '', null, '100', '00', null, '2016-03-07 18:35:30', null, '0', null);
INSERT INTO `iot_room_device` VALUES ('402881485350a3f7015350a5659b0006', '40288148533a556c01533b052ff60013', '40288009530b9c8901530bb09b750004', null, '402881485330114501533023234a002a', '2', '', null, '100', '00', null, '2016-03-07 18:35:30', null, '0', null);
INSERT INTO `iot_room_device` VALUES ('402881485350a3f7015350a900c30007', '40288148533a556c01533b03e1090009', '40288009530b9c8901530bb09b750004', null, '402881485330114501533022a2a00029', '2', '', null, '', '00', null, '2016-03-07 18:39:26', null, '0', null);
INSERT INTO `iot_room_device` VALUES ('402881485350a3f7015350a900c50008', '40288148533a556c01533b03e1090009', '40288009530b9c8901530bb09b750004', null, '402881485330114501533023234a002a', '2', '', null, '', '00', null, '2016-03-07 18:39:26', null, '0', null);
INSERT INTO `iot_room_device` VALUES ('402881485353cec7015353cf62290003', '402881485353cec7015353cf3ec80002', '40288009530b9c8901530bb09b750004', null, '40288148532c1e5901532c3d9d08002b', '1', '', null, '100', '00', null, '2016-03-08 09:20:13', null, '0', null);
INSERT INTO `iot_room_device` VALUES ('402881485353cec7015353cf622c0004', '402881485353cec7015353cf3ec80002', '40288009530b9c8901530bb09b750004', null, '40288148532c1e5901532c247dfc001e', '2', '', null, '100', '00', null, '2016-03-08 09:20:13', null, '0', null);
INSERT INTO `iot_room_device` VALUES ('402881485353cec7015353d115ce0006', '402881485353cec7015353d057860005', '40288009530b9c8901530bb09b750004', null, '2c9ca28653129e51015312c3d5ff0007', '2', '', null, '101', '00', null, '2016-03-08 09:22:04', null, '1', null);
INSERT INTO `iot_room_device` VALUES ('402881485353cec7015353d115d10007', '402881485353cec7015353d057860005', '40288009530b9c8901530bb09b750004', null, '40288148532c1e5901532c3d9d08002b', '1', '', null, '101', '00', null, '2016-03-08 09:22:04', null, '1', null);
INSERT INTO `iot_room_device` VALUES ('402881485353cec7015353d25ce50009', '402881485353cec7015353d249410008', '40288009530b9c8901530bb09b750004', null, '402881485312af23015312b6baff0004', '2', '', '', '102', '00', null, '2016-03-08 09:23:28', '', '0', '');
INSERT INTO `iot_room_device` VALUES ('402881485353cec7015353d25ce7000a', '402881485353cec7015353d249410008', '40288009530b9c8901530bb09b750004', null, '40288148532c1e5901532c3d9d08002b', '1', '', null, '102', '00', null, '2016-03-08 09:23:28', null, '0', null);
INSERT INTO `iot_room_device` VALUES ('402881485353cec7015353d8cb31000c', '402881485353cec7015353d8b9d7000b', '40288009530b9c8901530bb09b750004', null, '40288148532c1e5901532c3d9d08002b', '1', '', null, '107', '00', null, '2016-03-08 09:30:30', null, '0', null);
INSERT INTO `iot_room_device` VALUES ('402881485353cec7015353d8cb32000d', '402881485353cec7015353d8b9d7000b', '40288009530b9c8901530bb09b750004', null, '40288148532c1e5901532c60e5c50032', '2', '3', null, '107', '00', null, '2016-03-08 09:30:30', null, '0', null);
INSERT INTO `iot_room_device` VALUES ('402881485353cec7015353d9123f000e', '402881485353cec7015353d8b9d7000b', '40288009530b9c8901530bb09b750004', null, '40288148532c1e5901532c60e5c50032', '2', '3', null, '107', '00', null, '2016-03-08 09:30:48', null, '0', null);
INSERT INTO `iot_room_device` VALUES ('402881485353cec7015353d91240000f', '402881485353cec7015353d8b9d7000b', '40288009530b9c8901530bb09b750004', null, '402881485330114501533022a2a00029', '2', '', null, '107', '00', null, '2016-03-08 09:30:48', null, '0', null);
INSERT INTO `iot_room_device` VALUES ('402881485353cec7015353d98dd00011', '402881485353cec7015353d975320010', '40288009530b9c8901530bb09b750004', null, '40288148532c1e5901532c3d9d08002b', '1', '', null, '104', '00', null, '2016-03-08 09:31:19', null, '0', null);
INSERT INTO `iot_room_device` VALUES ('402881485353cec7015353d98dd10012', '402881485353cec7015353d975320010', '40288009530b9c8901530bb09b750004', null, '40288148532c1e5901532c60e5c50032', '2', '3', null, '104', '00', null, '2016-03-08 09:31:19', null, '0', null);
INSERT INTO `iot_room_device` VALUES ('402881485353cec7015353d98dd10013', '402881485353cec7015353d975320010', '40288009530b9c8901530bb09b750004', null, '402881485330114501533022a2a00029', '2', '', null, '104', '00', null, '2016-03-08 09:31:19', null, '0', null);
INSERT INTO `iot_room_device` VALUES ('402881485353cec7015353d98dd20014', '402881485353cec7015353d975320010', '40288009530b9c8901530bb09b750004', null, '402881485330114501533023234a002a', '2', '', null, '104', '00', null, '2016-03-08 09:31:19', null, '0', null);
INSERT INTO `iot_room_device` VALUES ('402881485353cec7015353d9f39f0016', '402881485353cec7015353d9e4c00015', '40288009530b9c8901530bb09b750004', null, '2c9ca28653129e51015312c3d5ff0007', '2', '', null, '105', '00', null, '2016-03-08 09:31:45', null, '0', null);
INSERT INTO `iot_room_device` VALUES ('402881485353cec7015353d9f3a10017', '402881485353cec7015353d9e4c00015', '40288009530b9c8901530bb09b750004', null, '40288148532c1e5901532c3d9d08002b', '1', '', null, '105', '00', null, '2016-03-08 09:31:45', null, '0', null);
INSERT INTO `iot_room_device` VALUES ('402881485353f796015353fd96720003', '402881485353f796015353fd85cb0002', '40288009530b9c8901530bb09b750004', null, '40288148532c1e5901532c3d9d08002b', '1', '', '192.168.1.206', '106', '00', null, '2016-03-08 10:10:41', '', '0', '');
INSERT INTO `iot_room_device` VALUES ('402881485353f796015353fd96740004', '402881485353f796015353fd85cb0002', '40288009530b9c8901530bb09b750004', null, '40288148532c1e5901532c247dfc001e', '2', '', null, '106', '00', null, '2016-03-08 10:10:41', null, '0', null);
INSERT INTO `iot_room_device` VALUES ('402881485353f796015354045b330007', '402881485353f7960153540448e40006', '40288148532b909b01532bfc61190053', null, '402881f1533b905501533b91524c0004', '1', '', null, '100', '00', null, '2016-03-08 10:18:04', null, '1', null);
INSERT INTO `iot_room_device` VALUES ('402881485353f796015354045b340008', '402881485353f7960153540448e40006', '40288148532b909b01532bfc61190053', null, '40288148533a008f01533a4523e9009e', '2', '', '', '104', '00', null, '2016-03-08 10:18:04', '', '1', '');
INSERT INTO `iot_room_device` VALUES ('402881485353f7960153540528c10009', '402881f1533ba0e501533bbaf68d0007', '40288148532b909b01532bfc61190053', null, '40288148533a4a2301533a4ec5570007', '2', '', '', '105', '00', null, '2016-03-08 10:18:57', '10.125.3.6', '1', '');
INSERT INTO `iot_room_device` VALUES ('402881485353f7960153540786c6000a', '402881f1533ba0e501533bbaf68d0007', '40288148532b909b01532bfc61190053', null, '40288148533a4a2301533a4ec5570007', '2', '', null, '105', '00', null, '2016-03-08 10:21:32', null, '1', null);
INSERT INTO `iot_room_device` VALUES ('402881485353f79601535407d786000b', '402881f1533ba0e501533bbaf68d0007', '40288148532b909b01532bfc61190053', null, '402881f1533b905501533b91524c0004', '1', '', '10.125.3.8', '105', '00', null, '2016-03-08 10:21:53', '', '1', '');
INSERT INTO `iot_room_device` VALUES ('402881485354d8ac015354e27be00006', '402881485353cec7015353d8b9d7000b', '40288009530b9c8901530bb09b750004', null, '402881485330114501533022a2a00029', '2', '', null, '107', '00', null, '2016-03-08 14:20:42', null, '0', null);
INSERT INTO `iot_room_device` VALUES ('402881485354d8ac015354e41acd0007', '402881485353cec7015353d8b9d7000b', '40288009530b9c8901530bb09b750004', null, '40288148532c1e5901532c3d9d08002b', '', '', '', '107', '00', null, '2016-03-08 14:22:28', '', '0', '');
INSERT INTO `iot_room_device` VALUES ('402881485354d8ac015354e41acf0008', '402881485353cec7015353d8b9d7000b', '40288009530b9c8901530bb09b750004', null, '40288148531b1dea01531b207d0d0006', '2', '3', null, '107', '00', null, '2016-03-08 14:22:28', null, '0', null);
INSERT INTO `iot_room_device` VALUES ('402881485354d8ac015354e41acf0009', '402881485353cec7015353d8b9d7000b', '40288009530b9c8901530bb09b750004', null, '40288148532c1e5901532c247dfc001e', '2', '', null, '107', '00', null, '2016-03-08 14:22:28', null, '0', null);
INSERT INTO `iot_room_device` VALUES ('402881485354d8ac015354e45167000d', '402881485354d8ac015354e43b5f000c', '40288009530b9c8901530bb09b750004', null, '40288148531b1dea01531b207d0d0006', '2', '3', null, '108', '00', null, '2016-03-08 14:22:42', null, '0', null);
INSERT INTO `iot_room_device` VALUES ('402881485354d8ac015354e45169000e', '402881485354d8ac015354e43b5f000c', '40288009530b9c8901530bb09b750004', null, '40288148532c1e5901532c247dfc001e', '2', '', null, '108', '00', null, '2016-03-08 14:22:42', null, '0', null);
INSERT INTO `iot_room_device` VALUES ('402881485354d8ac015354e45169000f', '402881485354d8ac015354e43b5f000c', '40288009530b9c8901530bb09b750004', null, '40288148532c1e5901532c3d9d08002b', '1', '', null, '108', '00', null, '2016-03-08 14:22:42', null, '0', null);
INSERT INTO `iot_room_device` VALUES ('402881485354d8ac015354e4bcb90011', '402881485354d8ac015354e4a3760010', '40288009530b9c8901530bb09b750004', null, '2c9ca28653129e51015312c3d5ff0007', '2', '', null, '1092', '00', null, '2016-03-08 14:23:10', null, '0', null);
INSERT INTO `iot_room_device` VALUES ('402881485354d8ac015354e4bcba0012', '402881485354d8ac015354e4a3760010', '40288009530b9c8901530bb09b750004', null, '402881485312af23015312b6baff0004', '2', '', null, '1092', '00', null, null, '', '0', '');
INSERT INTO `iot_room_device` VALUES ('402881485354d8ac015354e4bcbb0013', '402881485354d8ac015354e4a3760010', '40288009530b9c8901530bb09b750004', null, '40288148531b1dea01531b207d0d0006', '2', '3', null, '1092', '00', null, '2016-03-08 14:23:10', null, '0', null);
INSERT INTO `iot_room_device` VALUES ('402881485354d8ac015354e4bcbb0014', '402881485354d8ac015354e4a3760010', '40288009530b9c8901530bb09b750004', null, '40288148532c1e5901532c247dfc001e', '2', '', null, '1092', '00', null, '2016-03-08 14:23:10', null, '0', null);
INSERT INTO `iot_room_device` VALUES ('402881485354d8ac015354e4bcbb0015', '402881485354d8ac015354e4a3760010', '40288009530b9c8901530bb09b750004', null, '40288148532c1e5901532c3d9d08002b', '1', '', '192.168.1.203', '1092', '01', null, '2016-03-08 14:23:10', '', '0', '');
INSERT INTO `iot_room_device` VALUES ('402881485354d8ac015354e4bcbb0016', '402881485354d8ac015354e4a3760010', '40288009530b9c8901530bb09b750004', null, '40288148532c1e5901532c60e5c50032', '2', '3', null, '1092', '00', null, '2016-03-08 14:23:10', null, '0', null);
INSERT INTO `iot_room_device` VALUES ('402881485354d8ac015354e4bcbb0017', '402881485354d8ac015354e4a3760010', '40288009530b9c8901530bb09b750004', null, '402881485330114501533022a2a00029', '2', '', '', '1092', '00', null, '2016-03-08 14:23:10', '', '0', '');
INSERT INTO `iot_room_device` VALUES ('402881485354d8ac015354e4bcbb0018', '402881485354d8ac015354e4a3760010', '40288009530b9c8901530bb09b750004', null, '402881485330114501533023234a002a', '2', '', null, '1092', '00', null, '2016-03-08 14:23:10', null, '0', null);
INSERT INTO `iot_room_device` VALUES ('402881485354d8ac015354e4bcbb0019', '402881485354d8ac015354e4a3760010', '40288009530b9c8901530bb09b750004', null, '4028814853301145015330235a4f002b', '2', '', null, '1092', '00', null, '2016-03-08 14:23:10', null, '0', null);
INSERT INTO `iot_room_device` VALUES ('402881485354d8ac015354e4bcbb001a', '402881485354d8ac015354e4a3760010', '40288009530b9c8901530bb09b750004', null, '402881485330114501533023da93002d', '2', '', null, '1092', '00', null, '2016-03-08 14:23:10', null, '0', null);
INSERT INTO `iot_room_device` VALUES ('4028814853551e2f0153551f5ad20005', '40288148533a008f01533a27b9b1008c', '40288009530b9c8901530bb09b750004', null, '402881ee525ea38201525ea75ffb0002', '0', '', '', '204', '00', null, '2016-03-08 15:27:11', '', '0', '');
INSERT INTO `iot_room_device` VALUES ('4028814853551e2f01535522c0cc0006', '402881485336c9f4015336e6e0280050', '40288009530b9c8901530bb09b750004', '1', '40288148535514e20153551b9b8a0011', '2', '3', null, '105', '01', null, null, '', '0', '');
INSERT INTO `iot_room_device` VALUES ('4028814853551e2f0153552313270007', '402881485336c9f4015336e6e0280050', '40288009530b9c8901530bb09b750004', null, '402881485335f4d80153362a31130096', '2', '', null, '105', '00', null, '2016-03-08 15:31:15', null, '0', null);
INSERT INTO `iot_room_device` VALUES ('402881485355288b0153553e8aab000e', '402881485355288b0153553e7c59000d', '40288148532b909b01532bfc61190053', null, '40288148533a008f01533a395d36009d', '2', '3', null, '106', '00', null, '2016-03-08 16:01:15', null, '1', null);
INSERT INTO `iot_room_device` VALUES ('402881485355288b0153553e8aad000f', '402881485355288b0153553e7c59000d', '40288148532b909b01532bfc61190053', null, '40288148533a008f01533a4523e9009e', '2', '', null, '106', '00', null, '2016-03-08 16:01:15', null, '1', null);
INSERT INTO `iot_room_device` VALUES ('402881485355288b0153553e8aad0010', '402881485355288b0153553e7c59000d', '40288148532b909b01532bfc61190053', null, '40288148533a4a2301533a4ec5570007', '2', '', null, '106', '00', null, '2016-03-08 16:01:15', null, '1', null);
INSERT INTO `iot_room_device` VALUES ('402881485355288b0153553e8aad0011', '402881485355288b0153553e7c59000d', '40288148532b909b01532bfc61190053', null, '402881f1533b905501533b91524c0004', '1', '', '192.168.1.204', '106', '00', null, null, '', '1', '');
INSERT INTO `iot_room_device` VALUES ('402881485355288b01535540bdc90013', '402881485355288b01535540b3ab0012', '40288148532b909b01532bfc61190053', null, '40288148533a008f01533a395d36009d', '2', '3', null, '108', '00', null, '2016-03-08 16:03:39', null, '0', null);
INSERT INTO `iot_room_device` VALUES ('402881485355288b01535540bdcb0014', '402881485355288b01535540b3ab0012', '40288148532b909b01532bfc61190053', null, '40288148533a008f01533a4523e9009e', '2', '', null, '108', '00', null, '2016-03-08 16:03:39', null, '0', null);
INSERT INTO `iot_room_device` VALUES ('402881485355288b01535540bdcb0015', '402881485355288b01535540b3ab0012', '40288148532b909b01532bfc61190053', null, '40288148533a4a2301533a4ec5570007', '2', '', null, '108', '00', null, '2016-03-08 16:03:39', null, '0', null);
INSERT INTO `iot_room_device` VALUES ('402881485355288b01535540bdcb0016', '402881485355288b01535540b3ab0012', '40288148532b909b01532bfc61190053', null, '402881f1533b905501533b91524c0004', '1', '', '192.168.1.204', '108', '00', null, null, '', '0', '');
INSERT INTO `iot_room_device` VALUES ('402881485355288b01535543c12b0017', '402881485355288b01535540b3ab0012', '40288148532b909b01532bfc61190053', null, '40288148533a008f01533a395d36009d', '2', '3', null, '108', '00', null, '2016-03-08 16:06:57', null, '0', null);
INSERT INTO `iot_room_device` VALUES ('402881485355288b01535543c12d0018', '402881485355288b01535540b3ab0012', '40288148532b909b01532bfc61190053', null, '40288148533a008f01533a4523e9009e', '2', '', null, '108', '00', null, '2016-03-08 16:06:57', null, '0', null);
INSERT INTO `iot_room_device` VALUES ('402881485355288b01535543c12d0019', '402881485355288b01535540b3ab0012', '40288148532b909b01532bfc61190053', null, '40288148533a4a2301533a4ec5570007', '2', '', null, '108', '00', null, '2016-03-08 16:06:57', null, '0', null);
INSERT INTO `iot_room_device` VALUES ('402881485355288b01535543c12d001a', '402881485355288b01535540b3ab0012', '40288148532b909b01532bfc61190053', null, '402881f1533b905501533b91524c0004', '1', '', null, '108', '00', null, '2016-03-08 16:06:57', null, '0', null);
INSERT INTO `iot_room_device` VALUES ('402881485355288b015355457609001c', '402881485355288b015355451720001b', '40288148532b909b01532bfc61190053', null, '40288148533a008f01533a395d36009d', '2', '3', null, '109', '00', null, '2016-03-08 16:08:48', null, '0', null);
INSERT INTO `iot_room_device` VALUES ('402881485355288b01535545760a001d', '402881485355288b015355451720001b', '40288148532b909b01532bfc61190053', null, '40288148533a008f01533a4523e9009e', '2', '', null, '109', '00', null, '2016-03-08 16:08:48', null, '0', null);
INSERT INTO `iot_room_device` VALUES ('402881485355288b01535545760a001e', '402881485355288b015355451720001b', '40288148532b909b01532bfc61190053', null, '40288148533a4a2301533a4ec5570007', '2', '', null, '109', '00', null, '2016-03-08 16:08:48', null, '0', null);
INSERT INTO `iot_room_device` VALUES ('402881485355288b01535545760b001f', '402881485355288b015355451720001b', '40288148532b909b01532bfc61190053', null, '402881f1533b905501533b91524c0004', '1', '', null, '109', '00', null, '2016-03-08 16:08:48', null, '0', null);
INSERT INTO `iot_room_device` VALUES ('402881485355288b015355478f2c0021', '402881485355288b01535546b6770020', '40288148532b909b01532bfc61190053', null, '40288148533a008f01533a395d36009d', '2', '3', null, '110', '00', null, '2016-03-08 16:11:06', null, '0', null);
INSERT INTO `iot_room_device` VALUES ('402881485355288b015355478f2d0022', '402881485355288b01535546b6770020', '40288148532b909b01532bfc61190053', null, '40288148533a008f01533a4523e9009e', '2', '', null, '110', '00', null, '2016-03-08 16:11:06', null, '0', null);
INSERT INTO `iot_room_device` VALUES ('402881485355288b015355478f2d0023', '402881485355288b01535546b6770020', '40288148532b909b01532bfc61190053', null, '40288148533a4a2301533a4ec5570007', '2', '', null, '110', '00', null, '2016-03-08 16:11:06', null, '0', null);
INSERT INTO `iot_room_device` VALUES ('402881485355288b015355478f2d0024', '402881485355288b01535546b6770020', '40288148532b909b01532bfc61190053', null, '402881f1533b905501533b91524c0004', '1', '', null, '110', '00', null, '2016-03-08 16:11:06', null, '0', null);
INSERT INTO `iot_room_device` VALUES ('402881485355288b0153554b3ff30026', '402881485355288b01535549b7fe0025', '40288148532b909b01532bfc61190053', null, '40288148533a008f01533a395d36009d', '2', '3', null, '111', '00', null, '2016-03-08 16:15:08', null, '0', null);
INSERT INTO `iot_room_device` VALUES ('402881485355288b0153554b3ff50027', '402881485355288b01535549b7fe0025', '40288148532b909b01532bfc61190053', null, '40288148533a008f01533a4523e9009e', '2', '', null, '111', '00', null, '2016-03-08 16:15:08', null, '0', null);
INSERT INTO `iot_room_device` VALUES ('402881485355288b0153554b3ff60028', '402881485355288b01535549b7fe0025', '40288148532b909b01532bfc61190053', null, '40288148533a4a2301533a4ec5570007', '2', '', null, '111', '00', null, '2016-03-08 16:15:08', null, '0', null);
INSERT INTO `iot_room_device` VALUES ('402881485355288b0153554b3ff60029', '402881485355288b01535549b7fe0025', '40288148532b909b01532bfc61190053', null, '402881f1533b905501533b91524c0004', '1', '', null, '111', '00', null, '2016-03-08 16:15:08', null, '0', null);
INSERT INTO `iot_room_device` VALUES ('402881485355288b0153554b89ba002b', '402881485355288b0153554b7e7f002a', '40288148532b909b01532bfc61190053', null, '40288148533a008f01533a395d36009d', '2', '3', null, '112', '00', null, '2016-03-08 16:15:27', null, '0', null);
INSERT INTO `iot_room_device` VALUES ('402881485355288b0153554b89bc002c', '402881485355288b0153554b7e7f002a', '40288148532b909b01532bfc61190053', null, '40288148533a008f01533a4523e9009e', '2', '', null, '112', '00', null, '2016-03-08 16:15:27', null, '0', null);
INSERT INTO `iot_room_device` VALUES ('402881485355288b0153554b89bc002d', '402881485355288b0153554b7e7f002a', '40288148532b909b01532bfc61190053', null, '40288148533a4a2301533a4ec5570007', '2', '', null, '112', '00', null, '2016-03-08 16:15:27', null, '0', null);
INSERT INTO `iot_room_device` VALUES ('402881485355288b0153554b89bc002e', '402881485355288b0153554b7e7f002a', '40288148532b909b01532bfc61190053', null, '402881f1533b905501533b91524c0004', '1', '', null, '112', '00', null, '2016-03-08 16:15:27', null, '0', null);
INSERT INTO `iot_room_device` VALUES ('402881485355288b0153555594080030', '402881485354d8ac015354e4a3760010', '40288009530b9c8901530bb09b750004', null, '402881485312af23015312b6baff0004', '2', '', null, '1092', '00', null, '2016-03-08 16:26:25', null, '0', null);
INSERT INTO `iot_room_device` VALUES ('402881485355288b01535555940a0031', '402881485354d8ac015354e4a3760010', '40288009530b9c8901530bb09b750004', null, '402881485335f4d80153362a31130096', '2', '', null, '1092', '00', null, '2016-03-08 16:26:25', null, '0', null);
INSERT INTO `iot_room_device` VALUES ('402881485355288b01535555940a0032', '402881485354d8ac015354e4a3760010', '40288009530b9c8901530bb09b750004', null, '40288148535514e20153551b9b8a0011', '2', '3', null, '1092', '00', null, '2016-03-08 16:26:25', null, '0', null);
INSERT INTO `iot_room_device` VALUES ('402881485355288b01535555940a0033', '402881485354d8ac015354e4a3760010', '40288009530b9c8901530bb09b750004', null, '402881ee525ea38201525ea75ffb0002', '2', '', null, '1092', '00', null, '2016-03-08 16:26:25', null, '0', null);
INSERT INTO `iot_room_device` VALUES ('402881485355288b01535555d1710034', '402881485354d8ac015354e4a3760010', '40288009530b9c8901530bb09b750004', null, '402881485312af23015312b6baff0004', '2', '', null, '1092', '00', null, '2016-03-08 16:26:40', null, '0', null);
INSERT INTO `iot_room_device` VALUES ('402881485355288b01535555d1730035', '402881485354d8ac015354e4a3760010', '40288009530b9c8901530bb09b750004', null, '402881485335f4d80153362a31130096', '2', '', null, '1092', '00', null, '2016-03-08 16:26:40', null, '0', null);
INSERT INTO `iot_room_device` VALUES ('402881485355288b01535555d1730036', '402881485354d8ac015354e4a3760010', '40288009530b9c8901530bb09b750004', null, '40288148535514e20153551b9b8a0011', '2', '3', null, '1092', '00', null, '2016-03-08 16:26:40', null, '0', null);
INSERT INTO `iot_room_device` VALUES ('402881485355288b01535555d1730037', '402881485354d8ac015354e4a3760010', '40288009530b9c8901530bb09b750004', null, '402881ee525ea38201525ea75ffb0002', '2', '', null, '1092', '00', null, '2016-03-08 16:26:40', null, '0', null);
INSERT INTO `iot_room_device` VALUES ('402881485355288b0153555d130b0039', '402881485355288b0153554b7e7f002a', '40288148532b909b01532bfc61190053', null, '40288148533a008f01533a4523e9009e', '2', '', null, '112', '00', null, '2016-03-08 16:34:36', null, '0', null);
INSERT INTO `iot_room_device` VALUES ('402881485355288b0153555d130c003a', '402881485355288b0153554b7e7f002a', '40288148532b909b01532bfc61190053', null, '40288148533a4a2301533a4ec5570007', '2', '', null, '112', '00', null, '2016-03-08 16:34:36', null, '0', null);
INSERT INTO `iot_room_device` VALUES ('402881485387503601538795d4af000a', '402881485336c9f4015336e6e0280050', '40288009530b9c8901530bb09b750004', null, '40288148535514e20153551b9b8a0011', '2', '3', null, '105', '01', null, '2016-03-18 10:37:36', null, '0', null);
INSERT INTO `iot_room_device` VALUES ('4028814853972cb90153972d3bd50004', '402881485336c9f4015336e6e0280050', '40288009530b9c8901530bb09b750004', null, '40288148535514e20153551b9b8a0011', '2', '3', null, '105', '00', null, '2016-03-21 11:17:17', null, '0', null);
INSERT INTO `iot_room_device` VALUES ('40288148539dc17801539dc7298c0004', '402881485336c9f4015336e6e0280050', '40288009530b9c8901530bb09b750004', null, '402881ee525ea38201525ea75ffb0002', '2', '', null, '105', '00', '', '2016-03-22 18:03:08', null, '0', null);
INSERT INTO `iot_room_device` VALUES ('4028814853bc84c80153bca9bdd50028', '4028814853bc84c80153bca9a7960027', '40288009530b9c8901530bb09b750004', null, '402881485312af23015312b6baff0004', '2', '', null, '205', '00', null, '2016-03-28 17:59:14', null, '0', null);
INSERT INTO `iot_room_device` VALUES ('4028814853bc84c80153bca9bdd70029', '4028814853bc84c80153bca9a7960027', '40288009530b9c8901530bb09b750004', null, '40288148532c1e5901532c3d9d08002b', '1', '', null, '205', '00', null, '2016-03-28 17:59:14', null, '0', null);
INSERT INTO `iot_room_device` VALUES ('4028814853bc84c80153bca9bdd7002a', '4028814853bc84c80153bca9a7960027', '40288009530b9c8901530bb09b750004', null, '402881485335f4d80153362a31130096', '2', '', null, '205', '00', null, '2016-03-28 17:59:14', null, '0', null);
INSERT INTO `iot_room_device` VALUES ('4028814853bc84c80153bca9bdd7002b', '4028814853bc84c80153bca9a7960027', '40288009530b9c8901530bb09b750004', null, '40288148535514e20153551b9b8a0011', '2', '3', null, '205', '00', null, '2016-03-28 17:59:14', null, '0', null);
INSERT INTO `iot_room_device` VALUES ('4028814853bc84c80153bca9bdd8002c', '4028814853bc84c80153bca9a7960027', '40288009530b9c8901530bb09b750004', null, '4028814853bbbad70153bbbefb9b0002', '1', '', null, '205', '00', null, '2016-03-28 17:59:14', null, '0', null);
INSERT INTO `iot_room_device` VALUES ('4028814853bc84c80153bca9bdd8002d', '4028814853bc84c80153bca9a7960027', '40288009530b9c8901530bb09b750004', null, '4028814853bbbad70153bbbfcd1f0004', '2', '3', null, '205', '00', null, '2016-03-28 17:59:14', null, '0', null);
INSERT INTO `iot_room_device` VALUES ('4028814853bc84c80153bca9bdd8002e', '4028814853bc84c80153bca9a7960027', '40288009530b9c8901530bb09b750004', null, '402881ee525ea38201525ea75ffb0002', '2', '', null, '205', '00', null, '2016-03-28 17:59:14', null, '0', null);
INSERT INTO `iot_room_device` VALUES ('4028814853bc84c80153bca9e50e002f', '40288148533a556c01533b038cc70007', '40288009530b9c8901530bb09b750004', null, '402881485312af23015312b6baff0004', '2', '', null, '', '00', null, '2016-03-28 17:59:24', null, '0', null);
INSERT INTO `iot_room_device` VALUES ('4028814853bc84c80153bca9e5110030', '40288148533a556c01533b038cc70007', '40288009530b9c8901530bb09b750004', null, '40288148535514e20153551b9b8a0011', '2', '3', null, '', '00', null, '2016-03-28 17:59:24', null, '0', null);
INSERT INTO `iot_room_device` VALUES ('4028814853c5d66d0153c5dba8290005', '402881485336c9f4015336e2e1230046', '40288009530b9c8901530bb09b750004', '', '402881485335f4d80153362a31130096', '1', '', null, '186', '00', null, '2016-03-30 12:50:20', '', '1', '');
INSERT INTO `iot_room_device` VALUES ('4028814853c5d66d0153c5dba82a0006', '402881485336c9f4015336e2e1230046', '40288009530b9c8901530bb09b750004', '1', '40288148535514e20153551b9b8a0011', '1', '2', null, '186', '00', null, '2016-03-30 12:50:20', '', '1', '');
INSERT INTO `iot_room_device` VALUES ('4028814853c5d66d0153c5dbec9a0007', '402881485336c9f4015336e2e1230046', '40288009530b9c8901530bb09b750004', '2', '40288148535514e20153551b9b8a0011', '1', '2', null, '186', '00', null, '2016-03-30 12:50:37', '', '1', '');
INSERT INTO `iot_room_device` VALUES ('4028814853c5d66d0153c5dc909d0008', '402881485336c9f4015336e3192e0047', '40288009530b9c8901530bb09b750004', '', '402881485335f4d80153362a31130096', '1', '', null, '187', '00', null, '2016-03-30 12:51:19', '', '1', '');
INSERT INTO `iot_room_device` VALUES ('4028814853c5d66d0153c5dc909e0009', '402881485336c9f4015336e3192e0047', '40288009530b9c8901530bb09b750004', '1', '40288148535514e20153551b9b8a0011', '1', '2', null, '187', '00', null, '2016-03-30 12:51:19', '', '1', '');
INSERT INTO `iot_room_device` VALUES ('4028814853c5d66d0153c5e255fc000a', '402881485336c9f4015336e3192e0047', '40288009530b9c8901530bb09b750004', '2', '40288148535514e20153551b9b8a0011', '1', '2', null, '187', '00', null, '2016-03-30 12:57:38', '', '1', '');
INSERT INTO `iot_room_device` VALUES ('4028814853c5d66d0153c5e2ea08000b', '402881485336c9f4015336e354a70048', '40288009530b9c8901530bb09b750004', '', '402881485335f4d80153362a31130096', '1', '', null, '188', '00', null, '2016-03-30 12:58:15', '', '1', '');
INSERT INTO `iot_room_device` VALUES ('4028814853c5d66d0153c5e2ea09000c', '402881485336c9f4015336e354a70048', '40288009530b9c8901530bb09b750004', '1', '40288148535514e20153551b9b8a0011', '1', '2', null, '188', '00', null, '2016-03-30 12:58:15', '', '1', '');
INSERT INTO `iot_room_device` VALUES ('4028814853c5d66d0153c5e2f804000d', '402881485336c9f4015336e354a70048', '40288009530b9c8901530bb09b750004', '2', '40288148535514e20153551b9b8a0011', '1', '2', null, '188', '00', null, '2016-03-30 12:58:19', '', '1', '');
INSERT INTO `iot_room_device` VALUES ('4028814853c5d66d0153c5e42fd4000e', '402881485336c9f4015336e381d60049', '40288009530b9c8901530bb09b750004', '', '402881485335f4d80153362a31130096', '1', '', null, '189', '00', null, '2016-03-30 12:59:39', '', '1', '');
INSERT INTO `iot_room_device` VALUES ('4028814853c5d66d0153c5e42fd5000f', '402881485336c9f4015336e381d60049', '40288009530b9c8901530bb09b750004', '1', '40288148535514e20153551b9b8a0011', '1', '2', null, '189', '00', null, '2016-03-30 12:59:39', '', '1', '');
INSERT INTO `iot_room_device` VALUES ('4028814853c5d66d0153c5e43c410010', '402881485336c9f4015336e381d60049', '40288009530b9c8901530bb09b750004', '2', '40288148535514e20153551b9b8a0011', '1', '2', null, '189', '00', null, '2016-03-30 12:59:42', '', '1', '');
INSERT INTO `iot_room_device` VALUES ('4028814853c63d0f0153c63d92ee0005', '4028814853c63d0f0153c63d7d420004', '40288148532b909b01532bfc61190053', '1', '40288148533a008f01533a395d36009d', '2', '3', null, '113', '01', null, '2016-03-30 14:37:17', '', '1', '');
INSERT INTO `iot_room_device` VALUES ('4028814853c63d0f0153c63d92ef0006', '4028814853c63d0f0153c63d7d420004', '40288148532b909b01532bfc61190053', null, '40288148533a008f01533a4523e9009e', '2', '', null, '113', '00', null, '2016-03-30 14:37:17', null, '0', null);
INSERT INTO `iot_room_device` VALUES ('4028814853c63d0f0153c63d92ef0007', '4028814853c63d0f0153c63d7d420004', '40288148532b909b01532bfc61190053', null, '40288148533a4a2301533a4ec5570007', '2', '', null, '113', '01', null, '2016-03-30 14:37:17', null, '1', null);
INSERT INTO `iot_room_device` VALUES ('4028814853c63d0f0153c63d92f00008', '4028814853c63d0f0153c63d7d420004', '40288148532b909b01532bfc61190053', '', '402881f1533b905501533b91524c0004', '1', '', '192.168.1.203', '113', '01', null, '2016-03-30 14:37:17', '', '1', '');
INSERT INTO `iot_room_device` VALUES ('4028814853c640db0153c64dacbb0009', '4028814853c63d0f0153c63d7d420004', '40288148532b909b01532bfc61190053', null, '4028814853c640db0153c64c09090004', '2', '', null, '113', '01', null, '2016-03-30 14:54:52', null, '1', null);
INSERT INTO `iot_room_device` VALUES ('4028814853eeb5b60153eeb6ce800003', '4028814853eeb5b60153eeb69dae0002', '40288148532b909b01532bfc61190053', null, '40288148533a008f01533a395d36009d', '2', '1', null, '114', '00', null, '2016-04-07 11:14:31', null, '1', null);
INSERT INTO `iot_room_device` VALUES ('4028814853eeb5b60153eeb6ce810004', '4028814853eeb5b60153eeb69dae0002', '40288148532b909b01532bfc61190053', null, '40288148533a4a2301533a4ec5570007', '2', '', null, '114', '01', null, '2016-04-07 11:14:31', null, '1', null);
INSERT INTO `iot_room_device` VALUES ('4028814853eeb5b60153eeb6ce810005', '4028814853eeb5b60153eeb69dae0002', '40288148532b909b01532bfc61190053', null, '4028814853c640db0153c64c09090004', '2', '', null, '114', '01', null, '2016-04-07 11:14:31', null, '1', null);
INSERT INTO `iot_room_device` VALUES ('4028814853eeb5b60153eeb6ce820006', '4028814853eeb5b60153eeb69dae0002', '40288148532b909b01532bfc61190053', null, '402881f1533b905501533b91524c0004', '0', '', '192.168.1.112', '114', '00', null, '2016-04-07 11:14:31', null, '1', null);
INSERT INTO `iot_room_device` VALUES ('40288148540ece3d01540ece8b720004', '402881485336c9f4015336e3f0bd004a', '40288009530b9c8901530bb09b750004', null, '40288148535514e20153551b9b8a0011', '2', '1', null, '201', '00', null, '2016-04-13 16:48:17', null, '1', null);
INSERT INTO `iot_room_device` VALUES ('40288148540f236f01540f2411320005', '402881485336c9f4015336e41f03004b', '40288009530b9c8901530bb09b750004', null, '402881485335f4d80153362a31130096', '2', '', null, '203', '01', null, '2016-04-13 18:21:42', null, '1', null);
INSERT INTO `iot_room_device` VALUES ('40288148540f236f01540f2411340006', '402881485336c9f4015336e41f03004b', '40288009530b9c8901530bb09b750004', '1', '40288148535514e20153551b9b8a0011', '2', '1', null, '203', '00', null, '2016-04-13 18:21:42', '', '1', '');
INSERT INTO `iot_room_device` VALUES ('40288148540f236f01540f2411340007', '402881485336c9f4015336e41f03004b', '40288009530b9c8901530bb09b750004', null, '4028814853c018cb0153c01ab8690003', '2', '', null, '203', '00', null, '2016-04-13 18:21:42', null, '0', null);
INSERT INTO `iot_room_device` VALUES ('40288148540f236f01540f2434290008', '402881485336c9f4015336e41f03004b', '40288009530b9c8901530bb09b750004', '', '40288148540ece3d01540ed8db6a0010', '2', '1', null, '203', '01', '', '2016-04-13 18:21:51', '', '1', '');
INSERT INTO `iot_room_device` VALUES ('402881485412dff8015412e059ac0005', '402881485336c9f4015336e41f03004b', '40288009530b9c8901530bb09b750004', '2', '40288148535514e20153551b9b8a0011', '2', '1', null, '203', '00', null, '2016-04-14 11:46:13', '', '1', '');
INSERT INTO `iot_room_device` VALUES ('402881f1533afbdd01533b256b1a0004', '402881f1533afbdd01533b2517b00003', '40288009530b9c8901530bb09b750004', null, '40288148532c1e5901532c3d9d08002b', '1', '', null, null, null, null, '2016-03-03 14:23:41', null, '0', null);
INSERT INTO `iot_room_device` VALUES ('402881f1533b905501533b919a150005', '40288148533a008f01533a357964009a', '40288148532b909b01532bfc61190053', null, '402881f1533b905501533b91524c0004', '1', '', null, null, '00', null, '2016-03-03 16:21:51', null, '0', null);
INSERT INTO `iot_room_device` VALUES ('402881f1533b905501533b9363130007', '402881f1533b905501533b9335d40006', '40288148532b909b01532bfc61190053', null, '402881f1533b905501533b91524c0004', '1', '', null, null, '00', null, '2016-03-03 16:23:48', null, '0', null);
INSERT INTO `iot_room_device` VALUES ('402881f1533ba0e501533bb8b2190004', '402881f1533ba0e501533bb89ba80003', '40288148532b909b01532bfc61190053', null, '402881f1533b905501533b91524c0004', '1', '', null, null, '00', null, '2016-03-03 17:04:33', null, '0', null);
INSERT INTO `iot_room_device` VALUES ('402881f1533ba0e501533bbb09430008', '402881f1533ba0e501533bbaf68d0007', '40288148532b909b01532bfc61190053', null, '402881f1533b905501533b91524c0004', '1', '', '10.125.3.6', '105', '00', null, '2016-03-03 17:07:06', '', '0', '');
INSERT INTO `iot_room_device` VALUES ('402881f1533ba0e501533bd39fe2000b', '402881f1533ba0e501533bd38ccb000a', '40288148532b909b01532bfc61190053', null, '402881f1533b905501533b91524c0004', '1', '', null, null, '00', null, '2016-03-03 17:33:58', null, '0', null);
INSERT INTO `iot_room_device` VALUES ('402881f1534044560153408b799e0002', '402881485336c9f4015336d0cb0c0007', '40288009530b9c8901530bb09b750004', null, '40288148531b1dea01531b207d0d0006', '2', '3', null, null, '01', null, '2016-03-04 15:33:15', null, '1', null);
INSERT INTO `iot_room_device` VALUES ('402881f153bffd520153c008c5ec0002', '402881485336c9f4015336e6e0280050', '40288009530b9c8901530bb09b750004', '2', '40288148535514e20153551b9b8a0011', '2', '3', null, '105', '00', null, '2016-03-29 09:41:53', '', '0', '');
INSERT INTO `iot_room_device` VALUES ('402881f153c69c9a0153c6a9121b0014', '4028814853c63d0f0153c63d7d420004', '40288148532b909b01532bfc61190053', '2', '40288148533a008f01533a395d36009d', '2', '3', null, '113', '01', null, '2016-03-30 16:34:42', '', '1', '');
INSERT INTO `iot_room_device` VALUES ('402881f1540effee01540f017d180004', '4028814853c63d0f0153c63d7d420004', '40288148532b909b01532bfc61190053', '', '40288148533a008f01533a4523e9009e', '2', '1', null, '113', '01', '', '2016-04-13 17:43:56', '', '1', '');

-- ----------------------------
-- Table structure for `iot_room_device_service`
-- ----------------------------
DROP TABLE IF EXISTS `iot_room_device_service`;
CREATE TABLE `iot_room_device_service` (
  `servic_id` varchar(40) NOT NULL COMMENT '维修编号',
  `room_device_id` varchar(40) NOT NULL COMMENT '房间设备编号',
  `servic_date` datetime DEFAULT NULL COMMENT '维护时间',
  `servic_personer` varchar(40) DEFAULT NULL COMMENT '维护人员',
  `servic_desc` varchar(600) DEFAULT NULL COMMENT '维修说明',
  `modify_by` varchar(40) DEFAULT NULL COMMENT '最后修改人',
  `modify_date` timestamp NOT NULL DEFAULT CURRENT_TIMESTAMP ON UPDATE CURRENT_TIMESTAMP COMMENT '最后修改时间',
  `valid` varchar(1) DEFAULT '1' COMMENT '有效性：0代表无效；1代表有效',
  `remark` varchar(200) DEFAULT NULL COMMENT '备注信息',
  PRIMARY KEY (`servic_id`),
  KEY `FK_servic_room_device_id` (`room_device_id`),
  CONSTRAINT `FK_room_device_servic_room_device_id` FOREIGN KEY (`room_device_id`) REFERENCES `iot_room_device` (`room_device_id`)
) ENGINE=InnoDB DEFAULT CHARSET=utf8 COMMENT='房间设备维修信息表';

-- ----------------------------
-- Records of iot_room_device_service
-- ----------------------------

-- ----------------------------
-- Table structure for `iot_room_info`
-- ----------------------------
DROP TABLE IF EXISTS `iot_room_info`;
CREATE TABLE `iot_room_info` (
  `room_id` varchar(40) NOT NULL COMMENT '房间编号',
  `room_pid` varchar(40) NOT NULL COMMENT '父类房间编号',
  `room_name` varchar(40) DEFAULT NULL COMMENT '房间名称',
  `room_alias` varchar(40) DEFAULT NULL COMMENT '房间别名（班级名称）',
  `room_code` varchar(2) DEFAULT NULL COMMENT '房间类型：01代表普通教室；02代表电教室；03代表普通办公室',
  `room_location` varchar(15) DEFAULT NULL COMMENT '房间所在的位置',
  `deptid` varchar(40) DEFAULT NULL COMMENT '机构编号',
  `modify_by` varchar(40) DEFAULT NULL COMMENT '最后修改人',
  `modify_date` timestamp NOT NULL DEFAULT CURRENT_TIMESTAMP ON UPDATE CURRENT_TIMESTAMP COMMENT '最后修改时间',
  `valid` varchar(1) DEFAULT '1' COMMENT '有效性：0代表无效；1代表有效',
  `remark` varchar(200) DEFAULT NULL COMMENT '备注信息',
  PRIMARY KEY (`room_id`),
  KEY `FK_room_pid` (`room_pid`)
) ENGINE=InnoDB DEFAULT CHARSET=utf8 COMMENT='房间信息表';

-- ----------------------------
-- Records of iot_room_info
-- ----------------------------
INSERT INTO `iot_room_info` VALUES ('402881485336c9f4015336cfdf0a0004', '40288009530b9c8901530bb09b750004', '教学楼', '教学楼', '01', '', '40288009530b9c8901530bb09b750004', '40288009530b9c8901530bb1a1830005', '2016-03-02 18:11:46', '1', '');
INSERT INTO `iot_room_info` VALUES ('402881485336c9f4015336d0220d0005', '40288009530b9c8901530bb09b750004', '综合楼', '综合楼1', '01', '', '40288009530b9c8901530bb09b750004', '40288009530b9c8901530bb1a1830005', '2016-03-02 18:12:03', '1', '');
INSERT INTO `iot_room_info` VALUES ('402881485336c9f4015336d051ab0006', '40288009530b9c8901530bb09b750004', '测试', '测试', '01', '', '40288009530b9c8901530bb09b750004', '40288009530b9c8901530bb1a1830005', '2016-03-30 13:02:53', '0', '');
INSERT INTO `iot_room_info` VALUES ('402881485336c9f4015336d0cb0c0007', '402881485336c9f4015336cfdf0a0004', '初一(1)', '初一(1)', '01', '', '40288009530b9c8901530bb09b750004', '40288009530b9c8901530bb1a1830005', '2016-03-02 18:12:46', '1', '');
INSERT INTO `iot_room_info` VALUES ('402881485336c9f4015336d2212f0009', '402881485336c9f4015336cfdf0a0004', '初一(2)', '初一(2)', '01', '', '40288009530b9c8901530bb09b750004', '40288009530b9c8901530bb1a1830005', '2016-03-02 18:15:30', '1', '');
INSERT INTO `iot_room_info` VALUES ('402881485336c9f4015336d36af9000b', '402881485336c9f4015336cfdf0a0004', '初一(3)', '初一(3)', '01', '', '40288009530b9c8901530bb09b750004', '40288009530b9c8901530bb1a1830005', '2016-03-02 18:16:33', '1', '');
INSERT INTO `iot_room_info` VALUES ('402881485336c9f4015336d3a466000d', '402881485336c9f4015336cfdf0a0004', '初一(4)', '初一(4)', '01', '', '40288009530b9c8901530bb09b750004', '40288009530b9c8901530bb1a1830005', '2016-03-02 18:16:48', '1', '');
INSERT INTO `iot_room_info` VALUES ('402881485336c9f4015336d3b0bc000f', '402881485336c9f4015336cfdf0a0004', '初一(5)', '初一(5)', '01', '', '40288009530b9c8901530bb09b750004', '40288009530b9c8901530bb1a1830005', '2016-03-02 18:16:59', '1', '');
INSERT INTO `iot_room_info` VALUES ('402881485336c9f4015336d3bc500011', '402881485336c9f4015336cfdf0a0004', '初一(6)', '初一(6)', '01', '', '40288009530b9c8901530bb09b750004', '40288009530b9c8901530bb1a1830005', '2016-03-02 18:17:11', '1', '');
INSERT INTO `iot_room_info` VALUES ('402881485336c9f4015336d3cadd0013', '402881485336c9f4015336cfdf0a0004', '初一(7)', '初一(7)', '01', '', '40288009530b9c8901530bb09b750004', '40288009530b9c8901530bb1a1830005', '2016-03-02 18:17:25', '1', '');
INSERT INTO `iot_room_info` VALUES ('402881485336c9f4015336d5194e0016', '402881485336c9f4015336cfdf0a0004', '初一(8)', '初一(8)', '01', '', '40288009530b9c8901530bb09b750004', '40288009530b9c8901530bb1a1830005', '2016-03-02 18:17:54', '1', '');
INSERT INTO `iot_room_info` VALUES ('402881485336c9f4015336d528690018', '402881485336c9f4015336cfdf0a0004', '初一(9)', '初一(9)', '01', '', '40288009530b9c8901530bb09b750004', '40288009530b9c8901530bb1a1830005', '2016-03-02 18:18:06', '1', '');
INSERT INTO `iot_room_info` VALUES ('402881485336c9f4015336d533d4001a', '402881485336c9f4015336cfdf0a0004', '初一(10)', '初一(10)', '01', '', '40288009530b9c8901530bb09b750004', '40288009530b9c8901530bb1a1830005', '2016-03-02 18:22:59', '1', '');
INSERT INTO `iot_room_info` VALUES ('402881485336c9f4015336d54087001c', '402881485336c9f4015336cfdf0a0004', '初一(11)', '初一(11)', '01', '', '40288009530b9c8901530bb09b750004', '40288009530b9c8901530bb1a1830005', '2016-03-02 18:23:10', '1', '');
INSERT INTO `iot_room_info` VALUES ('402881485336c9f4015336d54ba8001e', '402881485336c9f4015336cfdf0a0004', '初一(12)', '初一(12)', '01', '', '40288009530b9c8901530bb09b750004', '40288009530b9c8901530bb1a1830005', '2016-03-02 18:23:19', '1', '');
INSERT INTO `iot_room_info` VALUES ('402881485336c9f4015336db35780020', '402881485336c9f4015336cfdf0a0004', '初二(1)', '初二(1)', '01', '', '40288009530b9c8901530bb09b750004', '40288009530b9c8901530bb1a1830005', '2016-03-03 09:41:52', '1', '');
INSERT INTO `iot_room_info` VALUES ('402881485336c9f4015336dc6a5f0024', '402881485336c9f4015336cfdf0a0004', '初二(2)', '初二(2)', '01', '', '40288009530b9c8901530bb09b750004', '40288009530b9c8901530bb1a1830005', '2016-03-03 09:41:58', '1', '');
INSERT INTO `iot_room_info` VALUES ('402881485336c9f4015336dc75640026', '402881485336c9f4015336cfdf0a0004', '初二(3)', '初二(3)', '01', '', '40288009530b9c8901530bb09b750004', '40288009530b9c8901530bb1a1830005', '2016-03-03 09:42:02', '1', '');
INSERT INTO `iot_room_info` VALUES ('402881485336c9f4015336dc880f0028', '402881485336c9f4015336cfdf0a0004', '初二(4)', '初二(4)', '01', '', '40288009530b9c8901530bb09b750004', '40288009530b9c8901530bb1a1830005', '2016-03-03 09:42:11', '1', '');
INSERT INTO `iot_room_info` VALUES ('402881485336c9f4015336dc924d002a', '402881485336c9f4015336cfdf0a0004', '初二(5)', '初二(5)', '01', '', '40288009530b9c8901530bb09b750004', '40288009530b9c8901530bb1a1830005', '2016-03-03 09:42:17', '1', '');
INSERT INTO `iot_room_info` VALUES ('402881485336c9f4015336dc9cb3002c', '402881485336c9f4015336cfdf0a0004', '初二(6)', '初二(6)', '01', '', '40288009530b9c8901530bb09b750004', '40288009530b9c8901530bb1a1830005', '2016-03-03 09:42:22', '1', '');
INSERT INTO `iot_room_info` VALUES ('402881485336c9f4015336de1225002e', '402881485336c9f4015336cfdf0a0004', '初二(7)', '初二(7)', '01', '', '40288009530b9c8901530bb09b750004', '40288009530b9c8901530bb1a1830005', '2016-03-03 09:42:27', '1', '');
INSERT INTO `iot_room_info` VALUES ('402881485336c9f4015336de1d460030', '402881485336c9f4015336cfdf0a0004', '初二(8)', '初二(8)', '01', '', '40288009530b9c8901530bb09b750004', '40288009530b9c8901530bb1a1830005', '2016-03-03 09:42:33', '1', '');
INSERT INTO `iot_room_info` VALUES ('402881485336c9f4015336de26950032', '402881485336c9f4015336cfdf0a0004', '初二(9)', '初二(9)', '01', '', '40288009530b9c8901530bb09b750004', '40288009530b9c8901530bb1a1830005', '2016-03-03 09:42:38', '1', '');
INSERT INTO `iot_room_info` VALUES ('402881485336c9f4015336de300b0034', '402881485336c9f4015336cfdf0a0004', '初二(10)', '初二(10)', '01', '', '40288009530b9c8901530bb09b750004', '40288009530b9c8901530bb1a1830005', '2016-03-03 09:42:43', '1', '');
INSERT INTO `iot_room_info` VALUES ('402881485336c9f4015336de39bc0036', '402881485336c9f4015336cfdf0a0004', '初二(11)', '初二(11)', '01', '', '40288009530b9c8901530bb09b750004', '40288009530b9c8901530bb1a1830005', '2016-03-03 09:42:48', '1', '');
INSERT INTO `iot_room_info` VALUES ('402881485336c9f4015336de42440038', '402881485336c9f4015336cfdf0a0004', '初二(12)', '初二(12)', '01', '', '40288009530b9c8901530bb09b750004', '40288009530b9c8901530bb1a1830005', '2016-03-03 09:42:53', '1', '');
INSERT INTO `iot_room_info` VALUES ('402881485336c9f4015336dec42e003a', '402881485336c9f4015336cfdf0a0004', '初三(1)', '初三(1)', '01', '', '40288009530b9c8901530bb09b750004', '40288009530b9c8901530bb1a1830005', '2016-03-02 18:28:02', '1', '');
INSERT INTO `iot_room_info` VALUES ('402881485336c9f4015336ded2b7003b', '402881485336c9f4015336cfdf0a0004', '初三(2)', '初三(2)', '01', '', '40288009530b9c8901530bb09b750004', '40288009530b9c8901530bb1a1830005', '2016-03-03 09:43:04', '1', '');
INSERT INTO `iot_room_info` VALUES ('402881485336c9f4015336dee224003c', '402881485336c9f4015336cfdf0a0004', '初三(3)', '初三(3)', '01', '', '40288009530b9c8901530bb09b750004', '40288009530b9c8901530bb1a1830005', '2016-03-03 09:43:08', '1', '');
INSERT INTO `iot_room_info` VALUES ('402881485336c9f4015336def99f003d', '402881485336c9f4015336cfdf0a0004', '初三(4)', '初三(4)', '01', '', '40288009530b9c8901530bb09b750004', '40288009530b9c8901530bb1a1830005', '2016-03-03 09:43:13', '1', '');
INSERT INTO `iot_room_info` VALUES ('402881485336c9f4015336df05f8003e', '402881485336c9f4015336cfdf0a0004', '初三(5)', '初三(5)', '01', '', '40288009530b9c8901530bb09b750004', '40288009530b9c8901530bb1a1830005', '2016-03-03 09:43:20', '1', '');
INSERT INTO `iot_room_info` VALUES ('402881485336c9f4015336df114c003f', '402881485336c9f4015336cfdf0a0004', '初三(6)', '初三(6)', '01', '', '40288009530b9c8901530bb09b750004', '40288009530b9c8901530bb1a1830005', '2016-03-03 09:43:24', '1', '');
INSERT INTO `iot_room_info` VALUES ('402881485336c9f4015336df1ccf0040', '402881485336c9f4015336cfdf0a0004', '初三(7)', '初三(7)', '01', '', '40288009530b9c8901530bb09b750004', '40288009530b9c8901530bb1a1830005', '2016-03-03 09:43:29', '1', '');
INSERT INTO `iot_room_info` VALUES ('402881485336c9f4015336df26330041', '402881485336c9f4015336cfdf0a0004', '初三(8)', '初三(8)', '01', '', '40288009530b9c8901530bb09b750004', '40288009530b9c8901530bb1a1830005', '2016-03-03 09:43:33', '1', '');
INSERT INTO `iot_room_info` VALUES ('402881485336c9f4015336df2f630042', '402881485336c9f4015336cfdf0a0004', '初三(9)', '初三(9)', '01', '', '40288009530b9c8901530bb09b750004', '40288009530b9c8901530bb1a1830005', '2016-03-03 09:43:38', '1', '');
INSERT INTO `iot_room_info` VALUES ('402881485336c9f4015336df393c0043', '402881485336c9f4015336cfdf0a0004', '初三(10)', '初三(10)', '01', '', '40288009530b9c8901530bb09b750004', '40288009530b9c8901530bb1a1830005', '2016-03-03 09:43:43', '1', '');
INSERT INTO `iot_room_info` VALUES ('402881485336c9f4015336df442c0044', '402881485336c9f4015336cfdf0a0004', '初三(11)', '初三(11)', '01', '', '40288009530b9c8901530bb09b750004', '40288009530b9c8901530bb1a1830005', '2016-03-03 09:43:48', '1', '');
INSERT INTO `iot_room_info` VALUES ('402881485336c9f4015336df4d950045', '402881485336c9f4015336cfdf0a0004', '初三(12)', '初三(12)', '01', '', '40288009530b9c8901530bb09b750004', '40288009530b9c8901530bb1a1830005', '2016-03-03 09:43:52', '1', '');
INSERT INTO `iot_room_info` VALUES ('402881485336c9f4015336e2e1230046', '402881485336c9f4015336cfdf0a0004', '506', '506', '01', '', '40288009530b9c8901530bb09b750004', '40288009530b9c8901530bb1a1830005', '2016-03-02 18:32:31', '1', '');
INSERT INTO `iot_room_info` VALUES ('402881485336c9f4015336e3192e0047', '402881485336c9f4015336cfdf0a0004', '507', '507', '01', '', '40288009530b9c8901530bb09b750004', '40288009530b9c8901530bb1a1830005', '2016-03-02 18:32:46', '1', '');
INSERT INTO `iot_room_info` VALUES ('402881485336c9f4015336e354a70048', '402881485336c9f4015336cfdf0a0004', '508', '508', '01', '', '40288009530b9c8901530bb09b750004', '40288009530b9c8901530bb1a1830005', '2016-03-02 18:33:01', '1', '');
INSERT INTO `iot_room_info` VALUES ('402881485336c9f4015336e381d60049', '402881485336c9f4015336cfdf0a0004', '509', '509', '01', '', '40288009530b9c8901530bb09b750004', '40288009530b9c8901530bb1a1830005', '2016-03-02 18:33:12', '1', '');
INSERT INTO `iot_room_info` VALUES ('402881485336c9f4015336e3f0bd004a', '402881485336c9f4015336d0220d0005', '201', '201', '01', '', '40288009530b9c8901530bb09b750004', '40288009530b9c8901530bb1a1830005', '2016-03-02 18:33:41', '1', '');
INSERT INTO `iot_room_info` VALUES ('402881485336c9f4015336e41f03004b', '402881485336c9f4015336d0220d0005', '205', '205', '01', '', '40288009530b9c8901530bb09b750004', '40288009530b9c8901530bb1a1830005', '2016-03-02 18:33:53', '1', '');
INSERT INTO `iot_room_info` VALUES ('402881485336c9f4015336e45ca8004c', '402881485336c9f4015336d0220d0005', '308', '308', '01', '', '40288009530b9c8901530bb09b750004', '40288009530b9c8901530bb1a1830005', '2016-03-02 18:34:08', '1', '');
INSERT INTO `iot_room_info` VALUES ('402881485336c9f4015336e49d6d004d', '402881485336c9f4015336d0220d0005', '录播', '录播', '01', '', '40288009530b9c8901530bb09b750004', '40288009530b9c8901530bb1a1830005', '2016-03-02 18:34:25', '1', '');
INSERT INTO `iot_room_info` VALUES ('402881485336c9f4015336e5f9a9004e', '402881485336c9f4015336d0220d0005', '408', '408', '01', '', '40288009530b9c8901530bb09b750004', '40288009530b9c8901530bb1a1830005', '2016-03-02 18:35:54', '1', '');
INSERT INTO `iot_room_info` VALUES ('402881485336c9f4015336e620c8004f', '402881485336c9f4015336d0220d0005', '409', '409', '01', '', '40288009530b9c8901530bb09b750004', '40288009530b9c8901530bb1a1830005', '2016-03-02 18:36:04', '1', '');
INSERT INTO `iot_room_info` VALUES ('402881485336c9f4015336e6e0280050', '402881485336c9f4015336d051ab0006', '初三一班', '初三一班', '01', '', '40288009530b9c8901530bb09b750004', '40288009530b9c8901530bb1a1830005', '2016-03-30 13:02:53', '0', '');
INSERT INTO `iot_room_info` VALUES ('40288148533a008f01533a27b9b1008c', '402881485336c9f4015336d051ab0006', '初三(2)班(新设备)', '初三(2)班', '01', '', '40288009530b9c8901530bb09b750004', '40288009530b9c8901530bb1a1830005', '2016-03-30 13:02:53', '0', '新设备测试教室，请勿修改内容！');
INSERT INTO `iot_room_info` VALUES ('40288148533a008f01533a309b0f0099', '40288148532b909b01532bfc61190053', '教室组1', '没有', '01', '1楼', '40288148532b909b01532bfc61190053', '40288148532bfee801532c00a0930012', '2016-04-07 11:16:06', '0', '');
INSERT INTO `iot_room_info` VALUES ('40288148533a008f01533a357964009a', '40288148533a008f01533a309b0f0099', '一年一班', '哈喽', '01', '一楼', '40288148532b909b01532bfc61190053', '40288148532bfee801532c00a0930012', '2016-04-07 11:16:06', '0', '');
INSERT INTO `iot_room_info` VALUES ('40288148533a008f01533a360ffa009b', '40288148533a008f01533a309b0f0099', '二年一班', '你好', '01', '二楼', '40288148532b909b01532bfc61190053', '40288148532bfee801532c00a0930012', '2016-04-07 11:16:06', '0', '');
INSERT INTO `iot_room_info` VALUES ('40288148533a008f01533a3659d4009c', '40288148533a008f01533a309b0f0099', '三年一班', '嗯呐', '01', '三楼', '40288148532b909b01532bfc61190053', '40288148532bfee801532c00a0930012', '2016-04-07 11:16:06', '0', '');
INSERT INTO `iot_room_info` VALUES ('40288148533a556c01533aa134280004', '402881485336c9f4015336d051ab0006', '楼层1', '楼层1', '01', '', '1', '1', '2016-03-28 18:03:09', '0', '');
INSERT INTO `iot_room_info` VALUES ('40288148533a556c01533b038cc70007', '40288148533a556c01533aa134280004', '教室1', 'mmm', '01', '', '40288009530b9c8901530bb09b750004', '40288009530b9c8901530bb1a1830005', '2016-03-28 18:03:09', '0', '');
INSERT INTO `iot_room_info` VALUES ('40288148533a556c01533b03b7460008', '402881485336c9f4015336d051ab0006', '楼层2', '楼层2', '01', '', '1', '1', '2016-03-28 18:00:27', '0', '');
INSERT INTO `iot_room_info` VALUES ('40288148533a556c01533b03e1090009', '40288148533a556c01533b03b7460008', '教室2', '教室2', '01', '', '1', '1', '2016-03-30 13:02:53', '0', '');
INSERT INTO `iot_room_info` VALUES ('40288148533a556c01533b052ff60013', '402881485336c9f4015336d051ab0006', '楼层3', '楼层3', '01', '', '1', '1', '2016-03-30 13:02:53', '0', '');
INSERT INTO `iot_room_info` VALUES ('40288148533a556c01533b3a22370030', '40288148533a008f01533a309b0f0099', '拷贝\"一年一班\"教室', '哈喽', '01', '一楼', '40288148532b909b01532bfc61190053', '40288148532bfee801532c00a0930012', '2016-04-07 11:16:06', '0', '');
INSERT INTO `iot_room_info` VALUES ('402881485353cec7015353cf3ec80002', '402881485336c9f4015336d051ab0006', '新教室2', '2', '02', '', '1', '1', '2016-03-08 09:30:57', '0', '');
INSERT INTO `iot_room_info` VALUES ('402881485353cec7015353d057860005', '40288009530b9c8901530bb09b750004', '新教室22', '2', '01', '', '1', '1', '2016-03-08 09:23:49', '0', '');
INSERT INTO `iot_room_info` VALUES ('402881485353cec7015353d249410008', '402881485336c9f4015336d051ab0006', '33', '33', '02', '', '1', '1', '2016-03-08 09:28:50', '0', '');
INSERT INTO `iot_room_info` VALUES ('402881485353cec7015353d8b9d7000b', '402881485336c9f4015336d051ab0006', 'vv', '2', '01', '', '1', '1', '2016-03-30 13:02:53', '0', '');
INSERT INTO `iot_room_info` VALUES ('402881485353cec7015353d975320010', '40288009530b9c8901530bb09b750004', 'vvd', '2', '02', '', '1', '1', '2016-03-08 14:21:57', '0', '');
INSERT INTO `iot_room_info` VALUES ('402881485353cec7015353d9e4c00015', '40288148533a556c01533b03b7460008', 'cc', 'cc', '01', '', '1', '1', '2016-03-30 13:02:53', '0', '');
INSERT INTO `iot_room_info` VALUES ('402881485353f796015353fd85cb0002', '402881485336c9f4015336d051ab0006', '新教室2', '2', '01', '', '1', '1', '2016-03-08 10:12:15', '0', '');
INSERT INTO `iot_room_info` VALUES ('402881485353f7960153540448e40006', '402881f1533ba0e501533bbaab500006', '11', '11', '01', '', '1', '1', '2016-03-08 10:18:00', '1', '');
INSERT INTO `iot_room_info` VALUES ('402881485354d8ac015354e43b5f000c', '402881485336c9f4015336d051ab0006', '新教室2', '2', '02', '', '40288009530b9c8901530bb09b750004', '40288009530b9c8901530bb1a1830005', '2016-03-08 14:23:54', '0', '');
INSERT INTO `iot_room_info` VALUES ('402881485354d8ac015354e4a3760010', '402881485336c9f4015336d051ab0006', '33', '33', '01', '', '40288009530b9c8901530bb09b750004', '40288009530b9c8901530bb1a1830005', '2016-03-30 13:02:53', '0', '');
INSERT INTO `iot_room_info` VALUES ('402881485355288b0153553e7c59000d', '402881f1533ba0e501533bb9820f0005', 'hh', '66', '02', '', '1', '1', '2016-03-08 16:01:11', '1', '');
INSERT INTO `iot_room_info` VALUES ('402881485355288b01535540b3ab0012', '40288148532b909b01532bfc61190053', '2', '2', '01', '', '1', '1', '2016-04-01 11:26:22', '0', '');
INSERT INTO `iot_room_info` VALUES ('402881485355288b015355451720001b', '40288148532b909b01532bfc61190053', '33', '33', '01', '', '1', '1', '2016-04-01 11:26:26', '0', '');
INSERT INTO `iot_room_info` VALUES ('402881485355288b01535546b6770020', '40288148532b909b01532bfc61190053', '新教室u', 'u', '01', '', '1', '1', '2016-04-01 11:26:39', '0', '');
INSERT INTO `iot_room_info` VALUES ('402881485355288b01535549b7fe0025', '40288148532b909b01532bfc61190053', '3', '3', '01', '', '1', '1', '2016-04-01 11:26:43', '0', '');
INSERT INTO `iot_room_info` VALUES ('402881485355288b0153554b7e7f002a', '40288148532b909b01532bfc61190053', 'kk', '6', '01', '', '1', '1', '2016-04-01 11:26:46', '0', '');
INSERT INTO `iot_room_info` VALUES ('402881485358f5990153592c6e870009', '南山小学', '2', '3', '01', '', '40288148532b909b01532bfc61190053', '40288148532bfee801532c00a0930012', '2016-03-09 10:19:57', '1', '');
INSERT INTO `iot_room_info` VALUES ('4028814853bc84c80153bca984b40026', '40288148533a556c01533aa134280004', 'gg', 'g', '01', '', '40288009530b9c8901530bb09b750004', '40288009530b9c8901530bb1a1830005', '2016-03-28 18:03:09', '0', '');
INSERT INTO `iot_room_info` VALUES ('4028814853bc84c80153bca9a7960027', '4028814853bc84c80153bca984b40026', 'bb', 'bb', '01', '', '40288009530b9c8901530bb09b750004', '40288009530b9c8901530bb1a1830005', '2016-03-28 18:03:09', '0', '');
INSERT INTO `iot_room_info` VALUES ('4028814853bcab180153bcacdf940002', '402881485336c9f4015336d051ab0006', 'ff', 'ff', '01', '', '40288009530b9c8901530bb09b750004', '40288009530b9c8901530bb1a1830005', '2016-03-28 18:04:53', '0', '');
INSERT INTO `iot_room_info` VALUES ('4028814853bcab180153bcacfcb00003', '4028814853bcab180153bcacdf940002', '新教室vv', 'v', '02', '', '40288009530b9c8901530bb09b750004', '40288009530b9c8901530bb1a1830005', '2016-03-28 18:04:53', '0', '');
INSERT INTO `iot_room_info` VALUES ('4028814853c63d0f0153c63d7d420004', '40288148532b909b01532bfc61190053', '初三1', '1', '01', '', '40288148532b909b01532bfc61190053', '40288148532bfee801532c00a0930012', '2016-04-01 15:34:16', '1', '');
INSERT INTO `iot_room_info` VALUES ('4028814853eeb5b60153eeb69dae0002', '40288148532b909b01532bfc61190053', '初三二', '初三二', '01', '', '40288148532b909b01532bfc61190053', '40288148532bfee801532c00a0930012', '2016-04-07 11:14:18', '1', '');
INSERT INTO `iot_room_info` VALUES ('402881f1533afbdd01533b24876b0002', '402881485336c9f4015336cfdf0a0004', '楼层1', '楼层1', '01', '', '40288009530b9c8901530bb09b750004', '40288009530b9c8901530bb1a1830005', '2016-03-31 19:45:52', '0', '');
INSERT INTO `iot_room_info` VALUES ('402881f1533afbdd01533b2517b00003', '402881f1533afbdd01533b24876b0002', '教室1', '教室1', '01', '', '40288009530b9c8901530bb09b750004', '40288009530b9c8901530bb1a1830005', '2016-03-31 19:45:46', '0', '');
INSERT INTO `iot_room_info` VALUES ('402881f1533b905501533b9335d40006', '40288148533a008f01533a357964009a', '楼层2', '楼层2', '01', '', '40288148532b909b01532bfc61190053', '40288148532bfee801532c00a0930012', '2016-04-07 11:16:06', '0', '');
INSERT INTO `iot_room_info` VALUES ('402881f1533ba0e501533bb8048c0002', '40288148533a008f01533a309b0f0099', '楼层2', '楼层2', '01', '', '40288148532b909b01532bfc61190053', '40288148532bfee801532c00a0930012', '2016-04-07 11:16:06', '0', '');
INSERT INTO `iot_room_info` VALUES ('402881f1533ba0e501533bb89ba80003', '402881f1533ba0e501533bb8048c0002', '教室2层1', '教室2层1', '01', '', '40288148532b909b01532bfc61190053', '40288148532bfee801532c00a0930012', '2016-04-07 11:16:06', '0', '');
INSERT INTO `iot_room_info` VALUES ('402881f1533ba0e501533bb9820f0005', '40288148532b909b01532bfc61190053', '教室组2', '教室组2', '01', '', '40288148532b909b01532bfc61190053', '40288148532bfee801532c00a0930012', '2016-03-03 17:05:26', '1', '');
INSERT INTO `iot_room_info` VALUES ('402881f1533ba0e501533bbaab500006', '402881f1533ba0e501533bb9820f0005', '楼层1', '楼层1', '01', '', '40288148532b909b01532bfc61190053', '40288148532bfee801532c00a0930012', '2016-03-03 17:06:42', '1', '');
INSERT INTO `iot_room_info` VALUES ('402881f1533ba0e501533bbaf68d0007', '402881f1533ba0e501533bbaab500006', '教室1', '教室1', '01', '', '40288148532b909b01532bfc61190053', '40288148532bfee801532c00a0930012', '2016-03-03 17:07:01', '1', '');
INSERT INTO `iot_room_info` VALUES ('402881f1533ba0e501533bcdf3760009', '402881f1533b905501533b9335d40006', '教室1', '教室1', '01', '', '40288148532b909b01532bfc61190053', '40288148532bfee801532c00a0930012', '2016-03-03 17:31:43', '0', '');
INSERT INTO `iot_room_info` VALUES ('402881f1533ba0e501533bd38ccb000a', '402881f1533b905501533b9335d40006', '新教室1', '1', '01', '', '40288148532b909b01532bfc61190053', '40288148532bfee801532c00a0930012', '2016-04-07 11:16:06', '0', '');
INSERT INTO `iot_room_info` VALUES ('402881f1535aa7fa01535abcc6db0002', '402881485336c9f4015336d051ab0006', '楼层4', '楼层4', '01', '', '40288009530b9c8901530bb09b750004', '40288009530b9c8901530bb1a1830005', '2016-03-30 13:02:53', '0', '');

-- ----------------------------
-- Table structure for `iot_room_scene`
-- ----------------------------
DROP TABLE IF EXISTS `iot_room_scene`;
CREATE TABLE `iot_room_scene` (
  `room_scene_id` varchar(40) NOT NULL COMMENT '房间场景编号',
  `room_id` varchar(40) NOT NULL COMMENT '房间编号',
  `deptid` varchar(40) DEFAULT NULL,
  `scene_id` varchar(40) NOT NULL COMMENT '场景编号',
  `exec_freq` varchar(2) DEFAULT NULL COMMENT '执行频率：01代表每天 ',
  `exec_week` varchar(40) DEFAULT NULL,
  `exec_time` varchar(40) DEFAULT NULL COMMENT '每天的执行时间',
  `exec_hour` varchar(4) DEFAULT NULL,
  `exec_minute` varchar(4) DEFAULT NULL,
  `exec_start_date` datetime DEFAULT NULL COMMENT '执行时间段开始时间',
  `exec_end_date` datetime DEFAULT NULL COMMENT '执行时间段结束时间',
  `modify_by` varchar(40) DEFAULT NULL COMMENT '最后修改人',
  `modify_date` timestamp NOT NULL DEFAULT CURRENT_TIMESTAMP ON UPDATE CURRENT_TIMESTAMP COMMENT '最后修改时间',
  `valid` varchar(1) DEFAULT '1' COMMENT '有效性：0代表无效；1代表有效',
  `remark` varchar(200) DEFAULT NULL COMMENT '备注信息',
  `scene_switch` tinyint(4) DEFAULT NULL COMMENT '启用开关',
  PRIMARY KEY (`room_scene_id`),
  KEY `FK_room_scene_room_id` (`room_id`),
  KEY `FK_room_scene_scene_id` (`scene_id`),
  CONSTRAINT `FK_room_scene_room_id` FOREIGN KEY (`room_id`) REFERENCES `iot_room_info` (`room_id`),
  CONSTRAINT `FK_room_scene_scene_id` FOREIGN KEY (`scene_id`) REFERENCES `iot_scene_info` (`scene_id`)
) ENGINE=InnoDB DEFAULT CHARSET=utf8 COMMENT='房间场景设置表';

-- ----------------------------
-- Records of iot_room_scene
-- ----------------------------
INSERT INTO `iot_room_scene` VALUES ('40288148535010140153501158080002', '402881485336c9f4015336e6e0280050', null, '40288148532fb78101532fd17936000b', '04', '2', '09:30:00', '', '', null, null, '1', '2016-03-07 16:36:00', '0', '', null);
INSERT INTO `iot_room_scene` VALUES ('4028814853501014015350371d5f0005', '402881485336c9f4015336e6e0280050', null, '40288148532fb78101532ff6baec001e', '04', '3,4', '09:45:00', '', '', '2016-03-29 19:50:40', '2016-03-29 19:50:40', '40288009530b9c8901530bb1a1830005', '2016-03-29 19:50:40', '1', 'sdf', '0');
INSERT INTO `iot_room_scene` VALUES ('402881485353f79601535401d53c0005', '40288148533a008f01533a27b9b1008c', null, '40288148532fb78101532ff6baec001e', '02', '', '', '', '', null, null, '1', '2016-03-08 10:15:24', '1', '', null);
INSERT INTO `iot_room_scene` VALUES ('402881485354539401535453ca110002', '402881485353cec7015353d8b9d7000b', null, '40288148532fb78101532ff771cf0021', '05', '', '', '', '', '2016-03-07 00:00:00', '2016-03-25 00:00:00', '1', '2016-03-11 11:37:26', '1', '', null);
INSERT INTO `iot_room_scene` VALUES ('40288148535453940153545577720003', '402881485353cec7015353d975320010', null, '402881485335f4d801533607c7b9003f', null, null, null, null, null, null, null, null, '2016-03-08 11:47:43', '1', null, null);
INSERT INTO `iot_room_scene` VALUES ('402881485355288b0153554e318f002f', '402881485355288b0153554b7e7f002a', null, '402881485335f4d801533621af5c008b', null, null, null, null, null, null, null, null, '2016-03-08 16:19:23', '1', null, null);
INSERT INTO `iot_room_scene` VALUES ('402881485355288b0153555600430038', '402881485354d8ac015354e4a3760010', null, '40288148532fb78101532ff771cf0021', null, null, null, null, null, null, null, null, '2016-03-08 16:27:55', '1', null, null);
INSERT INTO `iot_room_scene` VALUES ('4028814853559019015355a4d9940005', '402881485353cec7015353d8b9d7000b', null, '40288148533a008f01533a1e41740031', '04', '1', '06:30:00', '', '', null, null, '40288009530b9c8901530bb1a1830005', '2016-03-08 17:53:08', '1', '', null);
INSERT INTO `iot_room_scene` VALUES ('402881485358f599015358fa247b0002', '402881485355288b01535549b7fe0025', null, '402881485335f4d801533621af5c008b', null, null, null, null, null, null, null, null, '2016-03-09 09:26:04', '1', null, null);
INSERT INTO `iot_room_scene` VALUES ('4028814853645c2d0153646162860004', '402881485336c9f4015336e6e0280050', null, '402881ec523ddbe901523eaae96d0005', '03', '', '12:30:00', '', '', '2016-03-30 11:37:22', '2016-03-30 11:37:22', '40288009530b9c8901530bb1a1830005', '2016-03-30 12:00:17', '0', '', '0');
INSERT INTO `iot_room_scene` VALUES ('4028814853c125a00153c1548a610012', '402881485336c9f4015336d0cb0c0007', null, '402881ec523ddbe901523eaae96d0005', '03', '', '14:30:00', '', '', '2016-03-29 15:44:36', '2016-03-29 15:44:36', '40288009530b9c8901530bb1a1830005', '2016-03-29 15:44:36', '1', '', null);
INSERT INTO `iot_room_scene` VALUES ('4028814853c125a00153c1548a620013', '402881485336c9f4015336d0cb0c0007', null, '402881ec523ddbe901523ddee3f30002', '03', '', '08:00:00', '', '', '2016-03-29 15:44:44', '2016-03-29 15:44:44', '40288009530b9c8901530bb1a1830005', '2016-03-29 15:44:44', '1', '', null);
INSERT INTO `iot_room_scene` VALUES ('4028814853c59d5e0153c5a296ae0004', '402881485336c9f4015336e6e0280050', null, '402881ec523ddbe901523eaae96d0005', null, null, null, null, null, null, null, null, '2016-03-30 12:00:17', '0', null, null);
INSERT INTO `iot_room_scene` VALUES ('4028814853c5a4f90153c5a6c61e0002', '402881485336c9f4015336e6e0280050', null, '402881ec523ddbe901523ddee3f30002', '03', '', '09:00:00', '', '', '2016-03-30 12:32:51', '2016-03-30 12:32:51', '40288009530b9c8901530bb1a1830005', '2016-03-30 12:32:51', '1', '', '1');
INSERT INTO `iot_room_scene` VALUES ('4028814853caa0f50153cac135110004', '402881485336c9f4015336df05f8003e', null, '402881ec523ddbe901523ddee3f30002', null, null, null, null, null, null, null, null, '2016-03-31 11:41:25', '1', null, null);
INSERT INTO `iot_room_scene` VALUES ('4028814853caa0f50153cac135110005', '402881485336c9f4015336df05f8003e', null, '402881ec523ddbe901523eaae96d0005', null, null, null, null, null, null, null, null, '2016-03-31 11:41:25', '1', null, null);
INSERT INTO `iot_room_scene` VALUES ('4028814853cb36040153cb921c2d0006', '402881485336c9f4015336e3f0bd004a', null, '402881ec523ddbe901523ddee3f30002', null, null, null, null, null, null, null, null, '2016-03-31 15:29:42', '1', null, null);
INSERT INTO `iot_room_scene` VALUES ('4028814853cb36040153cb921c2d0007', '402881485336c9f4015336e3f0bd004a', null, '402881ec523ddbe901523eaae96d0005', null, null, null, null, null, null, null, null, '2016-03-31 15:29:42', '1', null, null);
INSERT INTO `iot_room_scene` VALUES ('4028814853cfdee70153cfdf11dc0002', '4028814853c63d0f0153c63d7d420004', null, '4028814853cfd8090153cfda920e0006', null, null, null, null, null, null, null, null, '2016-04-01 11:32:15', '1', null, null);
INSERT INTO `iot_room_scene` VALUES ('4028814853d0f39f0153d0f6efa8000d', '4028814853c63d0f0153c63d7d420004', null, '4028814853d0f39f0153d0f6a112000b', null, null, null, null, null, null, null, null, '2016-04-01 16:37:56', '1', null, null);
INSERT INTO `iot_room_scene` VALUES ('4028814853eeb5b60153eeb79f870007', '4028814853eeb5b60153eeb69dae0002', null, '4028814853cfbaf10153cfbb5a610004', null, null, null, null, null, null, null, null, '2016-04-07 11:17:26', '1', null, null);
INSERT INTO `iot_room_scene` VALUES ('4028814853eeb5b60153eeb79f870008', '4028814853eeb5b60153eeb69dae0002', null, '4028814853cfd8090153cfda920e0006', null, null, null, null, null, null, null, null, '2016-04-07 11:17:26', '1', null, null);
INSERT INTO `iot_room_scene` VALUES ('4028814853eeb5b60153eeb79f880009', '4028814853eeb5b60153eeb69dae0002', null, '4028814853d0f39f0153d0f6a112000b', null, null, null, null, null, null, null, null, '2016-04-07 11:17:26', '1', null, null);
INSERT INTO `iot_room_scene` VALUES ('4028814853eed9540153eeda3c4b0004', '4028814853c63d0f0153c63d7d420004', null, '4028814853eec9aa0153eed65fb60168', null, null, null, null, null, null, null, null, '2016-04-07 11:55:14', '1', null, null);
INSERT INTO `iot_room_scene` VALUES ('4028814853eed9540153eeda3c4c0005', '4028814853c63d0f0153c63d7d420004', null, '4028814853eed9540153eed9b3930002', null, null, null, null, null, null, null, null, '2016-04-07 11:55:14', '1', null, null);
INSERT INTO `iot_room_scene` VALUES ('4028814853eed9540153eeda3c4c0006', '4028814853c63d0f0153c63d7d420004', null, '4028814853eed9540153eeda14500003', null, null, null, null, null, null, null, null, '2016-04-07 11:55:14', '1', null, null);
INSERT INTO `iot_room_scene` VALUES ('40288148540ede9a01540ee142c00002', '402881485336c9f4015336e3f0bd004a', null, '40288148540ece3d01540ed6e16c000e', null, null, null, null, null, null, null, null, '2016-04-13 17:11:03', '1', null, null);
INSERT INTO `iot_room_scene` VALUES ('402881485412c28f015412df464b0003', '402881485336c9f4015336e41f03004b', null, '40288148540ece3d01540ed61a3e000c', null, null, null, null, null, null, null, null, '2016-04-14 11:47:23', '1', null, null);

-- ----------------------------
-- Table structure for `iot_scene_command`
-- ----------------------------
DROP TABLE IF EXISTS `iot_scene_command`;
CREATE TABLE `iot_scene_command` (
  `scene_cmd_id` varchar(40) NOT NULL COMMENT '场景指令编号',
  `scene_id` varchar(40) NOT NULL COMMENT '场景编号',
  `device_type` varchar(4) DEFAULT NULL COMMENT '设备类型代码：如01代表空调；02代表投影仪；03代表灯…',
  `device_status` varchar(40) DEFAULT NULL COMMENT '设备控制：on代表开；off代表关',
  `execution_sequence` tinyint(4) DEFAULT NULL COMMENT '场景指令集执行顺序',
  `valid` varchar(1) DEFAULT '1' COMMENT '有效性：0代表无效；1代表有效',
  PRIMARY KEY (`scene_cmd_id`),
  KEY `FK_scene_command` (`scene_id`),
  CONSTRAINT `FK_scene_command` FOREIGN KEY (`scene_id`) REFERENCES `iot_scene_info` (`scene_id`)
) ENGINE=InnoDB DEFAULT CHARSET=utf8 COMMENT='场景控制指令集';

-- ----------------------------
-- Records of iot_scene_command
-- ----------------------------
INSERT INTO `iot_scene_command` VALUES ('40288148532c1e5901532c39e76d002a', '40288148532c1e5901532c369d560024', '01', '01', null, null);
INSERT INTO `iot_scene_command` VALUES ('40288148532c1e5901532c556d86002f', '402881ec523ddbe901523eaff38a0006', '02', '00', null, null);
INSERT INTO `iot_scene_command` VALUES ('40288148532c1e5901532c566fd50031', '402881ec530d2ed601530d3eb3450004', '02', '00', null, null);
INSERT INTO `iot_scene_command` VALUES ('40288148532fb78101532fe12c23000d', '4028814852f8bb9c0152f8fd72ed0012', '01', '00', null, null);
INSERT INTO `iot_scene_command` VALUES ('40288148532fb78101532fe3ef910013', '40288148532fb78101532fe3ae300012', '03', '00', null, null);
INSERT INTO `iot_scene_command` VALUES ('40288148532fb78101532fe9d1d40014', '4028814852f8bb9c0152f8fd72ed0012', '02', '01', null, null);
INSERT INTO `iot_scene_command` VALUES ('40288148532fb78101532ffcb3710025', '40288148532fb78101532ff771cf0021', '02', '01', null, null);
INSERT INTO `iot_scene_command` VALUES ('40288148532fb78101532ffd08de0026', '402881ec523ddbe901523ddee3f30002', '01', '01', null, null);
INSERT INTO `iot_scene_command` VALUES ('40288148532fb78101532ffe8b45002a', '40288148532fb78101532ffc3f690024', '02', '00', null, null);
INSERT INTO `iot_scene_command` VALUES ('402881485335f4d801533627aece0091', '40288148532fb78101532ffe4f570029', '03', '01', null, null);
INSERT INTO `iot_scene_command` VALUES ('402881485335f4d801533627ced40092', '40288148532fb78101532ffe4f570029', '03', '00', null, null);
INSERT INTO `iot_scene_command` VALUES ('40288148533a008f01533a2637a6008b', '40288148532fb78101532ff771cf0021', '02', '01', null, null);
INSERT INTO `iot_scene_command` VALUES ('40288148535419b60153541be8cb000f', '40288148532fb78101532ff6baec001e', '03', '01', null, null);
INSERT INTO `iot_scene_command` VALUES ('40288148535a092101535a125d310017', '40288148533a008f01533a1e41740031', '01', '01', null, null);
INSERT INTO `iot_scene_command` VALUES ('40288148535a092101535a127e740019', '40288148533a008f01533a1e41740031', '01', '01', null, null);
INSERT INTO `iot_scene_command` VALUES ('40288148535a092101535a134bf4001b', '40288148533a008f01533a1e41740031', '02', '01', null, null);
INSERT INTO `iot_scene_command` VALUES ('40288148535a092101535a152338001d', '402881485355901901535590ca870004', '02', '01', null, null);
INSERT INTO `iot_scene_command` VALUES ('40288148535a3cb801535a5e62fd0008', '40288148532fb78101532fd17936000b', '00', '01', null, null);
INSERT INTO `iot_scene_command` VALUES ('4028814853bd24fb0153bd48988a0006', '40288148532fb78101532ff6baec001e', '01', '01', null, null);
INSERT INTO `iot_scene_command` VALUES ('4028814853c515500153c55ed96c000a', '40288148532fb78101532fd17936000b', '03', '01', null, null);
INSERT INTO `iot_scene_command` VALUES ('4028814853c515500153c5602670000b', '40288148532fb78101532fd17936000b', '01', '01', null, null);
INSERT INTO `iot_scene_command` VALUES ('4028814853c562740153c562dc440004', '40288148532fb78101532ff6baec001e', '01', '02020120', '5', null);
INSERT INTO `iot_scene_command` VALUES ('4028814853c562740153c56943dc0005', '4028814853c270030153c29198e30005', '02', '00', '3', null);
INSERT INTO `iot_scene_command` VALUES ('4028814853c562740153c56976b60006', '4028814853c270030153c29198e30005', '01', '02020221', '3', null);
INSERT INTO `iot_scene_command` VALUES ('4028814853ca96780153ca97884c0004', '402881485335f4d801533621af5c008b', '02', '01', '1', '0');
INSERT INTO `iot_scene_command` VALUES ('4028814853cfd8090153cfdac7e60007', '4028814853cfd8090153cfda920e0006', '01', '01', '1', '1');
INSERT INTO `iot_scene_command` VALUES ('4028814853cfd8090153cfdaed3b0008', '4028814853cfd8090153cfda920e0006', '04', '00', '2', '1');
INSERT INTO `iot_scene_command` VALUES ('4028814853d0f39f0153d0f6cd23000c', '4028814853d0f39f0153d0f6a112000b', '05', '00', '1', '1');
INSERT INTO `iot_scene_command` VALUES ('4028814853ee7f4d0153ee7fa2870002', '402881485335f4d80153362875450093', '03', '00', null, '1');
INSERT INTO `iot_scene_command` VALUES ('4028814853eed9540153eedab5430007', '4028814853eec9aa0153eed65fb60168', '01', '01', '1', '1');
INSERT INTO `iot_scene_command` VALUES ('4028814853eed9540153eedb0e600008', '4028814853eed9540153eed9b3930002', '04', '01', '2', '1');
INSERT INTO `iot_scene_command` VALUES ('4028814853eed9540153eedba9590009', '4028814853eed9540153eeda14500003', '03', '01', '1', '1');
INSERT INTO `iot_scene_command` VALUES ('4028814853eed9540153eedc040d000c', '4028814853eec9aa0153eed65fb60168', '01', '02010120', '2', '1');
INSERT INTO `iot_scene_command` VALUES ('40288148540d346401540d361b7e0006', '402881485335f4d80153362875450093', '01', '02020323', null, '1');
INSERT INTO `iot_scene_command` VALUES ('40288148540d346401540d36494e0007', '402881485335f4d80153362875450093', '00', '00', null, '1');
INSERT INTO `iot_scene_command` VALUES ('40288148540ece3d01540ed68937000d', '40288148540ece3d01540ed61a3e000c', '03', '01', '1', '1');
INSERT INTO `iot_scene_command` VALUES ('40288148540ece3d01540ed7286c000f', '40288148540ece3d01540ed6e16c000e', '01', '00', '1', '1');
INSERT INTO `iot_scene_command` VALUES ('40288148540f2a0701540f333f160005', '4028814853cba5430153cba5dcb10002', '02', '01', '1', '1');
INSERT INTO `iot_scene_command` VALUES ('40288148540f2a0701540f3360650006', '4028814853cba5430153cba5dcb10002', '03', '00', '2', '1');
INSERT INTO `iot_scene_command` VALUES ('40288148540f359201540f42d8f0000b', '4028814853cbac1c0153cbb4827e0003', '02', '00', '3', '1');
INSERT INTO `iot_scene_command` VALUES ('40288148540f359201540f42fa98000c', '4028814853cbac1c0153cbb4827e0003', '00', '01', '4', '1');
INSERT INTO `iot_scene_command` VALUES ('40288148540f359201540f431b29000d', '4028814853cbac1c0153cbb4827e0003', '04', '01', '5', '1');
INSERT INTO `iot_scene_command` VALUES ('402881485412c28f015412df171a0002', '40288148540ece3d01540ed61a3e000c', '04', '00', '2', '1');
INSERT INTO `iot_scene_command` VALUES ('402881ec524330fe0152435551520004', '1', '01', '01', null, null);
INSERT INTO `iot_scene_command` VALUES ('402881ec5244d999015244dcec0c0003', '1', '02', '01', null, null);
INSERT INTO `iot_scene_command` VALUES ('402881ec532c441d01532c4e5c2b0002', '1', '00', '00', null, null);
INSERT INTO `iot_scene_command` VALUES ('402881ec53300fb901533017d3940005', '402881ec53300fb901533017450c0004', '01', '01', null, null);
INSERT INTO `iot_scene_command` VALUES ('402881ec53300fb9015331166037004d', '402881ec53300fb90153311618cb004c', '01', '00', null, null);
INSERT INTO `iot_scene_command` VALUES ('402881ec5334dccb015334f9341e0002', '402881ec530864310153086b78bf0003', '01', '01', null, null);
INSERT INTO `iot_scene_command` VALUES ('402881ee5277561a015277992f0e0006', '402881ec523ddbe901523ef27f880008', '01', '01', null, null);
INSERT INTO `iot_scene_command` VALUES ('402881ee5277561a015277adb9550009', '402881ec523ddbe901523ef27f880008', '02', '00', null, null);
INSERT INTO `iot_scene_command` VALUES ('402881ee527807430152780d3f8e0002', '402881ec523ddbe901523ef27f880008', '02', '00', null, null);
INSERT INTO `iot_scene_command` VALUES ('402881ee527b8a8201527b914a700006', '402881ec523ddbe901523ef27f880008', '02', '01', null, null);

-- ----------------------------
-- Table structure for `iot_scene_info`
-- ----------------------------
DROP TABLE IF EXISTS `iot_scene_info`;
CREATE TABLE `iot_scene_info` (
  `scene_id` varchar(40) NOT NULL COMMENT '场景编号',
  `scene_name` varchar(40) NOT NULL COMMENT '场景名称（早上上课、下午放学）',
  `scene_type` varchar(2) DEFAULT NULL COMMENT '场景类型：00表示常规；01表示逻辑',
  `sensor_type` varchar(2) DEFAULT NULL,
  `device_code` varchar(2) DEFAULT NULL COMMENT '设备类型代码：如01代表空调；02代表投影仪；03代表灯…',
  `attribute_code` varchar(2) DEFAULT NULL COMMENT '设备属性名称：如00温度、01湿度、02风速、03IO开关、04风扇、05电量',
  `deptid` varchar(40) DEFAULT NULL COMMENT '机构编号',
  `max_val` int(11) DEFAULT NULL COMMENT '达到上边界值时将触发相应操作',
  `min_val` int(11) DEFAULT NULL COMMENT '达到下边界值时触发相应操作',
  `valid` varchar(1) DEFAULT '1' COMMENT '有效性：0代表无效；1代表有效',
  `remark` varchar(200) DEFAULT NULL COMMENT '备注信息',
  `scene_switch` tinyint(4) DEFAULT NULL COMMENT '启用开关',
  `exec_freq` varchar(2) DEFAULT NULL,
  `exec_week` varchar(40) DEFAULT NULL,
  `exec_time` varchar(40) DEFAULT NULL,
  `exec_hour` varchar(4) DEFAULT NULL,
  `exec_minute` varchar(4) DEFAULT NULL,
  `exec_start_date` varchar(40) DEFAULT NULL,
  `exec_end_date` varchar(40) DEFAULT NULL,
  PRIMARY KEY (`scene_id`)
) ENGINE=InnoDB DEFAULT CHARSET=utf8 COMMENT='场景设置表';

-- ----------------------------
-- Records of iot_scene_info
-- ----------------------------
INSERT INTO `iot_scene_info` VALUES ('1', '制作', '1', null, '', '', '1', null, null, '1', '测试111', null, null, null, null, null, null, null, null);
INSERT INTO `iot_scene_info` VALUES ('4028814852f8bb9c0152f8fd72ed0012', '测试', '1', null, '', '', '40288009530b9c8901530bb09b750004', null, null, '0', '备注上', null, null, null, null, null, null, null, null);
INSERT INTO `iot_scene_info` VALUES ('40288148532c1e5901532c369d560024', '李新增场景', '2', null, '03', '00', '40288009530b9c8901530bb09b750004', '1', '2', '0', '', null, null, null, null, null, null, null, null);
INSERT INTO `iot_scene_info` VALUES ('40288148532fb78101532fd150fe0007', '晚上十点关灯', '2', null, '03', '03', '40288009530b9c8901530bb09b750004', '10', '11', '0', '备注', null, null, null, null, null, null, null, null);
INSERT INTO `iot_scene_info` VALUES ('40288148532fb78101532fd16afb000a', '晚上十点关灯', '2', null, '03', '03', '40288009530b9c8901530bb09b750004', '10', '11', '0', '备注', null, null, null, null, null, null, null, null);
INSERT INTO `iot_scene_info` VALUES ('40288148532fb78101532fd17936000b', '晚上十点关灯', '1', null, '', '', '1', null, null, '1', '备注', null, null, null, null, null, null, null, null);
INSERT INTO `iot_scene_info` VALUES ('40288148532fb78101532fe3ae300012', '哈哈哈', '2', null, '01', '03', '40288009530b9c8901530bb09b750004', '10', '11', '0', '黑胡椒', null, null, null, null, null, null, null, null);
INSERT INTO `iot_scene_info` VALUES ('40288148532fb78101532ff44e7e0015', '早上七点起床', '2', null, '03', '03', '40288009530b9c8901530bb09b750004', '6', '7', '0', '萨芬', null, null, null, null, null, null, null, null);
INSERT INTO `iot_scene_info` VALUES ('40288148532fb78101532ff465c50016', '早上七点起床', '2', null, '03', '03', '40288009530b9c8901530bb09b750004', '6', '7', '0', '萨芬', null, null, null, null, null, null, null, null);
INSERT INTO `iot_scene_info` VALUES ('40288148532fb78101532ff529d60017', '早上七点起床', '2', null, '03', '03', '40288009530b9c8901530bb09b750004', '6', '7', '0', '萨芬', null, null, null, null, null, null, null, null);
INSERT INTO `iot_scene_info` VALUES ('40288148532fb78101532ff5cded0018', '早上七点起床1', '2', null, '03', '03', '40288009530b9c8901530bb09b750004', '6', '7', '0', '萨芬', null, null, null, null, null, null, null, null);
INSERT INTO `iot_scene_info` VALUES ('40288148532fb78101532ff60b960019', '早上七点起床1', '2', null, '03', '03', '40288009530b9c8901530bb09b750004', '6', '7', '0', '萨芬', null, null, null, null, null, null, null, null);
INSERT INTO `iot_scene_info` VALUES ('40288148532fb78101532ff626e6001a', '早上七点起床1', '2', null, '03', '03', '40288009530b9c8901530bb09b750004', '61', '71', '0', '萨芬1', null, null, null, null, null, null, null, null);
INSERT INTO `iot_scene_info` VALUES ('40288148532fb78101532ff6450a001b', '早上七点起床1', '2', null, '03', '03', '40288009530b9c8901530bb09b750004', '6', '7', '0', '萨芬', null, null, null, null, null, null, null, null);
INSERT INTO `iot_scene_info` VALUES ('40288148532fb78101532ff65d6b001c', '早上七点起床1', '1', null, '', '', '40288009530b9c8901530bb09b750004', null, null, '0', '萨芬', null, null, null, null, null, null, null, null);
INSERT INTO `iot_scene_info` VALUES ('40288148532fb78101532ff67d24001d', '早上七点起床1', '2', null, '', '', '40288009530b9c8901530bb09b750004', null, null, '0', '萨芬', null, null, null, null, null, null, null, null);
INSERT INTO `iot_scene_info` VALUES ('40288148532fb78101532ff6baec001e', '早上七点起床1', '1', null, '', '', '1', null, null, '1', '萨芬', null, null, null, null, null, null, null, null);
INSERT INTO `iot_scene_info` VALUES ('40288148532fb78101532ff6f2aa001f', '常规1', '1', null, '', '', '40288009530b9c8901530bb09b750004', null, null, '0', '1111', null, null, null, null, null, null, null, null);
INSERT INTO `iot_scene_info` VALUES ('40288148532fb78101532ff758960020', '常规1', '1', null, '', '', '40288009530b9c8901530bb09b750004', null, null, '0', '拉萨减肥啦数据的法律!@#$%^&*()_+{}|:\"<>?/.,\';\\][', null, null, null, null, null, null, null, null);
INSERT INTO `iot_scene_info` VALUES ('40288148532fb78101532ff771cf0021', '常规1', '1', null, '', '', '1', null, null, '1', '!@#$%^&*()_+{}|:\"<>?/.,\';\\][', null, null, null, null, null, null, null, null);
INSERT INTO `iot_scene_info` VALUES ('40288148532fb78101532ffc3f690024', 'test', '1', null, '', '', '40288009530b9c8901530bb09b750004', null, null, '0', '2222', null, null, null, null, null, null, null, null);
INSERT INTO `iot_scene_info` VALUES ('40288148532fb78101532ffe4f570029', 'test', '2', null, '', '', '1', null, null, '0', '2', null, null, null, null, null, null, null, null);
INSERT INTO `iot_scene_info` VALUES ('402881485335f4d801533607c7b9003f', '场景1常规', '1', '', '', '', '1', null, null, '1', '哈哈哈', null, '05', '', '', '', '', '2016-03-31 00:00:00', '2016-03-25 00:00:00');
INSERT INTO `iot_scene_info` VALUES ('402881485335f4d801533621af5c008b', '场景2逻辑', '2', null, '01', '00', '40288148532b909b01532bfc61190053', '29', '14', '0', '好', null, null, null, null, null, null, null, null);
INSERT INTO `iot_scene_info` VALUES ('402881485335f4d80153362421e9008f', '新增1', '1', null, '', '', '40288009530b9c8901530bb09b750004', null, null, '0', '111', null, null, null, null, null, null, null, null);
INSERT INTO `iot_scene_info` VALUES ('402881485335f4d80153362875450093', 'new', '2', null, '', '01', '1', null, null, '1', '', null, null, null, null, null, null, null, null);
INSERT INTO `iot_scene_info` VALUES ('402881485335f4d8015336291b340094', '是', '1', null, '', '', '40288009530b9c8901530bb09b750004', null, null, '0', '', null, null, null, null, null, null, null, null);
INSERT INTO `iot_scene_info` VALUES ('402881485335f4d8015336293e270095', '是是', '', null, '', '', '40288009530b9c8901530bb09b750004', null, null, '0', '', null, null, null, null, null, null, null, null);
INSERT INTO `iot_scene_info` VALUES ('40288148533a008f01533a1e41740031', '是舒服服', '2', null, '', '', '40288009530b9c8901530bb09b750004', null, null, '0', '', null, null, null, null, null, null, null, null);
INSERT INTO `iot_scene_info` VALUES ('40288148533a008f01533a1e6ffe0032', '沙发上', '2', null, '', '', '40288009530b9c8901530bb09b750004', null, null, '0', '', null, null, null, null, null, null, null, null);
INSERT INTO `iot_scene_info` VALUES ('402881485355901901535590ca870004', '22', '2', null, '02', '01', '40288009530b9c8901530bb09b750004', null, null, '0', '', '1', null, null, null, null, null, null, null);
INSERT INTO `iot_scene_info` VALUES ('40288148535a092101535a0b25170002', '删除', '', null, '', '', '40288009530b9c8901530bb09b750004', null, null, '0', '', null, null, null, null, null, null, null, null);
INSERT INTO `iot_scene_info` VALUES ('40288148535a092101535a0b5d920003', '是', '', null, '', '', '40288009530b9c8901530bb09b750004', null, null, '0', '', null, null, null, null, null, null, null, null);
INSERT INTO `iot_scene_info` VALUES ('4028814853c018cb0153c03dd0a80006', '2', '2', null, '', '', '1', null, null, '1', '', null, null, null, null, null, null, null, null);
INSERT INTO `iot_scene_info` VALUES ('4028814853c043f50153c044ab800002', '33', '', null, '', '', '40288009530b9c8901530bb09b750004', null, null, '0', '', '0', null, null, null, null, null, null, null);
INSERT INTO `iot_scene_info` VALUES ('4028814853c105e50153c12258710008', 'gg', '2', null, null, null, '1', '3', '1', '1', '', null, null, null, null, null, null, null, null);
INSERT INTO `iot_scene_info` VALUES ('4028814853c105e50153c122e971000b', 'nnn', '2', '2', null, null, '40288009530b9c8901530bb09b750004', '6', '5', '0', '', null, null, null, null, null, null, null, null);
INSERT INTO `iot_scene_info` VALUES ('4028814853c125a00153c12655af0002', 'bbbb', '2', '3', null, null, '40288009530b9c8901530bb09b750004', null, null, '0', '', null, null, null, null, null, null, null, null);
INSERT INTO `iot_scene_info` VALUES ('4028814853c270030153c29198e30005', '是是是', '1', '', null, null, '1', null, null, '1', '', null, null, null, null, null, null, null, null);
INSERT INTO `iot_scene_info` VALUES ('4028814853c270030153c291d2e50006', 'vvvvvvvvvv', '', '', null, null, '1', null, null, '1', '', null, null, null, null, null, null, null, null);
INSERT INTO `iot_scene_info` VALUES ('4028814853cb98680153cb9fa5300002', '22', '1', '', null, null, '40288009530b9c8901530bb09b750004', null, null, '1', '', '1', null, null, null, null, null, '2016-03-31 15:42:30', '2016-03-31 15:42:30');
INSERT INTO `iot_scene_info` VALUES ('4028814853cb98680153cba395220003', '88888', '1', '', null, null, '40288009530b9c8901530bb09b750004', null, null, '1', '', '1', null, null, null, null, null, '2016-03-31 15:46:48', '2016-03-31 15:46:48');
INSERT INTO `iot_scene_info` VALUES ('4028814853cba5430153cba5dcb10002', '顶顶顶顶顶', '1', '', null, null, '40288009530b9c8901530bb09b750004', null, null, '1', '', '1', null, null, null, null, null, '2016-03-31 15:49:18', '2016-03-31 15:49:18');
INSERT INTO `iot_scene_info` VALUES ('4028814853cba5430153cba85e640003', '李子超', '1', '', null, null, '40288009530b9c8901530bb09b750004', null, null, '1', '', '1', null, null, null, null, null, '2016-03-31 15:52:02', '2016-03-31 15:52:02');
INSERT INTO `iot_scene_info` VALUES ('4028814853cbac1c0153cbac686f0002', '测试测试', '1', '', null, null, '40288009530b9c8901530bb09b750004', null, null, '1', '', '1', '04', '1,2', '07:00:00', '', '', '2016-03-31 15:56:42', '2016-03-31 15:56:42');
INSERT INTO `iot_scene_info` VALUES ('4028814853cbac1c0153cbb4827e0003', '11', '1', '', null, null, '40288009530b9c8901530bb09b750004', null, null, '1', '', '1', '05', '', '', '', '', '2016-03-09 00:00:00', '2016-03-15 00:00:00');
INSERT INTO `iot_scene_info` VALUES ('4028814853cf82370153cf827ede0002', '恢复1', '1', '', '', '', '40288009530b9c8901530bb09b750004', null, null, '1', '', '1', '01', '', '', '', '2', '', '');
INSERT INTO `iot_scene_info` VALUES ('4028814853cfb5240153cfb569550002', '恢复2', '3', '', '', '', '40288009530b9c8901530bb09b750004', null, null, '1', '', '1', '05', '', '', '', '', '06:30:00', '12:00:00');
INSERT INTO `iot_scene_info` VALUES ('4028814853cfbaf10153cfbb5a610004', '测试', '3', '', '', '', '40288148532b909b01532bfc61190053', null, null, '1', '', '1', '05', '', '', '', '', '06:30:00', '08:00:00');
INSERT INTO `iot_scene_info` VALUES ('4028814853cfd8090153cfda920e0006', '早上8点上课', '1', '', '', '', '40288148532b909b01532bfc61190053', null, null, '1', '', '1', '03', '', '12:00:00', '', '', '', '');
INSERT INTO `iot_scene_info` VALUES ('4028814853d0f39f0153d0f6a112000b', '继电器全开全关测试', '1', '', '', '', '40288148532b909b01532bfc61190053', null, null, '1', '', '1', '03', '', '15:42:00', '', '', '', '');
INSERT INTO `iot_scene_info` VALUES ('4028814853eec9aa0153eed65fb60168', '分钟', '1', '', '', '', '40288148532b909b01532bfc61190053', null, null, '1', '', '1', '01', '', '', '', '3', '', '');
INSERT INTO `iot_scene_info` VALUES ('4028814853eed9540153eed9b3930002', '小时', '1', '', '', '', '40288148532b909b01532bfc61190053', null, null, '1', '', '1', '02', '', '', '3', '', '', '');
INSERT INTO `iot_scene_info` VALUES ('4028814853eed9540153eeda14500003', '周', '1', '', '', '', '40288148532b909b01532bfc61190053', null, null, '1', '', '1', '04', '1,2,3,4,5,6,7', '08:00:00', '', '', '', '');
INSERT INTO `iot_scene_info` VALUES ('40288148540ece3d01540ed61a3e000c', '场景1', '1', '', '', '', '40288009530b9c8901530bb09b750004', null, null, '1', '', '1', '03', '', '10:30:00', '', '', '', '');
INSERT INTO `iot_scene_info` VALUES ('40288148540ece3d01540ed6e16c000e', '场景2', '1', '', '', '', '40288009530b9c8901530bb09b750004', null, null, '1', '', '1', '03', '', '17:30:00', '', '', '', '');
INSERT INTO `iot_scene_info` VALUES ('402881ec523ad51401523ae46b960002', '测试的', '1', null, '', '', '1', null, null, '1', '5', null, null, null, null, null, null, null, null);
INSERT INTO `iot_scene_info` VALUES ('402881ec523ddbe901523ddee3f30002', '早晨8点上课', '1', '', '01', '01', '40288009530b9c8901530bb09b750004', null, null, '1', '1', '1', '01', '', '', '', '33', '', '');
INSERT INTO `iot_scene_info` VALUES ('402881ec523ddbe901523eaae96d0005', '下午2点上课', '1', '', '01', '01', '40288009530b9c8901530bb09b750004', null, null, '1', '', '1', '04', '2,3,1', '07:00:00', '', '', '', '');
INSERT INTO `iot_scene_info` VALUES ('402881ec523ddbe901523eaff38a0006', '吃中饭', '1', null, '', '', '1', null, null, '1', '1', null, null, null, null, null, null, null, null);
INSERT INTO `iot_scene_info` VALUES ('402881ec523ddbe901523ebd45790007', '早上上课', '2', null, '01', '00', '40288009530b9c8901530bb09b750004', '30', '20', '0', '测试1', null, null, null, null, null, null, null, null);
INSERT INTO `iot_scene_info` VALUES ('402881ec523ddbe901523ef27f880008', '吃早餐', '2', null, '01', '01', '2', '30', '26', '1', '测试', null, null, null, null, null, null, null, null);
INSERT INTO `iot_scene_info` VALUES ('402881ec523f85dd01523fb69abe0004', '上晚自习', '1', null, '', '', '40288009530b9c8901530bb09b750004', null, null, '0', '测试', null, null, null, null, null, null, null, null);
INSERT INTO `iot_scene_info` VALUES ('402881ec530864310153086b78bf0003', '下班', '2', null, '01', '03', '1', '22', '18', '0', '测试', null, null, null, null, null, null, null, null);
INSERT INTO `iot_scene_info` VALUES ('402881ec530872140153087820eb0002', '上班', '1', null, '', '', '1', null, null, '', '111', null, null, null, null, null, null, null, null);
INSERT INTO `iot_scene_info` VALUES ('402881ec530d2ed601530d3eb3450004', '111', '2', null, '01', '00', '1', '3', '2', '1', '33', null, null, null, null, null, null, null, null);
INSERT INTO `iot_scene_info` VALUES ('402881ec530d2ed601530d41dea00005', '22', '2', null, '03', '03', '1', '2', '3', '0', '44', null, null, null, null, null, null, null, null);
INSERT INTO `iot_scene_info` VALUES ('402881ec53300fb901533016000c0002', '22', '1', null, '', '', '1', null, null, '0', '1', null, null, null, null, null, null, null, null);
INSERT INTO `iot_scene_info` VALUES ('402881ec53300fb9015330161cad0003', '22', '1', null, '', '', '1', null, null, '0', '12', null, null, null, null, null, null, null, null);
INSERT INTO `iot_scene_info` VALUES ('402881ec53300fb901533017450c0004', '22', '1', null, '', '', '1', null, null, '0', '21', null, null, null, null, null, null, null, null);
INSERT INTO `iot_scene_info` VALUES ('402881ec53300fb90153301b2c870006', '22', '1', null, '', '', '1', null, null, '0', '1', null, null, null, null, null, null, null, null);
INSERT INTO `iot_scene_info` VALUES ('402881ec53300fb90153301b54750007', '22', '1', null, '', '', '1', null, null, '0', '12', null, null, null, null, null, null, null, null);
INSERT INTO `iot_scene_info` VALUES ('402881ec53300fb90153302b3350000e', '22', '1', null, '', '', '1', null, null, '0', '', null, null, null, null, null, null, null, null);
INSERT INTO `iot_scene_info` VALUES ('402881ec53300fb90153302b8d6d000f', '33', '1', null, '', '', '1', null, null, '0', '', null, null, null, null, null, null, null, null);
INSERT INTO `iot_scene_info` VALUES ('402881ec53300fb90153302c29170010', '33', '1', null, '', '', '1', null, null, '0', '', null, null, null, null, null, null, null, null);
INSERT INTO `iot_scene_info` VALUES ('402881ec53300fb90153302c44990011', '33', '1', null, '', '', '1', null, null, '0', '1', null, null, null, null, null, null, null, null);
INSERT INTO `iot_scene_info` VALUES ('402881ec53300fb90153302d476e0012', '55', '1', null, '', '', '1', null, null, '0', '', null, null, null, null, null, null, null, null);
INSERT INTO `iot_scene_info` VALUES ('402881ec53300fb90153302e25030013', '55', '1', null, '', '', '1', null, null, '0', '', null, null, null, null, null, null, null, null);
INSERT INTO `iot_scene_info` VALUES ('402881ec53300fb90153302e4d8f0014', '55', '1', null, '', '', '1', null, null, '0', '123', null, null, null, null, null, null, null, null);
INSERT INTO `iot_scene_info` VALUES ('402881ec53300fb90153303060c60015', '2222', '', null, '', '', '1', null, null, '0', '11', null, null, null, null, null, null, null, null);
INSERT INTO `iot_scene_info` VALUES ('402881ec53300fb901533033396b0016', '22222222', '1', null, '', '', '1', null, null, '0', '', null, null, null, null, null, null, null, null);
INSERT INTO `iot_scene_info` VALUES ('402881ec53300fb90153303368eb0017', '22222222', '1', null, '', '', '1', null, null, '0', '1', null, null, null, null, null, null, null, null);
INSERT INTO `iot_scene_info` VALUES ('402881ec53300fb9015330376f700018', '33', '1', null, '', '', '1', null, null, '0', '', null, null, null, null, null, null, null, null);
INSERT INTO `iot_scene_info` VALUES ('402881ec53300fb901533037cc490019', '33', '1', null, '', '', '1', null, null, '0', '123', null, null, null, null, null, null, null, null);
INSERT INTO `iot_scene_info` VALUES ('402881ec53300fb90153303a51ec001a', '33', '1', null, '', '', '1', null, null, '0', '', null, null, null, null, null, null, null, null);
INSERT INTO `iot_scene_info` VALUES ('402881ec53300fb90153303a7416001b', '33', '1', null, '', '', '1', null, null, '0', '123', null, null, null, null, null, null, null, null);
INSERT INTO `iot_scene_info` VALUES ('402881ec53300fb901533040a414001c', '33', '1', null, '', '', '1', null, null, '0', '', null, null, null, null, null, null, null, null);
INSERT INTO `iot_scene_info` VALUES ('402881ec53300fb901533040c191001d', '33', '1', null, '', '', '1', null, null, '0', '123', null, null, null, null, null, null, null, null);
INSERT INTO `iot_scene_info` VALUES ('402881ec53300fb901533042b6c0001e', '33', '1', null, '', '', '1', null, null, '0', '', null, null, null, null, null, null, null, null);
INSERT INTO `iot_scene_info` VALUES ('402881ec53300fb901533042d22d001f', '33', '1', null, '', '', '1', null, null, '0', '123', null, null, null, null, null, null, null, null);
INSERT INTO `iot_scene_info` VALUES ('402881ec53300fb9015330ae33e80022', '123', '1', null, '', '', '1', null, null, '0', '111', null, null, null, null, null, null, null, null);
INSERT INTO `iot_scene_info` VALUES ('402881ec53300fb9015330af79c30023', '123', '1', null, '', '', '1', null, null, '0', '', null, null, null, null, null, null, null, null);
INSERT INTO `iot_scene_info` VALUES ('402881ec53300fb9015330b9c1e60024', '2222', '1', null, '', '', '1', null, null, '0', '', null, null, null, null, null, null, null, null);
INSERT INTO `iot_scene_info` VALUES ('402881ec53300fb9015330bbdca60025', '2222', '1', null, '', '', '1', null, null, '0', '', null, null, null, null, null, null, null, null);
INSERT INTO `iot_scene_info` VALUES ('402881ec53300fb9015330bc063d0026', '2222', '1', null, '', '', '1', null, null, '0', '', null, null, null, null, null, null, null, null);
INSERT INTO `iot_scene_info` VALUES ('402881ec53300fb9015330c2b757002a', '111', '1', null, '', '', '1', null, null, '0', '', null, null, null, null, null, null, null, null);
INSERT INTO `iot_scene_info` VALUES ('402881ec53300fb9015330c88e3d002b', '3333', '1', null, '', '', '1', null, null, '0', '', null, null, null, null, null, null, null, null);
INSERT INTO `iot_scene_info` VALUES ('402881ec53300fb9015330d1e6a20030', '11111', '1', null, '', '', '1', null, null, '0', '', null, null, null, null, null, null, null, null);
INSERT INTO `iot_scene_info` VALUES ('402881ec53300fb9015330d2529f0031', '22222', '1', null, '', '', '1', null, null, '0', '', null, null, null, null, null, null, null, null);
INSERT INTO `iot_scene_info` VALUES ('402881ec53300fb9015330d840aa0032', '2222', '1', null, '', '', '1', null, null, '0', '', null, null, null, null, null, null, null, null);
INSERT INTO `iot_scene_info` VALUES ('402881ec53300fb9015330d8f0ba0033', '2222', '1', null, '', '', '1', null, null, '0', '', null, null, null, null, null, null, null, null);
INSERT INTO `iot_scene_info` VALUES ('402881ec53300fb9015330e40c590034', '22222', '1', null, '', '', '1', null, null, '0', '', null, null, null, null, null, null, null, null);
INSERT INTO `iot_scene_info` VALUES ('402881ec53300fb9015330e4898f0035', '2222222', '1', null, '', '', '1', null, null, '0', '', null, null, null, null, null, null, null, null);
INSERT INTO `iot_scene_info` VALUES ('402881ec53300fb9015330e4f3420036', '3333', '1', null, '', '', '1', null, null, '0', '', null, null, null, null, null, null, null, null);
INSERT INTO `iot_scene_info` VALUES ('402881ec53300fb9015330e548450037', '4444', '1', null, '', '', '1', null, null, '0', '123', null, null, null, null, null, null, null, null);
INSERT INTO `iot_scene_info` VALUES ('402881ec53300fb9015330ea8b5e003a', '3333', '1', null, '', '', '1', null, null, '0', '123', null, null, null, null, null, null, null, null);
INSERT INTO `iot_scene_info` VALUES ('402881ec53300fb9015330eb22d3003b', '22222', '1', null, '', '', '1', null, null, '0', '', null, null, null, null, null, null, null, null);
INSERT INTO `iot_scene_info` VALUES ('402881ec53300fb9015330ebfdd4003c', '123', '1', null, '', '', '1', null, null, '0', '1111', null, null, null, null, null, null, null, null);
INSERT INTO `iot_scene_info` VALUES ('402881ec53300fb9015330ed1ea4003d', '2222', '1', null, '', '', '1', null, null, '0', '', null, null, null, null, null, null, null, null);
INSERT INTO `iot_scene_info` VALUES ('402881ec53300fb9015330ed6381003e', '2222', '1', null, '', '', '1', null, null, '0', '', null, null, null, null, null, null, null, null);
INSERT INTO `iot_scene_info` VALUES ('402881ec53300fb9015330ed9234003f', '222', '1', null, '', '', '1', null, null, '0', '123', null, null, null, null, null, null, null, null);
INSERT INTO `iot_scene_info` VALUES ('402881ec53300fb9015330f0c2fe0040', '3333', '1', null, '', '', '1', null, null, '0', '', null, null, null, null, null, null, null, null);
INSERT INTO `iot_scene_info` VALUES ('402881ec53300fb9015330f702910041', '2222', '1', null, '', '', '1', null, null, '0', '', null, null, null, null, null, null, null, null);
INSERT INTO `iot_scene_info` VALUES ('402881ec53300fb9015330fbf5300042', '22222', '1', null, '', '', '1', null, null, '0', '', null, null, null, null, null, null, null, null);
INSERT INTO `iot_scene_info` VALUES ('402881ec53300fb9015330fcb0fc0043', '22222222', '1', null, '', '', '1', null, null, '0', '', null, null, null, null, null, null, null, null);
INSERT INTO `iot_scene_info` VALUES ('402881ec53300fb9015330fcfca90044', '444444', '1', null, '', '', '1', null, null, '0', '', null, null, null, null, null, null, null, null);
INSERT INTO `iot_scene_info` VALUES ('402881ec53300fb9015330fd27ec0045', '5555', '1', null, '', '', '1', null, null, '0', '', null, null, null, null, null, null, null, null);
INSERT INTO `iot_scene_info` VALUES ('402881ec53300fb9015330fdd3f90046', '222222', '1', null, '', '', '1', null, null, '0', '', null, null, null, null, null, null, null, null);
INSERT INTO `iot_scene_info` VALUES ('402881ec53300fb9015330fe0cc00047', '33333', '1', null, '', '', '1', null, null, '0', '', null, null, null, null, null, null, null, null);
INSERT INTO `iot_scene_info` VALUES ('402881ec53300fb9015330fee67a0048', '2222222', '1', null, '', '', '1', null, null, '0', '', null, null, null, null, null, null, null, null);
INSERT INTO `iot_scene_info` VALUES ('402881ec53300fb9015331002eb00049', '333', '1', null, '', '', '1', null, null, '0', '123', null, null, null, null, null, null, null, null);
INSERT INTO `iot_scene_info` VALUES ('402881ec53300fb90153311618cb004c', 'test', '1', null, '', '', '1', null, null, '0', '123', null, null, null, null, null, null, null, null);
INSERT INTO `iot_scene_info` VALUES ('402881ec53311b4e0153311c062e0002', 'test', '1', null, '', '', '1', null, null, '0', '123', null, null, null, null, null, null, null, null);
INSERT INTO `iot_scene_info` VALUES ('402881ec535569b10153556c1c070002', '123', '1', null, '', '', '1', null, null, '0', '22', null, null, null, null, null, null, null, null);
INSERT INTO `iot_scene_info` VALUES ('402881ec535569b10153556de34a0003', '123', '1', null, '', '', '1', null, null, '0', '', null, null, null, null, null, null, null, null);
INSERT INTO `iot_scene_info` VALUES ('402881ec535569b10153556f164c0004', '123', '1', null, '', '', '1', null, null, '0', '', null, null, null, null, null, null, null, null);
INSERT INTO `iot_scene_info` VALUES ('402881ec535569b10153556f5f360005', '123', '1', null, '', '', '1', null, null, '0', '', null, null, null, null, null, null, null, null);
INSERT INTO `iot_scene_info` VALUES ('402881ec535569b10153557132640006', '123', '1', null, '', '', '1', null, null, '0', '', null, null, null, null, null, null, null, null);
INSERT INTO `iot_scene_info` VALUES ('402881ec535569b10153557284ee0007', '123', '1', null, '', '', '1', null, null, '0', '', null, null, null, null, null, null, null, null);
INSERT INTO `iot_scene_info` VALUES ('402881ec535569b101535572f8c40008', '123', '1', null, '', '', '1', null, null, '0', '', null, null, null, null, null, null, null, null);
INSERT INTO `iot_scene_info` VALUES ('402881ec535569b10153557704dc0009', '123', '1', null, '', '', '1', null, null, '0', '', null, null, null, null, null, null, null, null);
INSERT INTO `iot_scene_info` VALUES ('402881ec535569b10153558944b5000c', '123', '1', null, '', '', '1', null, null, '0', '', null, null, null, null, null, null, null, null);

-- ----------------------------
-- Table structure for `iot_scene_log`
-- ----------------------------
DROP TABLE IF EXISTS `iot_scene_log`;
CREATE TABLE `iot_scene_log` (
  `scene_log_id` varchar(40) NOT NULL,
  `scene_id` varchar(40) NOT NULL COMMENT '场景id',
  `execute_time` datetime DEFAULT NULL COMMENT '执行时间',
  `execute_room_id` varchar(40) DEFAULT NULL,
  `execute_device_id` varchar(40) DEFAULT NULL COMMENT '执行设备id',
  `execute_status` varchar(2) DEFAULT NULL COMMENT '执行状态(开或者关)',
  PRIMARY KEY (`scene_log_id`)
) ENGINE=InnoDB DEFAULT CHARSET=utf8;

-- ----------------------------
-- Records of iot_scene_log
-- ----------------------------
INSERT INTO `iot_scene_log` VALUES ('4028814853d0778d0153d0778da90000', '4028814853cfd8090153cfda920e0006', '2016-04-01 14:16:49', '4028814853c63d0f0153c63d7d420004', '4028814853c63d0f0153c63d92ee0005', '01');
INSERT INTO `iot_scene_log` VALUES ('4028814853d0778d0153d0778dd90001', '4028814853cfd8090153cfda920e0006', '2016-04-01 14:16:49', '4028814853c63d0f0153c63d7d420004', '402881f153c69c9a0153c6a9121b0014', '01');
INSERT INTO `iot_scene_log` VALUES ('4028814853d0778d0153d0778e070002', '4028814853cfd8090153cfda920e0006', '2016-04-01 14:16:49', '4028814853c63d0f0153c63d7d420004', '4028814853c640db0153c64dacbb0009', '00');
INSERT INTO `iot_scene_log` VALUES ('4028814853d084af0153d08520d90002', '4028814853cfd8090153cfda920e0006', '2016-04-01 14:31:38', '4028814853c63d0f0153c63d7d420004', '4028814853c63d0f0153c63d92ee0005', '01');
INSERT INTO `iot_scene_log` VALUES ('4028814853d084af0153d085a55d0003', '4028814853cfd8090153cfda920e0006', '2016-04-01 14:32:12', '4028814853c63d0f0153c63d7d420004', '402881f153c69c9a0153c6a9121b0014', '01');
INSERT INTO `iot_scene_log` VALUES ('4028814853d084af0153d085bd640004', '4028814853cfd8090153cfda920e0006', '2016-04-01 14:32:19', '4028814853c63d0f0153c63d7d420004', '4028814853c640db0153c64dacbb0009', '00');
INSERT INTO `iot_scene_log` VALUES ('4028814853d084af0153d08b6a620005', '4028814853cfd8090153cfda920e0006', '2016-04-01 14:38:31', '4028814853c63d0f0153c63d7d420004', '4028814853c63d0f0153c63d92ee0005', '01');
INSERT INTO `iot_scene_log` VALUES ('4028814853d084af0153d08c421f0006', '4028814853cfd8090153cfda920e0006', '2016-04-01 14:39:26', '4028814853c63d0f0153c63d7d420004', '402881f153c69c9a0153c6a9121b0014', '01');
INSERT INTO `iot_scene_log` VALUES ('4028814853d084af0153d08d7ef40007', '4028814853cfd8090153cfda920e0006', '2016-04-01 14:40:47', '4028814853c63d0f0153c63d7d420004', '4028814853c640db0153c64dacbb0009', '00');
INSERT INTO `iot_scene_log` VALUES ('4028814853d084af0153d09252320013', '4028814853cfd8090153cfda920e0006', '2016-04-01 14:46:03', '4028814853c63d0f0153c63d7d420004', '4028814853c63d0f0153c63d92ee0005', '01');
INSERT INTO `iot_scene_log` VALUES ('4028814853d084af0153d092658e0014', '4028814853cfd8090153cfda920e0006', '2016-04-01 14:46:08', '4028814853c63d0f0153c63d7d420004', '402881f153c69c9a0153c6a9121b0014', '01');
INSERT INTO `iot_scene_log` VALUES ('4028814853d084af0153d093bc360015', '4028814853cfd8090153cfda920e0006', '2016-04-01 14:47:36', '4028814853c63d0f0153c63d7d420004', '4028814853c640db0153c64dacbb0009', '00');
INSERT INTO `iot_scene_log` VALUES ('4028814853d084af0153d095262b0016', '4028814853cfd8090153cfda920e0006', '2016-04-01 14:49:08', '4028814853c63d0f0153c63d7d420004', '4028814853c63d0f0153c63d92ee0005', '01');
INSERT INTO `iot_scene_log` VALUES ('4028814853d084af0153d0959b3e0017', '4028814853cfd8090153cfda920e0006', '2016-04-01 14:49:38', '4028814853c63d0f0153c63d7d420004', '402881f153c69c9a0153c6a9121b0014', '01');
INSERT INTO `iot_scene_log` VALUES ('4028814853d084af0153d095c4e10018', '4028814853cfd8090153cfda920e0006', '2016-04-01 14:49:49', '4028814853c63d0f0153c63d7d420004', '4028814853c640db0153c64dacbb0009', '00');
INSERT INTO `iot_scene_log` VALUES ('4028814853d084af0153d0a3ae170027', '4028814853cfd8090153cfda920e0006', '2016-04-01 15:05:01', '4028814853c63d0f0153c63d7d420004', '4028814853c63d0f0153c63d92ee0005', '01');
INSERT INTO `iot_scene_log` VALUES ('4028814853d084af0153d0a3aeb20028', '4028814853cfd8090153cfda920e0006', '2016-04-01 15:05:01', '4028814853c63d0f0153c63d7d420004', '402881f153c69c9a0153c6a9121b0014', '01');
INSERT INTO `iot_scene_log` VALUES ('4028814853d084af0153d0a3af620029', '4028814853cfd8090153cfda920e0006', '2016-04-01 15:05:01', '4028814853c63d0f0153c63d7d420004', '4028814853c640db0153c64dacbb0009', '00');
INSERT INTO `iot_scene_log` VALUES ('4028814853d0b2df0153d0b4d9e20003', '4028814853cfd8090153cfda920e0006', '2016-04-01 15:23:46', '4028814853c63d0f0153c63d7d420004', '4028814853c63d0f0153c63d92ee0005', '01');
INSERT INTO `iot_scene_log` VALUES ('4028814853d0b2df0153d0b4f2740006', '4028814853cfd8090153cfda920e0006', '2016-04-01 15:23:52', '4028814853c63d0f0153c63d7d420004', '402881f153c69c9a0153c6a9121b0014', '01');
INSERT INTO `iot_scene_log` VALUES ('4028814853d0b2df0153d0b4f5db0007', '4028814853cfd8090153cfda920e0006', '2016-04-01 15:23:53', '4028814853c63d0f0153c63d7d420004', '4028814853c640db0153c64dacbb0009', '00');
INSERT INTO `iot_scene_log` VALUES ('4028814853d0b2df0153d0bc3e5c0011', '4028814853cfd8090153cfda920e0006', '2016-04-01 15:31:51', '4028814853c63d0f0153c63d7d420004', '4028814853c63d0f0153c63d92ee0005', '01');
INSERT INTO `iot_scene_log` VALUES ('4028814853d0b2df0153d0befc13002e', '4028814853cfd8090153cfda920e0006', '2016-04-01 15:34:50', '4028814853c63d0f0153c63d7d420004', '402881f153c69c9a0153c6a9121b0014', '01');
INSERT INTO `iot_scene_log` VALUES ('4028814853d0b2df0153d0bf0241002f', '4028814853cfd8090153cfda920e0006', '2016-04-01 15:34:52', '4028814853c63d0f0153c63d7d420004', '4028814853c640db0153c64dacbb0009', '00');
INSERT INTO `iot_scene_log` VALUES ('4028814853d0b2df0153d0c2a6840030', '4028814853cfd8090153cfda920e0006', '2016-04-01 15:38:50', '4028814853c63d0f0153c63d7d420004', '4028814853c63d0f0153c63d92ee0005', '01');
INSERT INTO `iot_scene_log` VALUES ('4028814853d0b2df0153d0c6ca750031', '4028814853cfd8090153cfda920e0006', '2016-04-01 15:43:22', '4028814853c63d0f0153c63d7d420004', '402881f153c69c9a0153c6a9121b0014', '01');
INSERT INTO `iot_scene_log` VALUES ('4028814853d0b2df0153d0c6d8650032', '4028814853cfd8090153cfda920e0006', '2016-04-01 15:43:25', '4028814853c63d0f0153c63d7d420004', '4028814853c640db0153c64dacbb0009', '00');
INSERT INTO `iot_scene_log` VALUES ('4028814853d0f39f0153d0f39fca0000', '4028814853cfd8090153cfda920e0006', '2016-04-01 16:32:20', '4028814853c63d0f0153c63d7d420004', '4028814853c63d0f0153c63d92ee0005', '01');
INSERT INTO `iot_scene_log` VALUES ('4028814853d0f39f0153d0f3f8b90002', '4028814853cfd8090153cfda920e0006', '2016-04-01 16:32:43', '4028814853c63d0f0153c63d7d420004', '402881f153c69c9a0153c6a9121b0014', '01');
INSERT INTO `iot_scene_log` VALUES ('4028814853d0f39f0153d0f45e280004', '4028814853cfd8090153cfda920e0006', '2016-04-01 16:33:09', '4028814853c63d0f0153c63d7d420004', '4028814853c640db0153c64dacbb0009', '00');
INSERT INTO `iot_scene_log` VALUES ('4028814853d0ffde0153d0ffde9e0000', '4028814853d0f39f0153d0f6a112000b', '2016-04-01 16:45:42', '4028814853c63d0f0153c63d7d420004', '', '01');
INSERT INTO `iot_scene_log` VALUES ('4028814853d0ffde0153d10161470001', '4028814853d0f39f0153d0f6a112000b', '2016-04-01 16:47:21', '4028814853c63d0f0153c63d7d420004', '', '01');
INSERT INTO `iot_scene_log` VALUES ('4028814853d0ffde0153d1022d5c0002', '4028814853d0f39f0153d0f6a112000b', '2016-04-01 16:48:14', '4028814853c63d0f0153c63d7d420004', '', '01');
INSERT INTO `iot_scene_log` VALUES ('4028814853d0ffde0153d102f6aa0003', '4028814853d0f39f0153d0f6a112000b', '2016-04-01 16:49:05', '4028814853c63d0f0153c63d7d420004', '', '01');
INSERT INTO `iot_scene_log` VALUES ('4028814853d0ffde0153d10455690004', '4028814853d0f39f0153d0f6a112000b', '2016-04-01 16:50:35', '4028814853c63d0f0153c63d7d420004', '', '01');
INSERT INTO `iot_scene_log` VALUES ('4028814853d0ffde0153d104b6360005', '4028814853d0f39f0153d0f6a112000b', '2016-04-01 16:51:00', '4028814853c63d0f0153c63d7d420004', '', '01');
INSERT INTO `iot_scene_log` VALUES ('4028814853d0ffde0153d104e4390006', '4028814853d0f39f0153d0f6a112000b', '2016-04-01 16:51:12', '4028814853c63d0f0153c63d7d420004', '', '01');
INSERT INTO `iot_scene_log` VALUES ('4028814853d107a30153d107a3420000', '4028814853d0f39f0153d0f6a112000b', '2016-04-01 16:54:12', '4028814853c63d0f0153c63d7d420004', '', '01');
INSERT INTO `iot_scene_log` VALUES ('4028814853d107a30153d10ca77f0002', '4028814853d0f39f0153d0f6a112000b', '2016-04-01 16:59:40', '4028814853c63d0f0153c63d7d420004', '', '01');
INSERT INTO `iot_scene_log` VALUES ('4028814853d10dc70153d10e4a100002', '4028814853d0f39f0153d0f6a112000b', '2016-04-01 17:01:27', '4028814853c63d0f0153c63d7d420004', '', '00');
INSERT INTO `iot_scene_log` VALUES ('4028814853ea7e6e0153ea834df40002', '4028814853d0f39f0153d0f6a112000b', '2016-04-06 15:39:47', '4028814853c63d0f0153c63d7d420004', '', '00');
INSERT INTO `iot_scene_log` VALUES ('4028814853ea7e6e0153ea85d2000003', '4028814853d0f39f0153d0f6a112000b', '2016-04-06 15:42:31', '4028814853c63d0f0153c63d7d420004', '', '00');
INSERT INTO `iot_scene_log` VALUES ('4028814853eec9aa0153eeca28240002', '4028814853cfd8090153cfda920e0006', '2016-04-07 11:35:39', '4028814853c63d0f0153c63d7d420004', '4028814853c63d0f0153c63d92ee0005', '01');
INSERT INTO `iot_scene_log` VALUES ('4028814853eec9aa0153eeca290b0004', '4028814853cfd8090153cfda920e0006', '2016-04-07 11:35:39', '4028814853c63d0f0153c63d7d420004', '402881f153c69c9a0153c6a9121b0014', '01');
INSERT INTO `iot_scene_log` VALUES ('4028814853eec9aa0153eeca2e100006', '4028814853cfd8090153cfda920e0006', '2016-04-07 11:35:40', '4028814853c63d0f0153c63d7d420004', '4028814853c640db0153c64dacbb0009', '00');
INSERT INTO `iot_scene_log` VALUES ('4028814853eec9aa0153eeca3ec10008', '4028814853cfd8090153cfda920e0006', '2016-04-07 11:35:45', '4028814853c63d0f0153c63d7d420004', '4028814853c63d0f0153c63d92ee0005', '01');
INSERT INTO `iot_scene_log` VALUES ('4028814853eec9aa0153eeca3f94000a', '4028814853cfd8090153cfda920e0006', '2016-04-07 11:35:45', '4028814853c63d0f0153c63d7d420004', '402881f153c69c9a0153c6a9121b0014', '01');
INSERT INTO `iot_scene_log` VALUES ('4028814853eec9aa0153eeca446b000c', '4028814853cfd8090153cfda920e0006', '2016-04-07 11:35:46', '4028814853c63d0f0153c63d7d420004', '4028814853c640db0153c64dacbb0009', '00');
INSERT INTO `iot_scene_log` VALUES ('4028814853eec9aa0153eeca54fd000e', '4028814853cfd8090153cfda920e0006', '2016-04-07 11:35:50', '4028814853c63d0f0153c63d7d420004', '4028814853c63d0f0153c63d92ee0005', '01');
INSERT INTO `iot_scene_log` VALUES ('4028814853eec9aa0153eeca56000010', '4028814853cfd8090153cfda920e0006', '2016-04-07 11:35:51', '4028814853c63d0f0153c63d7d420004', '402881f153c69c9a0153c6a9121b0014', '01');
INSERT INTO `iot_scene_log` VALUES ('4028814853eec9aa0153eeca5ac70012', '4028814853cfd8090153cfda920e0006', '2016-04-07 11:35:52', '4028814853c63d0f0153c63d7d420004', '4028814853c640db0153c64dacbb0009', '00');
INSERT INTO `iot_scene_log` VALUES ('4028814853eec9aa0153eeca6b600014', '4028814853cfd8090153cfda920e0006', '2016-04-07 11:35:56', '4028814853c63d0f0153c63d7d420004', '4028814853c63d0f0153c63d92ee0005', '01');
INSERT INTO `iot_scene_log` VALUES ('4028814853eec9aa0153eeca6c4c0016', '4028814853cfd8090153cfda920e0006', '2016-04-07 11:35:56', '4028814853c63d0f0153c63d7d420004', '402881f153c69c9a0153c6a9121b0014', '01');
INSERT INTO `iot_scene_log` VALUES ('4028814853eec9aa0153eeca712b0018', '4028814853cfd8090153cfda920e0006', '2016-04-07 11:35:57', '4028814853c63d0f0153c63d7d420004', '4028814853c640db0153c64dacbb0009', '00');
INSERT INTO `iot_scene_log` VALUES ('4028814853eec9aa0153eeca81d1001a', '4028814853cfd8090153cfda920e0006', '2016-04-07 11:36:02', '4028814853c63d0f0153c63d7d420004', '4028814853c63d0f0153c63d92ee0005', '01');
INSERT INTO `iot_scene_log` VALUES ('4028814853eec9aa0153eeca82b6001c', '4028814853cfd8090153cfda920e0006', '2016-04-07 11:36:02', '4028814853c63d0f0153c63d7d420004', '402881f153c69c9a0153c6a9121b0014', '01');
INSERT INTO `iot_scene_log` VALUES ('4028814853eec9aa0153eeca877d001e', '4028814853cfd8090153cfda920e0006', '2016-04-07 11:36:03', '4028814853c63d0f0153c63d7d420004', '4028814853c640db0153c64dacbb0009', '00');
INSERT INTO `iot_scene_log` VALUES ('4028814853eec9aa0153eeca98110020', '4028814853cfd8090153cfda920e0006', '2016-04-07 11:36:07', '4028814853c63d0f0153c63d7d420004', '4028814853c63d0f0153c63d92ee0005', '01');
INSERT INTO `iot_scene_log` VALUES ('4028814853eec9aa0153eeca98db0022', '4028814853cfd8090153cfda920e0006', '2016-04-07 11:36:08', '4028814853c63d0f0153c63d7d420004', '402881f153c69c9a0153c6a9121b0014', '01');
INSERT INTO `iot_scene_log` VALUES ('4028814853eec9aa0153eeca9dc90024', '4028814853cfd8090153cfda920e0006', '2016-04-07 11:36:09', '4028814853c63d0f0153c63d7d420004', '4028814853c640db0153c64dacbb0009', '00');
INSERT INTO `iot_scene_log` VALUES ('4028814853eec9aa0153eecaae8c0026', '4028814853cfd8090153cfda920e0006', '2016-04-07 11:36:13', '4028814853c63d0f0153c63d7d420004', '4028814853c63d0f0153c63d92ee0005', '01');
INSERT INTO `iot_scene_log` VALUES ('4028814853eec9aa0153eecaaf6d0028', '4028814853cfd8090153cfda920e0006', '2016-04-07 11:36:13', '4028814853c63d0f0153c63d7d420004', '402881f153c69c9a0153c6a9121b0014', '01');
INSERT INTO `iot_scene_log` VALUES ('4028814853eec9aa0153eecab442002a', '4028814853cfd8090153cfda920e0006', '2016-04-07 11:36:15', '4028814853c63d0f0153c63d7d420004', '4028814853c640db0153c64dacbb0009', '00');
INSERT INTO `iot_scene_log` VALUES ('4028814853eec9aa0153eecac50c002c', '4028814853cfd8090153cfda920e0006', '2016-04-07 11:36:19', '4028814853c63d0f0153c63d7d420004', '4028814853c63d0f0153c63d92ee0005', '01');
INSERT INTO `iot_scene_log` VALUES ('4028814853eec9aa0153eecac603002e', '4028814853cfd8090153cfda920e0006', '2016-04-07 11:36:19', '4028814853c63d0f0153c63d7d420004', '402881f153c69c9a0153c6a9121b0014', '01');
INSERT INTO `iot_scene_log` VALUES ('4028814853eec9aa0153eecacae20030', '4028814853cfd8090153cfda920e0006', '2016-04-07 11:36:20', '4028814853c63d0f0153c63d7d420004', '4028814853c640db0153c64dacbb0009', '00');
INSERT INTO `iot_scene_log` VALUES ('4028814853eec9aa0153eecadb900032', '4028814853cfd8090153cfda920e0006', '2016-04-07 11:36:25', '4028814853c63d0f0153c63d7d420004', '4028814853c63d0f0153c63d92ee0005', '01');
INSERT INTO `iot_scene_log` VALUES ('4028814853eec9aa0153eecadc800034', '4028814853cfd8090153cfda920e0006', '2016-04-07 11:36:25', '4028814853c63d0f0153c63d7d420004', '402881f153c69c9a0153c6a9121b0014', '01');
INSERT INTO `iot_scene_log` VALUES ('4028814853eec9aa0153eecae14f0036', '4028814853cfd8090153cfda920e0006', '2016-04-07 11:36:26', '4028814853c63d0f0153c63d7d420004', '4028814853c640db0153c64dacbb0009', '00');
INSERT INTO `iot_scene_log` VALUES ('4028814853eec9aa0153eecaf2100038', '4028814853cfd8090153cfda920e0006', '2016-04-07 11:36:30', '4028814853c63d0f0153c63d7d420004', '4028814853c63d0f0153c63d92ee0005', '01');
INSERT INTO `iot_scene_log` VALUES ('4028814853eec9aa0153eecaf2f2003a', '4028814853cfd8090153cfda920e0006', '2016-04-07 11:36:31', '4028814853c63d0f0153c63d7d420004', '402881f153c69c9a0153c6a9121b0014', '01');
INSERT INTO `iot_scene_log` VALUES ('4028814853eec9aa0153eecaf7c7003c', '4028814853cfd8090153cfda920e0006', '2016-04-07 11:36:32', '4028814853c63d0f0153c63d7d420004', '4028814853c640db0153c64dacbb0009', '00');
INSERT INTO `iot_scene_log` VALUES ('4028814853eec9aa0153eecb085a003e', '4028814853cfd8090153cfda920e0006', '2016-04-07 11:36:36', '4028814853c63d0f0153c63d7d420004', '4028814853c63d0f0153c63d92ee0005', '01');
INSERT INTO `iot_scene_log` VALUES ('4028814853eec9aa0153eecb09430040', '4028814853cfd8090153cfda920e0006', '2016-04-07 11:36:36', '4028814853c63d0f0153c63d7d420004', '402881f153c69c9a0153c6a9121b0014', '01');
INSERT INTO `iot_scene_log` VALUES ('4028814853eec9aa0153eecb0e0d0042', '4028814853cfd8090153cfda920e0006', '2016-04-07 11:36:38', '4028814853c63d0f0153c63d7d420004', '4028814853c640db0153c64dacbb0009', '00');
INSERT INTO `iot_scene_log` VALUES ('4028814853eec9aa0153eecb1ecb0044', '4028814853cfd8090153cfda920e0006', '2016-04-07 11:36:42', '4028814853c63d0f0153c63d7d420004', '4028814853c63d0f0153c63d92ee0005', '01');
INSERT INTO `iot_scene_log` VALUES ('4028814853eec9aa0153eecb1fa50046', '4028814853cfd8090153cfda920e0006', '2016-04-07 11:36:42', '4028814853c63d0f0153c63d7d420004', '402881f153c69c9a0153c6a9121b0014', '01');
INSERT INTO `iot_scene_log` VALUES ('4028814853eec9aa0153eecb24760048', '4028814853cfd8090153cfda920e0006', '2016-04-07 11:36:43', '4028814853c63d0f0153c63d7d420004', '4028814853c640db0153c64dacbb0009', '00');
INSERT INTO `iot_scene_log` VALUES ('4028814853eec9aa0153eecb351a004a', '4028814853cfd8090153cfda920e0006', '2016-04-07 11:36:48', '4028814853c63d0f0153c63d7d420004', '4028814853c63d0f0153c63d92ee0005', '01');
INSERT INTO `iot_scene_log` VALUES ('4028814853eec9aa0153eecb35fc004c', '4028814853cfd8090153cfda920e0006', '2016-04-07 11:36:48', '4028814853c63d0f0153c63d7d420004', '402881f153c69c9a0153c6a9121b0014', '01');
INSERT INTO `iot_scene_log` VALUES ('4028814853eec9aa0153eecb3adc004e', '4028814853cfd8090153cfda920e0006', '2016-04-07 11:36:49', '4028814853c63d0f0153c63d7d420004', '4028814853c640db0153c64dacbb0009', '00');
INSERT INTO `iot_scene_log` VALUES ('4028814853eec9aa0153eecb4b6e0050', '4028814853cfd8090153cfda920e0006', '2016-04-07 11:36:53', '4028814853c63d0f0153c63d7d420004', '4028814853c63d0f0153c63d92ee0005', '01');
INSERT INTO `iot_scene_log` VALUES ('4028814853eec9aa0153eecb4c460052', '4028814853cfd8090153cfda920e0006', '2016-04-07 11:36:54', '4028814853c63d0f0153c63d7d420004', '402881f153c69c9a0153c6a9121b0014', '01');
INSERT INTO `iot_scene_log` VALUES ('4028814853eec9aa0153eecb51120054', '4028814853cfd8090153cfda920e0006', '2016-04-07 11:36:55', '4028814853c63d0f0153c63d7d420004', '4028814853c640db0153c64dacbb0009', '00');
INSERT INTO `iot_scene_log` VALUES ('4028814853eec9aa0153eecb61a60056', '4028814853cfd8090153cfda920e0006', '2016-04-07 11:36:59', '4028814853c63d0f0153c63d7d420004', '4028814853c63d0f0153c63d92ee0005', '01');
INSERT INTO `iot_scene_log` VALUES ('4028814853eec9aa0153eecb62890058', '4028814853cfd8090153cfda920e0006', '2016-04-07 11:36:59', '4028814853c63d0f0153c63d7d420004', '402881f153c69c9a0153c6a9121b0014', '01');
INSERT INTO `iot_scene_log` VALUES ('4028814853eec9aa0153eecb6776005a', '4028814853cfd8090153cfda920e0006', '2016-04-07 11:37:01', '4028814853c63d0f0153c63d7d420004', '4028814853c640db0153c64dacbb0009', '00');
INSERT INTO `iot_scene_log` VALUES ('4028814853eec9aa0153eecb781d005c', '4028814853cfd8090153cfda920e0006', '2016-04-07 11:37:05', '4028814853c63d0f0153c63d7d420004', '4028814853c63d0f0153c63d92ee0005', '01');
INSERT INTO `iot_scene_log` VALUES ('4028814853eec9aa0153eecb7907005e', '4028814853cfd8090153cfda920e0006', '2016-04-07 11:37:05', '4028814853c63d0f0153c63d7d420004', '402881f153c69c9a0153c6a9121b0014', '01');
INSERT INTO `iot_scene_log` VALUES ('4028814853eec9aa0153eecb7dde0060', '4028814853cfd8090153cfda920e0006', '2016-04-07 11:37:06', '4028814853c63d0f0153c63d7d420004', '4028814853c640db0153c64dacbb0009', '00');
INSERT INTO `iot_scene_log` VALUES ('4028814853eec9aa0153eecb8e8c0062', '4028814853cfd8090153cfda920e0006', '2016-04-07 11:37:11', '4028814853c63d0f0153c63d7d420004', '4028814853c63d0f0153c63d92ee0005', '01');
INSERT INTO `iot_scene_log` VALUES ('4028814853eec9aa0153eecb8fa80064', '4028814853cfd8090153cfda920e0006', '2016-04-07 11:37:11', '4028814853c63d0f0153c63d7d420004', '402881f153c69c9a0153c6a9121b0014', '01');
INSERT INTO `iot_scene_log` VALUES ('4028814853eec9aa0153eecb94880066', '4028814853cfd8090153cfda920e0006', '2016-04-07 11:37:12', '4028814853c63d0f0153c63d7d420004', '4028814853c640db0153c64dacbb0009', '00');
INSERT INTO `iot_scene_log` VALUES ('4028814853eec9aa0153eecba5210068', '4028814853cfd8090153cfda920e0006', '2016-04-07 11:37:16', '4028814853c63d0f0153c63d7d420004', '4028814853c63d0f0153c63d92ee0005', '01');
INSERT INTO `iot_scene_log` VALUES ('4028814853eec9aa0153eecba612006a', '4028814853cfd8090153cfda920e0006', '2016-04-07 11:37:17', '4028814853c63d0f0153c63d7d420004', '402881f153c69c9a0153c6a9121b0014', '01');
INSERT INTO `iot_scene_log` VALUES ('4028814853eec9aa0153eecbaaeb006c', '4028814853cfd8090153cfda920e0006', '2016-04-07 11:37:18', '4028814853c63d0f0153c63d7d420004', '4028814853c640db0153c64dacbb0009', '00');
INSERT INTO `iot_scene_log` VALUES ('4028814853eec9aa0153eecbbba0006e', '4028814853cfd8090153cfda920e0006', '2016-04-07 11:37:22', '4028814853c63d0f0153c63d7d420004', '4028814853c63d0f0153c63d92ee0005', '01');
INSERT INTO `iot_scene_log` VALUES ('4028814853eec9aa0153eecbc2b00070', '4028814853cfd8090153cfda920e0006', '2016-04-07 11:37:24', '4028814853c63d0f0153c63d7d420004', '402881f153c69c9a0153c6a9121b0014', '01');
INSERT INTO `iot_scene_log` VALUES ('4028814853eec9aa0153eecbcad60072', '4028814853cfd8090153cfda920e0006', '2016-04-07 11:37:26', '4028814853c63d0f0153c63d7d420004', '4028814853c640db0153c64dacbb0009', '00');
INSERT INTO `iot_scene_log` VALUES ('4028814853eec9aa0153eecbdb770074', '4028814853cfd8090153cfda920e0006', '2016-04-07 11:37:30', '4028814853c63d0f0153c63d7d420004', '4028814853c63d0f0153c63d92ee0005', '01');
INSERT INTO `iot_scene_log` VALUES ('4028814853eec9aa0153eecbdc600076', '4028814853cfd8090153cfda920e0006', '2016-04-07 11:37:30', '4028814853c63d0f0153c63d7d420004', '402881f153c69c9a0153c6a9121b0014', '01');
INSERT INTO `iot_scene_log` VALUES ('4028814853eec9aa0153eecbe12f0078', '4028814853cfd8090153cfda920e0006', '2016-04-07 11:37:32', '4028814853c63d0f0153c63d7d420004', '4028814853c640db0153c64dacbb0009', '00');
INSERT INTO `iot_scene_log` VALUES ('4028814853eec9aa0153eecbf1dd007a', '4028814853cfd8090153cfda920e0006', '2016-04-07 11:37:36', '4028814853c63d0f0153c63d7d420004', '4028814853c63d0f0153c63d92ee0005', '01');
INSERT INTO `iot_scene_log` VALUES ('4028814853eec9aa0153eecbf2d1007c', '4028814853cfd8090153cfda920e0006', '2016-04-07 11:37:36', '4028814853c63d0f0153c63d7d420004', '402881f153c69c9a0153c6a9121b0014', '01');
INSERT INTO `iot_scene_log` VALUES ('4028814853eec9aa0153eecbf7ac007e', '4028814853cfd8090153cfda920e0006', '2016-04-07 11:37:37', '4028814853c63d0f0153c63d7d420004', '4028814853c640db0153c64dacbb0009', '00');
INSERT INTO `iot_scene_log` VALUES ('4028814853eec9aa0153eecc08610080', '4028814853cfd8090153cfda920e0006', '2016-04-07 11:37:42', '4028814853c63d0f0153c63d7d420004', '4028814853c63d0f0153c63d92ee0005', '01');
INSERT INTO `iot_scene_log` VALUES ('4028814853eec9aa0153eecc094d0082', '4028814853cfd8090153cfda920e0006', '2016-04-07 11:37:42', '4028814853c63d0f0153c63d7d420004', '402881f153c69c9a0153c6a9121b0014', '01');
INSERT INTO `iot_scene_log` VALUES ('4028814853eec9aa0153eecc0e1f0084', '4028814853cfd8090153cfda920e0006', '2016-04-07 11:37:43', '4028814853c63d0f0153c63d7d420004', '4028814853c640db0153c64dacbb0009', '00');
INSERT INTO `iot_scene_log` VALUES ('4028814853eec9aa0153eecc1ebb0086', '4028814853cfd8090153cfda920e0006', '2016-04-07 11:37:47', '4028814853c63d0f0153c63d7d420004', '4028814853c63d0f0153c63d92ee0005', '01');
INSERT INTO `iot_scene_log` VALUES ('4028814853eec9aa0153eecc1f980088', '4028814853cfd8090153cfda920e0006', '2016-04-07 11:37:48', '4028814853c63d0f0153c63d7d420004', '402881f153c69c9a0153c6a9121b0014', '01');
INSERT INTO `iot_scene_log` VALUES ('4028814853eec9aa0153eecc2470008a', '4028814853cfd8090153cfda920e0006', '2016-04-07 11:37:49', '4028814853c63d0f0153c63d7d420004', '4028814853c640db0153c64dacbb0009', '00');
INSERT INTO `iot_scene_log` VALUES ('4028814853eec9aa0153eecc351c008c', '4028814853cfd8090153cfda920e0006', '2016-04-07 11:37:53', '4028814853c63d0f0153c63d7d420004', '4028814853c63d0f0153c63d92ee0005', '01');
INSERT INTO `iot_scene_log` VALUES ('4028814853eec9aa0153eecc3605008e', '4028814853cfd8090153cfda920e0006', '2016-04-07 11:37:53', '4028814853c63d0f0153c63d7d420004', '402881f153c69c9a0153c6a9121b0014', '01');
INSERT INTO `iot_scene_log` VALUES ('4028814853eec9aa0153eecc3ad00090', '4028814853cfd8090153cfda920e0006', '2016-04-07 11:37:55', '4028814853c63d0f0153c63d7d420004', '4028814853c640db0153c64dacbb0009', '00');
INSERT INTO `iot_scene_log` VALUES ('4028814853eec9aa0153eecc4b680092', '4028814853cfd8090153cfda920e0006', '2016-04-07 11:37:59', '4028814853c63d0f0153c63d7d420004', '4028814853c63d0f0153c63d92ee0005', '01');
INSERT INTO `iot_scene_log` VALUES ('4028814853eec9aa0153eecc4c490094', '4028814853cfd8090153cfda920e0006', '2016-04-07 11:37:59', '4028814853c63d0f0153c63d7d420004', '402881f153c69c9a0153c6a9121b0014', '01');
INSERT INTO `iot_scene_log` VALUES ('4028814853eec9aa0153eecc51080096', '4028814853cfd8090153cfda920e0006', '2016-04-07 11:38:00', '4028814853c63d0f0153c63d7d420004', '4028814853c640db0153c64dacbb0009', '00');
INSERT INTO `iot_scene_log` VALUES ('4028814853eec9aa0153eecc61b20098', '4028814853cfd8090153cfda920e0006', '2016-04-07 11:38:05', '4028814853c63d0f0153c63d7d420004', '4028814853c63d0f0153c63d92ee0005', '01');
INSERT INTO `iot_scene_log` VALUES ('4028814853eec9aa0153eecc629a009a', '4028814853cfd8090153cfda920e0006', '2016-04-07 11:38:05', '4028814853c63d0f0153c63d7d420004', '402881f153c69c9a0153c6a9121b0014', '01');
INSERT INTO `iot_scene_log` VALUES ('4028814853eec9aa0153eecc676f009c', '4028814853cfd8090153cfda920e0006', '2016-04-07 11:38:06', '4028814853c63d0f0153c63d7d420004', '4028814853c640db0153c64dacbb0009', '00');
INSERT INTO `iot_scene_log` VALUES ('4028814853eec9aa0153eecc780d009e', '4028814853cfd8090153cfda920e0006', '2016-04-07 11:38:10', '4028814853c63d0f0153c63d7d420004', '4028814853c63d0f0153c63d92ee0005', '01');
INSERT INTO `iot_scene_log` VALUES ('4028814853eec9aa0153eecc78ed00a0', '4028814853cfd8090153cfda920e0006', '2016-04-07 11:38:11', '4028814853c63d0f0153c63d7d420004', '402881f153c69c9a0153c6a9121b0014', '01');
INSERT INTO `iot_scene_log` VALUES ('4028814853eec9aa0153eecc7dbb00a2', '4028814853cfd8090153cfda920e0006', '2016-04-07 11:38:12', '4028814853c63d0f0153c63d7d420004', '4028814853c640db0153c64dacbb0009', '00');
INSERT INTO `iot_scene_log` VALUES ('4028814853eec9aa0153eecc8e6300a4', '4028814853cfd8090153cfda920e0006', '2016-04-07 11:38:16', '4028814853c63d0f0153c63d7d420004', '4028814853c63d0f0153c63d92ee0005', '01');
INSERT INTO `iot_scene_log` VALUES ('4028814853eec9aa0153eecc8f4500a6', '4028814853cfd8090153cfda920e0006', '2016-04-07 11:38:16', '4028814853c63d0f0153c63d7d420004', '402881f153c69c9a0153c6a9121b0014', '01');
INSERT INTO `iot_scene_log` VALUES ('4028814853eec9aa0153eecc940f00a8', '4028814853cfd8090153cfda920e0006', '2016-04-07 11:38:17', '4028814853c63d0f0153c63d7d420004', '4028814853c640db0153c64dacbb0009', '00');
INSERT INTO `iot_scene_log` VALUES ('4028814853eec9aa0153eecca4ae00aa', '4028814853cfd8090153cfda920e0006', '2016-04-07 11:38:22', '4028814853c63d0f0153c63d7d420004', '4028814853c63d0f0153c63d92ee0005', '01');
INSERT INTO `iot_scene_log` VALUES ('4028814853eec9aa0153eecca59700ac', '4028814853cfd8090153cfda920e0006', '2016-04-07 11:38:22', '4028814853c63d0f0153c63d7d420004', '402881f153c69c9a0153c6a9121b0014', '01');
INSERT INTO `iot_scene_log` VALUES ('4028814853eec9aa0153eeccaa6c00ae', '4028814853cfd8090153cfda920e0006', '2016-04-07 11:38:23', '4028814853c63d0f0153c63d7d420004', '4028814853c640db0153c64dacbb0009', '00');
INSERT INTO `iot_scene_log` VALUES ('4028814853eec9aa0153eeccbb1a00b0', '4028814853cfd8090153cfda920e0006', '2016-04-07 11:38:27', '4028814853c63d0f0153c63d7d420004', '4028814853c63d0f0153c63d92ee0005', '01');
INSERT INTO `iot_scene_log` VALUES ('4028814853eec9aa0153eeccbc0300b2', '4028814853cfd8090153cfda920e0006', '2016-04-07 11:38:28', '4028814853c63d0f0153c63d7d420004', '402881f153c69c9a0153c6a9121b0014', '01');
INSERT INTO `iot_scene_log` VALUES ('4028814853eec9aa0153eeccc0d600b4', '4028814853cfd8090153cfda920e0006', '2016-04-07 11:38:29', '4028814853c63d0f0153c63d7d420004', '4028814853c640db0153c64dacbb0009', '00');
INSERT INTO `iot_scene_log` VALUES ('4028814853eec9aa0153eeccd17a00b6', '4028814853cfd8090153cfda920e0006', '2016-04-07 11:38:33', '4028814853c63d0f0153c63d7d420004', '4028814853c63d0f0153c63d92ee0005', '01');
INSERT INTO `iot_scene_log` VALUES ('4028814853eec9aa0153eeccd24600b8', '4028814853cfd8090153cfda920e0006', '2016-04-07 11:38:33', '4028814853c63d0f0153c63d7d420004', '402881f153c69c9a0153c6a9121b0014', '01');
INSERT INTO `iot_scene_log` VALUES ('4028814853eec9aa0153eeccd71c00ba', '4028814853cfd8090153cfda920e0006', '2016-04-07 11:38:35', '4028814853c63d0f0153c63d7d420004', '4028814853c640db0153c64dacbb0009', '00');
INSERT INTO `iot_scene_log` VALUES ('4028814853eec9aa0153eecce7bf00bc', '4028814853cfd8090153cfda920e0006', '2016-04-07 11:38:39', '4028814853c63d0f0153c63d7d420004', '4028814853c63d0f0153c63d92ee0005', '01');
INSERT INTO `iot_scene_log` VALUES ('4028814853eec9aa0153eecce8ac00be', '4028814853cfd8090153cfda920e0006', '2016-04-07 11:38:39', '4028814853c63d0f0153c63d7d420004', '402881f153c69c9a0153c6a9121b0014', '01');
INSERT INTO `iot_scene_log` VALUES ('4028814853eec9aa0153eecced7800c0', '4028814853cfd8090153cfda920e0006', '2016-04-07 11:38:40', '4028814853c63d0f0153c63d7d420004', '4028814853c640db0153c64dacbb0009', '00');
INSERT INTO `iot_scene_log` VALUES ('4028814853eec9aa0153eeccfe2e00c2', '4028814853cfd8090153cfda920e0006', '2016-04-07 11:38:45', '4028814853c63d0f0153c63d7d420004', '4028814853c63d0f0153c63d92ee0005', '01');
INSERT INTO `iot_scene_log` VALUES ('4028814853eec9aa0153eecd027a00c4', '4028814853cfd8090153cfda920e0006', '2016-04-07 11:38:46', '4028814853c63d0f0153c63d7d420004', '402881f153c69c9a0153c6a9121b0014', '01');
INSERT INTO `iot_scene_log` VALUES ('4028814853eec9aa0153eecd073300c6', '4028814853cfd8090153cfda920e0006', '2016-04-07 11:38:47', '4028814853c63d0f0153c63d7d420004', '4028814853c640db0153c64dacbb0009', '00');
INSERT INTO `iot_scene_log` VALUES ('4028814853eec9aa0153eecd17d000c8', '4028814853cfd8090153cfda920e0006', '2016-04-07 11:38:51', '4028814853c63d0f0153c63d7d420004', '4028814853c63d0f0153c63d92ee0005', '01');
INSERT INTO `iot_scene_log` VALUES ('4028814853eec9aa0153eecd18b500ca', '4028814853cfd8090153cfda920e0006', '2016-04-07 11:38:51', '4028814853c63d0f0153c63d7d420004', '402881f153c69c9a0153c6a9121b0014', '01');
INSERT INTO `iot_scene_log` VALUES ('4028814853eec9aa0153eecd1d8b00cc', '4028814853cfd8090153cfda920e0006', '2016-04-07 11:38:53', '4028814853c63d0f0153c63d7d420004', '4028814853c640db0153c64dacbb0009', '00');
INSERT INTO `iot_scene_log` VALUES ('4028814853eec9aa0153eecd2e1c00ce', '4028814853cfd8090153cfda920e0006', '2016-04-07 11:38:57', '4028814853c63d0f0153c63d7d420004', '4028814853c63d0f0153c63d92ee0005', '01');
INSERT INTO `iot_scene_log` VALUES ('4028814853eec9aa0153eecd2f0600d0', '4028814853cfd8090153cfda920e0006', '2016-04-07 11:38:57', '4028814853c63d0f0153c63d7d420004', '402881f153c69c9a0153c6a9121b0014', '01');
INSERT INTO `iot_scene_log` VALUES ('4028814853eec9aa0153eecd33d300d2', '4028814853cfd8090153cfda920e0006', '2016-04-07 11:38:58', '4028814853c63d0f0153c63d7d420004', '4028814853c640db0153c64dacbb0009', '00');
INSERT INTO `iot_scene_log` VALUES ('4028814853eec9aa0153eecd447400d4', '4028814853cfd8090153cfda920e0006', '2016-04-07 11:39:03', '4028814853c63d0f0153c63d7d420004', '4028814853c63d0f0153c63d92ee0005', '01');
INSERT INTO `iot_scene_log` VALUES ('4028814853eec9aa0153eecd455c00d6', '4028814853cfd8090153cfda920e0006', '2016-04-07 11:39:03', '4028814853c63d0f0153c63d7d420004', '402881f153c69c9a0153c6a9121b0014', '01');
INSERT INTO `iot_scene_log` VALUES ('4028814853eec9aa0153eecd4a2f00d8', '4028814853cfd8090153cfda920e0006', '2016-04-07 11:39:04', '4028814853c63d0f0153c63d7d420004', '4028814853c640db0153c64dacbb0009', '00');
INSERT INTO `iot_scene_log` VALUES ('4028814853eec9aa0153eecd5ad100da', '4028814853cfd8090153cfda920e0006', '2016-04-07 11:39:08', '4028814853c63d0f0153c63d7d420004', '4028814853c63d0f0153c63d92ee0005', '01');
INSERT INTO `iot_scene_log` VALUES ('4028814853eec9aa0153eecd5bc700dc', '4028814853cfd8090153cfda920e0006', '2016-04-07 11:39:09', '4028814853c63d0f0153c63d7d420004', '402881f153c69c9a0153c6a9121b0014', '01');
INSERT INTO `iot_scene_log` VALUES ('4028814853eec9aa0153eecd60c000de', '4028814853cfd8090153cfda920e0006', '2016-04-07 11:39:10', '4028814853c63d0f0153c63d7d420004', '4028814853c640db0153c64dacbb0009', '00');
INSERT INTO `iot_scene_log` VALUES ('4028814853eec9aa0153eecd716c00e0', '4028814853cfd8090153cfda920e0006', '2016-04-07 11:39:14', '4028814853c63d0f0153c63d7d420004', '4028814853c63d0f0153c63d92ee0005', '01');
INSERT INTO `iot_scene_log` VALUES ('4028814853eec9aa0153eecd726400e2', '4028814853cfd8090153cfda920e0006', '2016-04-07 11:39:14', '4028814853c63d0f0153c63d7d420004', '402881f153c69c9a0153c6a9121b0014', '01');
INSERT INTO `iot_scene_log` VALUES ('4028814853eec9aa0153eecd773500e4', '4028814853cfd8090153cfda920e0006', '2016-04-07 11:39:16', '4028814853c63d0f0153c63d7d420004', '4028814853c640db0153c64dacbb0009', '00');
INSERT INTO `iot_scene_log` VALUES ('4028814853eec9aa0153eecd87e800e6', '4028814853cfd8090153cfda920e0006', '2016-04-07 11:39:20', '4028814853c63d0f0153c63d7d420004', '4028814853c63d0f0153c63d92ee0005', '01');
INSERT INTO `iot_scene_log` VALUES ('4028814853eec9aa0153eecd88d100e8', '4028814853cfd8090153cfda920e0006', '2016-04-07 11:39:20', '4028814853c63d0f0153c63d7d420004', '402881f153c69c9a0153c6a9121b0014', '01');
INSERT INTO `iot_scene_log` VALUES ('4028814853eec9aa0153eecd8da800ea', '4028814853cfd8090153cfda920e0006', '2016-04-07 11:39:21', '4028814853c63d0f0153c63d7d420004', '4028814853c640db0153c64dacbb0009', '00');
INSERT INTO `iot_scene_log` VALUES ('4028814853eec9aa0153eecd9e6100ec', '4028814853cfd8090153cfda920e0006', '2016-04-07 11:39:26', '4028814853c63d0f0153c63d7d420004', '4028814853c63d0f0153c63d92ee0005', '01');
INSERT INTO `iot_scene_log` VALUES ('4028814853eec9aa0153eecd9f5200ee', '4028814853cfd8090153cfda920e0006', '2016-04-07 11:39:26', '4028814853c63d0f0153c63d7d420004', '402881f153c69c9a0153c6a9121b0014', '01');
INSERT INTO `iot_scene_log` VALUES ('4028814853eec9aa0153eecda42400f0', '4028814853cfd8090153cfda920e0006', '2016-04-07 11:39:27', '4028814853c63d0f0153c63d7d420004', '4028814853c640db0153c64dacbb0009', '00');
INSERT INTO `iot_scene_log` VALUES ('4028814853eec9aa0153eecdb4c500f2', '4028814853cfd8090153cfda920e0006', '2016-04-07 11:39:31', '4028814853c63d0f0153c63d7d420004', '4028814853c63d0f0153c63d92ee0005', '01');
INSERT INTO `iot_scene_log` VALUES ('4028814853eec9aa0153eecdb5a900f4', '4028814853cfd8090153cfda920e0006', '2016-04-07 11:39:32', '4028814853c63d0f0153c63d7d420004', '402881f153c69c9a0153c6a9121b0014', '01');
INSERT INTO `iot_scene_log` VALUES ('4028814853eec9aa0153eecdba7d00f6', '4028814853cfd8090153cfda920e0006', '2016-04-07 11:39:33', '4028814853c63d0f0153c63d7d420004', '4028814853c640db0153c64dacbb0009', '00');
INSERT INTO `iot_scene_log` VALUES ('4028814853eec9aa0153eecdcb1200f8', '4028814853cfd8090153cfda920e0006', '2016-04-07 11:39:37', '4028814853c63d0f0153c63d7d420004', '4028814853c63d0f0153c63d92ee0005', '01');
INSERT INTO `iot_scene_log` VALUES ('4028814853eec9aa0153eecdcbf700fa', '4028814853cfd8090153cfda920e0006', '2016-04-07 11:39:37', '4028814853c63d0f0153c63d7d420004', '402881f153c69c9a0153c6a9121b0014', '01');
INSERT INTO `iot_scene_log` VALUES ('4028814853eec9aa0153eecdd0f000fc', '4028814853cfd8090153cfda920e0006', '2016-04-07 11:39:39', '4028814853c63d0f0153c63d7d420004', '4028814853c640db0153c64dacbb0009', '00');
INSERT INTO `iot_scene_log` VALUES ('4028814853eec9aa0153eecde19400fe', '4028814853cfd8090153cfda920e0006', '2016-04-07 11:39:43', '4028814853c63d0f0153c63d7d420004', '4028814853c63d0f0153c63d92ee0005', '01');
INSERT INTO `iot_scene_log` VALUES ('4028814853eec9aa0153eecde2770100', '4028814853cfd8090153cfda920e0006', '2016-04-07 11:39:43', '4028814853c63d0f0153c63d7d420004', '402881f153c69c9a0153c6a9121b0014', '01');
INSERT INTO `iot_scene_log` VALUES ('4028814853eec9aa0153eecde74b0102', '4028814853cfd8090153cfda920e0006', '2016-04-07 11:39:44', '4028814853c63d0f0153c63d7d420004', '4028814853c640db0153c64dacbb0009', '00');
INSERT INTO `iot_scene_log` VALUES ('4028814853eec9aa0153eecdf81b0104', '4028814853cfd8090153cfda920e0006', '2016-04-07 11:39:49', '4028814853c63d0f0153c63d7d420004', '4028814853c63d0f0153c63d92ee0005', '01');
INSERT INTO `iot_scene_log` VALUES ('4028814853eec9aa0153eecdf9200106', '4028814853cfd8090153cfda920e0006', '2016-04-07 11:39:49', '4028814853c63d0f0153c63d7d420004', '402881f153c69c9a0153c6a9121b0014', '01');
INSERT INTO `iot_scene_log` VALUES ('4028814853eec9aa0153eecdfdfc0108', '4028814853cfd8090153cfda920e0006', '2016-04-07 11:39:50', '4028814853c63d0f0153c63d7d420004', '4028814853c640db0153c64dacbb0009', '00');
INSERT INTO `iot_scene_log` VALUES ('4028814853eec9aa0153eece0ea5010a', '4028814853cfd8090153cfda920e0006', '2016-04-07 11:39:54', '4028814853c63d0f0153c63d7d420004', '4028814853c63d0f0153c63d92ee0005', '01');
INSERT INTO `iot_scene_log` VALUES ('4028814853eec9aa0153eece0f8a010c', '4028814853cfd8090153cfda920e0006', '2016-04-07 11:39:55', '4028814853c63d0f0153c63d7d420004', '402881f153c69c9a0153c6a9121b0014', '01');
INSERT INTO `iot_scene_log` VALUES ('4028814853eec9aa0153eece1461010e', '4028814853cfd8090153cfda920e0006', '2016-04-07 11:39:56', '4028814853c63d0f0153c63d7d420004', '4028814853c640db0153c64dacbb0009', '00');
INSERT INTO `iot_scene_log` VALUES ('4028814853eec9aa0153eece25050110', '4028814853cfd8090153cfda920e0006', '2016-04-07 11:40:00', '4028814853c63d0f0153c63d7d420004', '4028814853c63d0f0153c63d92ee0005', '01');
INSERT INTO `iot_scene_log` VALUES ('4028814853eec9aa0153eece25ec0112', '4028814853cfd8090153cfda920e0006', '2016-04-07 11:40:00', '4028814853c63d0f0153c63d7d420004', '402881f153c69c9a0153c6a9121b0014', '01');
INSERT INTO `iot_scene_log` VALUES ('4028814853eec9aa0153eece2ab50114', '4028814853cfd8090153cfda920e0006', '2016-04-07 11:40:02', '4028814853c63d0f0153c63d7d420004', '4028814853c640db0153c64dacbb0009', '00');
INSERT INTO `iot_scene_log` VALUES ('4028814853eec9aa0153eed005240116', '4028814853cfd8090153cfda920e0006', '2016-04-07 11:42:03', '4028814853c63d0f0153c63d7d420004', '4028814853c63d0f0153c63d92ee0005', '01');
INSERT INTO `iot_scene_log` VALUES ('4028814853eec9aa0153eed005fe0118', '4028814853cfd8090153cfda920e0006', '2016-04-07 11:42:03', '4028814853c63d0f0153c63d7d420004', '402881f153c69c9a0153c6a9121b0014', '01');
INSERT INTO `iot_scene_log` VALUES ('4028814853eec9aa0153eed00ace011a', '4028814853cfd8090153cfda920e0006', '2016-04-07 11:42:05', '4028814853c63d0f0153c63d7d420004', '4028814853c640db0153c64dacbb0009', '00');
INSERT INTO `iot_scene_log` VALUES ('4028814853eec9aa0153eed01b64011c', '4028814853cfd8090153cfda920e0006', '2016-04-07 11:42:09', '4028814853c63d0f0153c63d7d420004', '4028814853c63d0f0153c63d92ee0005', '01');
INSERT INTO `iot_scene_log` VALUES ('4028814853eec9aa0153eed01c59011e', '4028814853cfd8090153cfda920e0006', '2016-04-07 11:42:09', '4028814853c63d0f0153c63d7d420004', '402881f153c69c9a0153c6a9121b0014', '01');
INSERT INTO `iot_scene_log` VALUES ('4028814853eec9aa0153eed021170120', '4028814853cfd8090153cfda920e0006', '2016-04-07 11:42:10', '4028814853c63d0f0153c63d7d420004', '4028814853c640db0153c64dacbb0009', '00');
INSERT INTO `iot_scene_log` VALUES ('4028814853eec9aa0153eed031bd0122', '4028814853cfd8090153cfda920e0006', '2016-04-07 11:42:14', '4028814853c63d0f0153c63d7d420004', '4028814853c63d0f0153c63d92ee0005', '01');
INSERT INTO `iot_scene_log` VALUES ('4028814853eec9aa0153eed032a70124', '4028814853cfd8090153cfda920e0006', '2016-04-07 11:42:15', '4028814853c63d0f0153c63d7d420004', '402881f153c69c9a0153c6a9121b0014', '01');
INSERT INTO `iot_scene_log` VALUES ('4028814853eec9aa0153eed037700126', '4028814853cfd8090153cfda920e0006', '2016-04-07 11:42:16', '4028814853c63d0f0153c63d7d420004', '4028814853c640db0153c64dacbb0009', '00');
INSERT INTO `iot_scene_log` VALUES ('4028814853eec9aa0153eed0480e0128', '4028814853cfd8090153cfda920e0006', '2016-04-07 11:42:20', '4028814853c63d0f0153c63d7d420004', '4028814853c63d0f0153c63d92ee0005', '01');
INSERT INTO `iot_scene_log` VALUES ('4028814853eec9aa0153eed048ff012a', '4028814853cfd8090153cfda920e0006', '2016-04-07 11:42:20', '4028814853c63d0f0153c63d7d420004', '402881f153c69c9a0153c6a9121b0014', '01');
INSERT INTO `iot_scene_log` VALUES ('4028814853eec9aa0153eed04dce012c', '4028814853cfd8090153cfda920e0006', '2016-04-07 11:42:22', '4028814853c63d0f0153c63d7d420004', '4028814853c640db0153c64dacbb0009', '00');
INSERT INTO `iot_scene_log` VALUES ('4028814853eec9aa0153eed05e74012e', '4028814853cfd8090153cfda920e0006', '2016-04-07 11:42:26', '4028814853c63d0f0153c63d7d420004', '4028814853c63d0f0153c63d92ee0005', '01');
INSERT INTO `iot_scene_log` VALUES ('4028814853eec9aa0153eed05f5b0130', '4028814853cfd8090153cfda920e0006', '2016-04-07 11:42:26', '4028814853c63d0f0153c63d7d420004', '402881f153c69c9a0153c6a9121b0014', '01');
INSERT INTO `iot_scene_log` VALUES ('4028814853eec9aa0153eed064300132', '4028814853cfd8090153cfda920e0006', '2016-04-07 11:42:27', '4028814853c63d0f0153c63d7d420004', '4028814853c640db0153c64dacbb0009', '00');
INSERT INTO `iot_scene_log` VALUES ('4028814853eec9aa0153eed074d40134', '4028814853cfd8090153cfda920e0006', '2016-04-07 11:42:32', '4028814853c63d0f0153c63d7d420004', '4028814853c63d0f0153c63d92ee0005', '01');
INSERT INTO `iot_scene_log` VALUES ('4028814853eec9aa0153eed075b90136', '4028814853cfd8090153cfda920e0006', '2016-04-07 11:42:32', '4028814853c63d0f0153c63d7d420004', '402881f153c69c9a0153c6a9121b0014', '01');
INSERT INTO `iot_scene_log` VALUES ('4028814853eec9aa0153eed07a9c0138', '4028814853cfd8090153cfda920e0006', '2016-04-07 11:42:33', '4028814853c63d0f0153c63d7d420004', '4028814853c640db0153c64dacbb0009', '00');
INSERT INTO `iot_scene_log` VALUES ('4028814853eec9aa0153eed08b49013a', '4028814853cfd8090153cfda920e0006', '2016-04-07 11:42:37', '4028814853c63d0f0153c63d7d420004', '4028814853c63d0f0153c63d92ee0005', '01');
INSERT INTO `iot_scene_log` VALUES ('4028814853eec9aa0153eed08c28013c', '4028814853cfd8090153cfda920e0006', '2016-04-07 11:42:38', '4028814853c63d0f0153c63d7d420004', '402881f153c69c9a0153c6a9121b0014', '01');
INSERT INTO `iot_scene_log` VALUES ('4028814853eec9aa0153eed09105013e', '4028814853cfd8090153cfda920e0006', '2016-04-07 11:42:39', '4028814853c63d0f0153c63d7d420004', '4028814853c640db0153c64dacbb0009', '00');
INSERT INTO `iot_scene_log` VALUES ('4028814853eec9aa0153eed0a19c0140', '4028814853cfd8090153cfda920e0006', '2016-04-07 11:42:43', '4028814853c63d0f0153c63d7d420004', '4028814853c63d0f0153c63d92ee0005', '01');
INSERT INTO `iot_scene_log` VALUES ('4028814853eec9aa0153eed0a26a0142', '4028814853cfd8090153cfda920e0006', '2016-04-07 11:42:43', '4028814853c63d0f0153c63d7d420004', '402881f153c69c9a0153c6a9121b0014', '01');
INSERT INTO `iot_scene_log` VALUES ('4028814853eec9aa0153eed0a7430144', '4028814853cfd8090153cfda920e0006', '2016-04-07 11:42:45', '4028814853c63d0f0153c63d7d420004', '4028814853c640db0153c64dacbb0009', '00');
INSERT INTO `iot_scene_log` VALUES ('4028814853eec9aa0153eed0b7eb0146', '4028814853cfd8090153cfda920e0006', '2016-04-07 11:42:49', '4028814853c63d0f0153c63d7d420004', '4028814853c63d0f0153c63d92ee0005', '01');
INSERT INTO `iot_scene_log` VALUES ('4028814853eec9aa0153eed0b8ea0148', '4028814853cfd8090153cfda920e0006', '2016-04-07 11:42:49', '4028814853c63d0f0153c63d7d420004', '402881f153c69c9a0153c6a9121b0014', '01');
INSERT INTO `iot_scene_log` VALUES ('4028814853eec9aa0153eed0bdb7014a', '4028814853cfd8090153cfda920e0006', '2016-04-07 11:42:50', '4028814853c63d0f0153c63d7d420004', '4028814853c640db0153c64dacbb0009', '00');
INSERT INTO `iot_scene_log` VALUES ('4028814853eec9aa0153eed0ce67014c', '4028814853cfd8090153cfda920e0006', '2016-04-07 11:42:55', '4028814853c63d0f0153c63d7d420004', '4028814853c63d0f0153c63d92ee0005', '01');
INSERT INTO `iot_scene_log` VALUES ('4028814853eec9aa0153eed0cf66014e', '4028814853cfd8090153cfda920e0006', '2016-04-07 11:42:55', '4028814853c63d0f0153c63d7d420004', '402881f153c69c9a0153c6a9121b0014', '01');
INSERT INTO `iot_scene_log` VALUES ('4028814853eec9aa0153eed0d4390150', '4028814853cfd8090153cfda920e0006', '2016-04-07 11:42:56', '4028814853c63d0f0153c63d7d420004', '4028814853c640db0153c64dacbb0009', '00');
INSERT INTO `iot_scene_log` VALUES ('4028814853eec9aa0153eed0e4e30152', '4028814853cfd8090153cfda920e0006', '2016-04-07 11:43:00', '4028814853c63d0f0153c63d7d420004', '4028814853c63d0f0153c63d92ee0005', '01');
INSERT INTO `iot_scene_log` VALUES ('4028814853eec9aa0153eed0e5cd0154', '4028814853cfd8090153cfda920e0006', '2016-04-07 11:43:01', '4028814853c63d0f0153c63d7d420004', '402881f153c69c9a0153c6a9121b0014', '01');
INSERT INTO `iot_scene_log` VALUES ('4028814853eec9aa0153eed0eaaf0156', '4028814853cfd8090153cfda920e0006', '2016-04-07 11:43:02', '4028814853c63d0f0153c63d7d420004', '4028814853c640db0153c64dacbb0009', '00');
INSERT INTO `iot_scene_log` VALUES ('4028814853eec9aa0153eed0fb4f0158', '4028814853cfd8090153cfda920e0006', '2016-04-07 11:43:06', '4028814853c63d0f0153c63d7d420004', '4028814853c63d0f0153c63d92ee0005', '01');
INSERT INTO `iot_scene_log` VALUES ('4028814853eec9aa0153eed0fc46015a', '4028814853cfd8090153cfda920e0006', '2016-04-07 11:43:06', '4028814853c63d0f0153c63d7d420004', '402881f153c69c9a0153c6a9121b0014', '01');
INSERT INTO `iot_scene_log` VALUES ('4028814853eec9aa0153eed10139015c', '4028814853cfd8090153cfda920e0006', '2016-04-07 11:43:08', '4028814853c63d0f0153c63d7d420004', '4028814853c640db0153c64dacbb0009', '00');
INSERT INTO `iot_scene_log` VALUES ('4028814853eec9aa0153eed1154b015e', '4028814853cfd8090153cfda920e0006', '2016-04-07 11:43:13', '4028814853c63d0f0153c63d7d420004', '4028814853c63d0f0153c63d92ee0005', '01');
INSERT INTO `iot_scene_log` VALUES ('4028814853eec9aa0153eed116260160', '4028814853cfd8090153cfda920e0006', '2016-04-07 11:43:13', '4028814853c63d0f0153c63d7d420004', '402881f153c69c9a0153c6a9121b0014', '01');
INSERT INTO `iot_scene_log` VALUES ('4028814853eec9aa0153eed11e6e0162', '4028814853cfd8090153cfda920e0006', '2016-04-07 11:43:15', '4028814853c63d0f0153c63d7d420004', '4028814853c640db0153c64dacbb0009', '00');
INSERT INTO `iot_scene_log` VALUES ('4028814853eec9aa0153eed12efc0164', '4028814853cfd8090153cfda920e0006', '2016-04-07 11:43:19', '4028814853c63d0f0153c63d7d420004', '4028814853c63d0f0153c63d92ee0005', '01');
INSERT INTO `iot_scene_log` VALUES ('4028814853eec9aa0153eed133430166', '4028814853cfd8090153cfda920e0006', '2016-04-07 11:43:20', '4028814853c63d0f0153c63d7d420004', '402881f153c69c9a0153c6a9121b0014', '01');
INSERT INTO `iot_scene_log` VALUES ('4028814853eed9540153eedbacc4000a', '4028814853eed9540153eeda14500003', '2016-04-07 11:54:47', '4028814853c63d0f0153c63d7d420004', '4028814853c63d0f0153c63d92ef0007', '01');
INSERT INTO `iot_scene_log` VALUES ('4028814853eed9540153eee09c3c000d', '4028814853cfd8090153cfda920e0006', '2016-04-07 12:00:10', '4028814853c63d0f0153c63d7d420004', '4028814853c63d0f0153c63d92ee0005', '01');
INSERT INTO `iot_scene_log` VALUES ('4028814853eed9540153eee09dc3000f', '4028814853cfd8090153cfda920e0006', '2016-04-07 12:00:11', '4028814853c63d0f0153c63d7d420004', '402881f153c69c9a0153c6a9121b0014', '01');
INSERT INTO `iot_scene_log` VALUES ('4028814853eed9540153eee0fdaf0011', '4028814853cfd8090153cfda920e0006', '2016-04-07 12:00:35', '4028814853c63d0f0153c63d7d420004', '4028814853c640db0153c64dacbb0009', '00');
INSERT INTO `iot_scene_log` VALUES ('4028814853f39e1d0153f39e1d040000', '4028814853eed9540153eeda14500003', '2016-04-08 10:05:38', '4028814853c63d0f0153c63d7d420004', '4028814853c63d0f0153c63d92ef0007', '01');
INSERT INTO `iot_scene_log` VALUES ('4028814854034f1e0154034f1e0a0000', '4028814853eed9540153eeda14500003', '2016-04-11 11:13:17', '4028814853c63d0f0153c63d7d420004', '4028814853c63d0f0153c63d92ef0007', '01');
INSERT INTO `iot_scene_log` VALUES ('40288148540eecea01540ef4bab20007', '40288148540ece3d01540ed6e16c000e', '2016-04-13 17:30:00', '402881485336c9f4015336e3f0bd004a', '40288148540ece3d01540ece8b720004', '00');
INSERT INTO `iot_scene_log` VALUES ('402881485412dff8015412ed062e000a', '40288148540ece3d01540ed61a3e000c', '2016-04-14 12:00:04', '402881485336c9f4015336e41f03004b', '40288148533a008f01533a21e2a7007d', '01');
INSERT INTO `iot_scene_log` VALUES ('402881485412dff8015412ed070b000c', '40288148540ece3d01540ed61a3e000c', '2016-04-14 12:00:04', '402881485336c9f4015336e41f03004b', '40288148540f236f01540f2411320005', '01');
INSERT INTO `iot_scene_log` VALUES ('402881485412dff8015412ed0bcf000e', '40288148540ece3d01540ed61a3e000c', '2016-04-14 12:00:05', '402881485336c9f4015336e41f03004b', '40288148533a008f01533a21e2a8007e', '00');
INSERT INTO `iot_scene_log` VALUES ('402881485412dff80154157e11b8001d', '40288148540ece3d01540ed61a3e000c', '2016-04-14 23:57:44', '402881485336c9f4015336e41f03004b', '40288148533a008f01533a21e2a7007d', '01');
INSERT INTO `iot_scene_log` VALUES ('402881485412dff80154157e12a7001f', '40288148540ece3d01540ed61a3e000c', '2016-04-14 23:57:44', '402881485336c9f4015336e41f03004b', '40288148540f236f01540f2411320005', '01');
INSERT INTO `iot_scene_log` VALUES ('402881485412dff80154157e177b0021', '40288148540ece3d01540ed61a3e000c', '2016-04-14 23:57:45', '402881485336c9f4015336e41f03004b', '40288148533a008f01533a21e2a8007e', '00');
INSERT INTO `iot_scene_log` VALUES ('402881485412dff80154157e28450023', '40288148540ece3d01540ed61a3e000c', '2016-04-14 23:57:50', '402881485336c9f4015336e41f03004b', '40288148533a008f01533a21e2a7007d', '01');
INSERT INTO `iot_scene_log` VALUES ('402881485412dff80154157e29290025', '40288148540ece3d01540ed61a3e000c', '2016-04-14 23:57:50', '402881485336c9f4015336e41f03004b', '40288148540f236f01540f2411320005', '01');
INSERT INTO `iot_scene_log` VALUES ('402881485412dff80154157e2dfc0027', '40288148540ece3d01540ed61a3e000c', '2016-04-14 23:57:51', '402881485336c9f4015336e41f03004b', '40288148533a008f01533a21e2a8007e', '00');
INSERT INTO `iot_scene_log` VALUES ('402881485412dff80154157e3eb20029', '40288148540ece3d01540ed61a3e000c', '2016-04-14 23:57:55', '402881485336c9f4015336e41f03004b', '40288148533a008f01533a21e2a7007d', '01');
INSERT INTO `iot_scene_log` VALUES ('402881485412dff80154157e3f91002b', '40288148540ece3d01540ed61a3e000c', '2016-04-14 23:57:55', '402881485336c9f4015336e41f03004b', '40288148540f236f01540f2411320005', '01');
INSERT INTO `iot_scene_log` VALUES ('402881485412dff80154157e4474002d', '40288148540ece3d01540ed61a3e000c', '2016-04-14 23:57:57', '402881485336c9f4015336e41f03004b', '40288148533a008f01533a21e2a8007e', '00');
INSERT INTO `iot_scene_log` VALUES ('402881485412dff80154157e5519002f', '40288148540ece3d01540ed61a3e000c', '2016-04-14 23:58:01', '402881485336c9f4015336e41f03004b', '40288148533a008f01533a21e2a7007d', '01');
INSERT INTO `iot_scene_log` VALUES ('402881485412dff80154157e55e10031', '40288148540ece3d01540ed61a3e000c', '2016-04-14 23:58:01', '402881485336c9f4015336e41f03004b', '40288148540f236f01540f2411320005', '01');
INSERT INTO `iot_scene_log` VALUES ('402881485412dff80154157e5ab10033', '40288148540ece3d01540ed61a3e000c', '2016-04-14 23:58:02', '402881485336c9f4015336e41f03004b', '40288148533a008f01533a21e2a8007e', '00');
INSERT INTO `iot_scene_log` VALUES ('402881485412dff80154157e6b630035', '40288148540ece3d01540ed61a3e000c', '2016-04-14 23:58:07', '402881485336c9f4015336e41f03004b', '40288148533a008f01533a21e2a7007d', '01');
INSERT INTO `iot_scene_log` VALUES ('402881485412dff80154157e6c470037', '40288148540ece3d01540ed61a3e000c', '2016-04-14 23:58:07', '402881485336c9f4015336e41f03004b', '40288148540f236f01540f2411320005', '01');
INSERT INTO `iot_scene_log` VALUES ('402881485412dff80154157e711c0039', '40288148540ece3d01540ed61a3e000c', '2016-04-14 23:58:08', '402881485336c9f4015336e41f03004b', '40288148533a008f01533a21e2a8007e', '00');
INSERT INTO `iot_scene_log` VALUES ('402881485412dff80154157e81d2003b', '40288148540ece3d01540ed61a3e000c', '2016-04-14 23:58:12', '402881485336c9f4015336e41f03004b', '40288148533a008f01533a21e2a7007d', '01');
INSERT INTO `iot_scene_log` VALUES ('402881485412dff80154157e82bf003d', '40288148540ece3d01540ed61a3e000c', '2016-04-14 23:58:13', '402881485336c9f4015336e41f03004b', '40288148540f236f01540f2411320005', '01');
INSERT INTO `iot_scene_log` VALUES ('402881485412dff80154157e8796003f', '40288148540ece3d01540ed61a3e000c', '2016-04-14 23:58:14', '402881485336c9f4015336e41f03004b', '40288148533a008f01533a21e2a8007e', '00');
INSERT INTO `iot_scene_log` VALUES ('402881485412dff80154157e98400041', '40288148540ece3d01540ed61a3e000c', '2016-04-14 23:58:18', '402881485336c9f4015336e41f03004b', '40288148533a008f01533a21e2a7007d', '01');
INSERT INTO `iot_scene_log` VALUES ('402881485412dff80154157e99280043', '40288148540ece3d01540ed61a3e000c', '2016-04-14 23:58:18', '402881485336c9f4015336e41f03004b', '40288148540f236f01540f2411320005', '01');
INSERT INTO `iot_scene_log` VALUES ('402881485412dff80154157e9dfd0045', '40288148540ece3d01540ed61a3e000c', '2016-04-14 23:58:20', '402881485336c9f4015336e41f03004b', '40288148533a008f01533a21e2a8007e', '00');
INSERT INTO `iot_scene_log` VALUES ('402881485412dff80154157eaea90047', '40288148540ece3d01540ed61a3e000c', '2016-04-14 23:58:24', '402881485336c9f4015336e41f03004b', '40288148533a008f01533a21e2a7007d', '01');
INSERT INTO `iot_scene_log` VALUES ('402881485412dff80154157eaf7c0049', '40288148540ece3d01540ed61a3e000c', '2016-04-14 23:58:24', '402881485336c9f4015336e41f03004b', '40288148540f236f01540f2411320005', '01');
INSERT INTO `iot_scene_log` VALUES ('402881485412dff80154157eb44d004b', '40288148540ece3d01540ed61a3e000c', '2016-04-14 23:58:25', '402881485336c9f4015336e41f03004b', '40288148533a008f01533a21e2a8007e', '00');
INSERT INTO `iot_scene_log` VALUES ('402881485412dff80154157ec4fe004d', '40288148540ece3d01540ed61a3e000c', '2016-04-14 23:58:30', '402881485336c9f4015336e41f03004b', '40288148533a008f01533a21e2a7007d', '01');
INSERT INTO `iot_scene_log` VALUES ('402881485412dff80154157ec5e1004f', '40288148540ece3d01540ed61a3e000c', '2016-04-14 23:58:30', '402881485336c9f4015336e41f03004b', '40288148540f236f01540f2411320005', '01');
INSERT INTO `iot_scene_log` VALUES ('402881485412dff80154157ecab90051', '40288148540ece3d01540ed61a3e000c', '2016-04-14 23:58:31', '402881485336c9f4015336e41f03004b', '40288148533a008f01533a21e2a8007e', '00');
INSERT INTO `iot_scene_log` VALUES ('402881485412dff80154157edb5c0053', '40288148540ece3d01540ed61a3e000c', '2016-04-14 23:58:35', '402881485336c9f4015336e41f03004b', '40288148533a008f01533a21e2a7007d', '01');
INSERT INTO `iot_scene_log` VALUES ('402881485412dff80154157edc420055', '40288148540ece3d01540ed61a3e000c', '2016-04-14 23:58:36', '402881485336c9f4015336e41f03004b', '40288148540f236f01540f2411320005', '01');
INSERT INTO `iot_scene_log` VALUES ('402881485412dff80154157ee1150057', '40288148540ece3d01540ed61a3e000c', '2016-04-14 23:58:37', '402881485336c9f4015336e41f03004b', '40288148533a008f01533a21e2a8007e', '00');
INSERT INTO `iot_scene_log` VALUES ('402881485412dff80154157ef2c30059', '40288148540ece3d01540ed61a3e000c', '2016-04-14 23:58:41', '402881485336c9f4015336e41f03004b', '40288148533a008f01533a21e2a7007d', '01');
INSERT INTO `iot_scene_log` VALUES ('402881485412dff80154157ef3a7005b', '40288148540ece3d01540ed61a3e000c', '2016-04-14 23:58:42', '402881485336c9f4015336e41f03004b', '40288148540f236f01540f2411320005', '01');
INSERT INTO `iot_scene_log` VALUES ('402881485412dff80154157ef88d005d', '40288148540ece3d01540ed61a3e000c', '2016-04-14 23:58:43', '402881485336c9f4015336e41f03004b', '40288148533a008f01533a21e2a8007e', '00');
INSERT INTO `iot_scene_log` VALUES ('402881485412dff80154157f0938005f', '40288148540ece3d01540ed61a3e000c', '2016-04-14 23:58:47', '402881485336c9f4015336e41f03004b', '40288148533a008f01533a21e2a7007d', '01');
INSERT INTO `iot_scene_log` VALUES ('402881485412dff80154157f0a220061', '40288148540ece3d01540ed61a3e000c', '2016-04-14 23:58:47', '402881485336c9f4015336e41f03004b', '40288148540f236f01540f2411320005', '01');
INSERT INTO `iot_scene_log` VALUES ('402881485412dff80154157f0ef80063', '40288148540ece3d01540ed61a3e000c', '2016-04-14 23:58:49', '402881485336c9f4015336e41f03004b', '40288148533a008f01533a21e2a8007e', '00');
INSERT INTO `iot_scene_log` VALUES ('402881485412dff80154157f1f8f0065', '40288148540ece3d01540ed61a3e000c', '2016-04-14 23:58:53', '402881485336c9f4015336e41f03004b', '40288148533a008f01533a21e2a7007d', '01');
INSERT INTO `iot_scene_log` VALUES ('402881485412dff80154157f20740067', '40288148540ece3d01540ed61a3e000c', '2016-04-14 23:58:53', '402881485336c9f4015336e41f03004b', '40288148540f236f01540f2411320005', '01');
INSERT INTO `iot_scene_log` VALUES ('402881485412dff80154157f25410069', '40288148540ece3d01540ed61a3e000c', '2016-04-14 23:58:54', '402881485336c9f4015336e41f03004b', '40288148533a008f01533a21e2a8007e', '00');
INSERT INTO `iot_scene_log` VALUES ('402881485412dff80154157f35e1006b', '40288148540ece3d01540ed61a3e000c', '2016-04-14 23:58:59', '402881485336c9f4015336e41f03004b', '40288148533a008f01533a21e2a7007d', '01');
INSERT INTO `iot_scene_log` VALUES ('402881485412dff80154157f36ca006d', '40288148540ece3d01540ed61a3e000c', '2016-04-14 23:58:59', '402881485336c9f4015336e41f03004b', '40288148540f236f01540f2411320005', '01');
INSERT INTO `iot_scene_log` VALUES ('402881485412dff80154157f3ba9006f', '40288148540ece3d01540ed61a3e000c', '2016-04-14 23:59:00', '402881485336c9f4015336e41f03004b', '40288148533a008f01533a21e2a8007e', '00');
INSERT INTO `iot_scene_log` VALUES ('402881485412dff80154157f4c590071', '40288148540ece3d01540ed61a3e000c', '2016-04-14 23:59:04', '402881485336c9f4015336e41f03004b', '40288148533a008f01533a21e2a7007d', '01');
INSERT INTO `iot_scene_log` VALUES ('402881485412dff80154157f4d4e0073', '40288148540ece3d01540ed61a3e000c', '2016-04-14 23:59:05', '402881485336c9f4015336e41f03004b', '40288148540f236f01540f2411320005', '01');
INSERT INTO `iot_scene_log` VALUES ('402881485412dff80154157f52270075', '40288148540ece3d01540ed61a3e000c', '2016-04-14 23:59:06', '402881485336c9f4015336e41f03004b', '40288148533a008f01533a21e2a8007e', '00');
INSERT INTO `iot_scene_log` VALUES ('402881485412dff80154157f62c60077', '40288148540ece3d01540ed61a3e000c', '2016-04-14 23:59:10', '402881485336c9f4015336e41f03004b', '40288148533a008f01533a21e2a7007d', '01');
INSERT INTO `iot_scene_log` VALUES ('402881485412dff80154157f63a90079', '40288148540ece3d01540ed61a3e000c', '2016-04-14 23:59:10', '402881485336c9f4015336e41f03004b', '40288148540f236f01540f2411320005', '01');
INSERT INTO `iot_scene_log` VALUES ('402881485412dff80154157f687e007b', '40288148540ece3d01540ed61a3e000c', '2016-04-14 23:59:11', '402881485336c9f4015336e41f03004b', '40288148533a008f01533a21e2a8007e', '00');
INSERT INTO `iot_scene_log` VALUES ('402881485412dff80154157f7930007d', '40288148540ece3d01540ed61a3e000c', '2016-04-14 23:59:16', '402881485336c9f4015336e41f03004b', '40288148533a008f01533a21e2a7007d', '01');
INSERT INTO `iot_scene_log` VALUES ('402881485412dff80154157f7a05007f', '40288148540ece3d01540ed61a3e000c', '2016-04-14 23:59:16', '402881485336c9f4015336e41f03004b', '40288148540f236f01540f2411320005', '01');
INSERT INTO `iot_scene_log` VALUES ('402881485412dff80154157f7ed90081', '40288148540ece3d01540ed61a3e000c', '2016-04-14 23:59:17', '402881485336c9f4015336e41f03004b', '40288148533a008f01533a21e2a8007e', '00');
INSERT INTO `iot_scene_log` VALUES ('402881485412dff80154157f8f830083', '40288148540ece3d01540ed61a3e000c', '2016-04-14 23:59:21', '402881485336c9f4015336e41f03004b', '40288148533a008f01533a21e2a7007d', '01');
INSERT INTO `iot_scene_log` VALUES ('402881485412dff80154157f90680085', '40288148540ece3d01540ed61a3e000c', '2016-04-14 23:59:22', '402881485336c9f4015336e41f03004b', '40288148540f236f01540f2411320005', '01');
INSERT INTO `iot_scene_log` VALUES ('402881485412dff80154157f953b0087', '40288148540ece3d01540ed61a3e000c', '2016-04-14 23:59:23', '402881485336c9f4015336e41f03004b', '40288148533a008f01533a21e2a8007e', '00');
INSERT INTO `iot_scene_log` VALUES ('402881485412dff80154157fa5f20089', '40288148540ece3d01540ed61a3e000c', '2016-04-14 23:59:27', '402881485336c9f4015336e41f03004b', '40288148533a008f01533a21e2a7007d', '01');
INSERT INTO `iot_scene_log` VALUES ('402881485412dff80154157fa6c9008b', '40288148540ece3d01540ed61a3e000c', '2016-04-14 23:59:27', '402881485336c9f4015336e41f03004b', '40288148540f236f01540f2411320005', '01');
INSERT INTO `iot_scene_log` VALUES ('402881485412dff80154157fab9a008d', '40288148540ece3d01540ed61a3e000c', '2016-04-14 23:59:29', '402881485336c9f4015336e41f03004b', '40288148533a008f01533a21e2a8007e', '00');
INSERT INTO `iot_scene_log` VALUES ('402881485412dff80154157fbc4b008f', '40288148540ece3d01540ed61a3e000c', '2016-04-14 23:59:33', '402881485336c9f4015336e41f03004b', '40288148533a008f01533a21e2a7007d', '01');
INSERT INTO `iot_scene_log` VALUES ('402881485412dff80154157fbd320091', '40288148540ece3d01540ed61a3e000c', '2016-04-14 23:59:33', '402881485336c9f4015336e41f03004b', '40288148540f236f01540f2411320005', '01');
INSERT INTO `iot_scene_log` VALUES ('402881485412dff80154157fc2040093', '40288148540ece3d01540ed61a3e000c', '2016-04-14 23:59:34', '402881485336c9f4015336e41f03004b', '40288148533a008f01533a21e2a8007e', '00');
INSERT INTO `iot_scene_log` VALUES ('402881485412dff80154157fd2ac0095', '40288148540ece3d01540ed61a3e000c', '2016-04-14 23:59:39', '402881485336c9f4015336e41f03004b', '40288148533a008f01533a21e2a7007d', '01');
INSERT INTO `iot_scene_log` VALUES ('402881485412dff80154157fd3970097', '40288148540ece3d01540ed61a3e000c', '2016-04-14 23:59:39', '402881485336c9f4015336e41f03004b', '40288148540f236f01540f2411320005', '01');
INSERT INTO `iot_scene_log` VALUES ('402881485412dff80154157fd86c0099', '40288148540ece3d01540ed61a3e000c', '2016-04-14 23:59:40', '402881485336c9f4015336e41f03004b', '40288148533a008f01533a21e2a8007e', '00');
INSERT INTO `iot_scene_log` VALUES ('402881485412dff80154157fe91a009b', '40288148540ece3d01540ed61a3e000c', '2016-04-14 23:59:44', '402881485336c9f4015336e41f03004b', '40288148533a008f01533a21e2a7007d', '01');
INSERT INTO `iot_scene_log` VALUES ('402881485412dff80154157fe9de009d', '40288148540ece3d01540ed61a3e000c', '2016-04-14 23:59:45', '402881485336c9f4015336e41f03004b', '40288148540f236f01540f2411320005', '01');
INSERT INTO `iot_scene_log` VALUES ('402881485412dff80154157feeaf009f', '40288148540ece3d01540ed61a3e000c', '2016-04-14 23:59:46', '402881485336c9f4015336e41f03004b', '40288148533a008f01533a21e2a8007e', '00');
INSERT INTO `iot_scene_log` VALUES ('402881485412dff80154157fff6a00a1', '40288148540ece3d01540ed61a3e000c', '2016-04-14 23:59:50', '402881485336c9f4015336e41f03004b', '40288148533a008f01533a21e2a7007d', '01');
INSERT INTO `iot_scene_log` VALUES ('402881485412dff801541580005900a3', '40288148540ece3d01540ed61a3e000c', '2016-04-14 23:59:50', '402881485336c9f4015336e41f03004b', '40288148540f236f01540f2411320005', '01');
INSERT INTO `iot_scene_log` VALUES ('402881485412dff801541580052f00a5', '40288148540ece3d01540ed61a3e000c', '2016-04-14 23:59:52', '402881485336c9f4015336e41f03004b', '40288148533a008f01533a21e2a8007e', '00');
INSERT INTO `iot_scene_log` VALUES ('402881485412dff80154158015d800a7', '40288148540ece3d01540ed61a3e000c', '2016-04-14 23:59:56', '402881485336c9f4015336e41f03004b', '40288148533a008f01533a21e2a7007d', '01');
INSERT INTO `iot_scene_log` VALUES ('402881485412dff80154158016b500a9', '40288148540ece3d01540ed61a3e000c', '2016-04-14 23:59:56', '402881485336c9f4015336e41f03004b', '40288148540f236f01540f2411320005', '01');
INSERT INTO `iot_scene_log` VALUES ('402881485412dff8015415801b9000ab', '40288148540ece3d01540ed61a3e000c', '2016-04-14 23:59:57', '402881485336c9f4015336e41f03004b', '40288148533a008f01533a21e2a8007e', '00');
INSERT INTO `iot_scene_log` VALUES ('4028814854177c0c0154178a04420004', '40288148540ece3d01540ed61a3e000c', '2016-04-15 09:30:01', '402881485336c9f4015336e41f03004b', '40288148533a008f01533a21e2a7007d', '01');
INSERT INTO `iot_scene_log` VALUES ('4028814854177c0c0154178a051b0006', '40288148540ece3d01540ed61a3e000c', '2016-04-15 09:30:01', '402881485336c9f4015336e41f03004b', '40288148540f236f01540f2411320005', '01');
INSERT INTO `iot_scene_log` VALUES ('4028814854177c0c0154178a09f30008', '40288148540ece3d01540ed61a3e000c', '2016-04-15 09:30:03', '402881485336c9f4015336e41f03004b', '40288148533a008f01533a21e2a8007e', '00');
INSERT INTO `iot_scene_log` VALUES ('402881485417c871015417c871420000', '40288148540ece3d01540ed61a3e000c', '2016-04-15 10:38:12', '402881485336c9f4015336e41f03004b', '40288148533a008f01533a21e2a7007d', '01');
INSERT INTO `iot_scene_log` VALUES ('402881485417c871015417c8722e0002', '40288148540ece3d01540ed61a3e000c', '2016-04-15 10:38:13', '402881485336c9f4015336e41f03004b', '40288148540f236f01540f2411320005', '01');
INSERT INTO `iot_scene_log` VALUES ('402881485417c871015417c877070004', '40288148540ece3d01540ed61a3e000c', '2016-04-15 10:38:14', '402881485336c9f4015336e41f03004b', '40288148533a008f01533a21e2a8007e', '00');

-- ----------------------------
-- Table structure for `iot_userbinding`
-- ----------------------------
DROP TABLE IF EXISTS `iot_userbinding`;
CREATE TABLE `iot_userbinding` (
  `openid` varchar(50) NOT NULL COMMENT '微信用户唯一标示',
  `usercode` varchar(32) NOT NULL COMMENT '登录名',
  `userpwd` varchar(100) DEFAULT NULL COMMENT '密码',
  `modifyDate` datetime DEFAULT NULL COMMENT '修改时间',
  PRIMARY KEY (`openid`)
) ENGINE=InnoDB DEFAULT CHARSET=utf8;

-- ----------------------------
-- Records of iot_userbinding
-- ----------------------------
INSERT INTO `iot_userbinding` VALUES ('qwedwqeqwewqe12313123', 'wladmin', 'F3D09121475A2C17', '2016-03-24 10:22:15');

-- ----------------------------
-- Table structure for `oauth_access_token`
-- ----------------------------
DROP TABLE IF EXISTS `oauth_access_token`;
CREATE TABLE `oauth_access_token` (
  `access_token` varchar(32) NOT NULL COMMENT '令牌',
  `client_id` varchar(32) NOT NULL COMMENT '客户端APPID',
  `user_id` varchar(100) NOT NULL COMMENT '用户ID',
  `token_type` varchar(20) NOT NULL COMMENT '令牌类型',
  `scopes` varchar(1000) DEFAULT NULL COMMENT '范围',
  `expires` datetime NOT NULL COMMENT '有效时间',
  `expires_in` int(11) DEFAULT NULL COMMENT '超时时长',
  `state` varchar(2) DEFAULT NULL COMMENT '状态',
  `mac_key` varchar(32) DEFAULT NULL COMMENT 'mac地址(加密)',
  PRIMARY KEY (`access_token`)
) ENGINE=InnoDB DEFAULT CHARSET=utf8 COMMENT='客户端访问令牌';

-- ----------------------------
-- Records of oauth_access_token
-- ----------------------------

-- ----------------------------
-- Table structure for `oauth_auth_code`
-- ----------------------------
DROP TABLE IF EXISTS `oauth_auth_code`;
CREATE TABLE `oauth_auth_code` (
  `auth_code` varchar(32) NOT NULL COMMENT '主键',
  `client_id` varchar(32) NOT NULL COMMENT '客户端APPID',
  `user_id` varchar(100) NOT NULL COMMENT '用户ID',
  `scopes` varchar(1000) DEFAULT NULL COMMENT '范围',
  `expires` datetime NOT NULL COMMENT '超时时间',
  `expires_in` int(11) DEFAULT NULL COMMENT '超时时长',
  `redirect_uri` varchar(1000) NOT NULL COMMENT '重定向URI',
  `state` varchar(2) DEFAULT NULL COMMENT '状态',
  PRIMARY KEY (`auth_code`)
) ENGINE=InnoDB DEFAULT CHARSET=utf8 COMMENT='客户端开发者';

-- ----------------------------
-- Records of oauth_auth_code
-- ----------------------------

-- ----------------------------
-- Table structure for `oauth_client`
-- ----------------------------
DROP TABLE IF EXISTS `oauth_client`;
CREATE TABLE `oauth_client` (
  `client_id` varchar(32) NOT NULL COMMENT '主键',
  `client_secret` varchar(80) NOT NULL COMMENT '客户端通讯密钥',
  `client_type` varchar(2) NOT NULL COMMENT '客户端类型',
  `redirect_uris` varchar(1000) NOT NULL COMMENT '重定向URI',
  `default_scopes` varchar(1000) DEFAULT NULL COMMENT '缺省范围',
  `app_name` varchar(200) NOT NULL COMMENT 'APP名称',
  `app_desc` varchar(400) DEFAULT NULL COMMENT 'APP描述',
  `app_uri` varchar(400) DEFAULT NULL COMMENT 'APP下载地址',
  `app_type` varchar(2) DEFAULT NULL COMMENT 'APP类型',
  `create_time` datetime DEFAULT NULL COMMENT '建立时间',
  `state` varchar(2) DEFAULT NULL COMMENT '状态',
  PRIMARY KEY (`client_id`)
) ENGINE=InnoDB DEFAULT CHARSET=utf8 COMMENT='客户端APP类型';

-- ----------------------------
-- Records of oauth_client
-- ----------------------------
INSERT INTO `oauth_client` VALUES ('4028819845cf8b6e0145cf90305c0002', '70a4ec84f57611ae2a6b77056364b0fe2b298c5a', '1', '/test', '', 'Yuexue Android Pad2', 'ss', '', '', '2014-05-06 11:25:04', '1');

-- ----------------------------
-- Table structure for `oauth_client_version`
-- ----------------------------
DROP TABLE IF EXISTS `oauth_client_version`;
CREATE TABLE `oauth_client_version` (
  `version_id` varchar(32) NOT NULL COMMENT '主键',
  `client_id` varchar(32) NOT NULL COMMENT 'ClientID',
  `version_code` int(11) NOT NULL COMMENT '版本号',
  `version_name` varchar(10) NOT NULL COMMENT '版本名称',
  `file_name` varchar(50) NOT NULL COMMENT '文件名称',
  `version_type` varchar(2) DEFAULT NULL COMMENT '类型',
  `description` varchar(2000) DEFAULT NULL COMMENT '更新说明',
  `url` varchar(200) NOT NULL COMMENT '下载地址',
  `create_time` datetime NOT NULL COMMENT '创建时间',
  `state` varchar(1) NOT NULL COMMENT '状态',
  PRIMARY KEY (`version_id`)
) ENGINE=InnoDB DEFAULT CHARSET=utf8 COMMENT='OAuth客户端版本';

-- ----------------------------
-- Records of oauth_client_version
-- ----------------------------
INSERT INTO `oauth_client_version` VALUES ('402882e647818063014781826c5f0003', '4028819845cf8b6e0145cf90305c0002', '2', '1.0.1', 'yuexuepad1.0.0.apk', '', '第一版', '/download/yuexuepad1.0.0.apk', '2014-07-29 17:45:14', '1');
INSERT INTO `oauth_client_version` VALUES ('8a21b3ab4ce03613014ce4b226d50069', '4028819845cf8b6e0145cf90305c0002', '106', '2.0.3.6', 'xiben2.0.3.6.apk', '', '', '/download/xiben2.0.3.6.apk', '2015-04-23 13:13:42', '1');
INSERT INTO `oauth_client_version` VALUES ('8a21b3ab4d23c0a7014d2c8e6c850022', '4028819845cf8b6e0145cf90305c0002', '107', '2.1', 'xiben2.1.apk', '', '', '/download/xiben2.1.apk', '2015-05-07 12:07:20', '1');

-- ----------------------------
-- Table structure for `oauth_refresh_token`
-- ----------------------------
DROP TABLE IF EXISTS `oauth_refresh_token`;
CREATE TABLE `oauth_refresh_token` (
  `refresh_token` varchar(32) NOT NULL COMMENT '刷新令牌',
  `client_id` varchar(32) NOT NULL COMMENT '客户端ID',
  `user_id` varchar(100) NOT NULL COMMENT '用户ID',
  `scopes` varchar(1000) DEFAULT NULL COMMENT '范围',
  `expires` datetime NOT NULL COMMENT '超时时间',
  `expires_in` int(11) DEFAULT NULL COMMENT '超时时长',
  `state` varchar(2) DEFAULT NULL COMMENT '状态',
  PRIMARY KEY (`refresh_token`)
) ENGINE=InnoDB DEFAULT CHARSET=utf8 COMMENT='客户端刷新令牌';

-- ----------------------------
-- Records of oauth_refresh_token
-- ----------------------------

-- ----------------------------
-- Table structure for `param_detail`
-- ----------------------------
DROP TABLE IF EXISTS `param_detail`;
CREATE TABLE `param_detail` (
  `PARAMDETAILID` bigint(20) NOT NULL COMMENT '代码明细ID',
  `PARAMID` bigint(20) NOT NULL COMMENT '代码ID',
  `PARAMCODE` varchar(40) NOT NULL COMMENT '代码编码',
  `PARAMMEANINGS` varchar(100) NOT NULL COMMENT '代码描述',
  PRIMARY KEY (`PARAMDETAILID`)
) ENGINE=InnoDB DEFAULT CHARSET=utf8 COMMENT='代码明细';

-- ----------------------------
-- Records of param_detail
-- ----------------------------
INSERT INTO `param_detail` VALUES ('1348', '1205', '01', '小学');
INSERT INTO `param_detail` VALUES ('1349', '1205', '02', '初中');
INSERT INTO `param_detail` VALUES ('1350', '1205', '03', '高中');
INSERT INTO `param_detail` VALUES ('1565', '1535', '11', '高二');
INSERT INTO `param_detail` VALUES ('1566', '1535', '12', '高三');
INSERT INTO `param_detail` VALUES ('1567', '1535', '21', '职高一年级');
INSERT INTO `param_detail` VALUES ('1568', '1535', '22', '职高二年级');
INSERT INTO `param_detail` VALUES ('1569', '1535', '23', '职高三年级');
INSERT INTO `param_detail` VALUES ('1570', '1535', '97', '小学其它');
INSERT INTO `param_detail` VALUES ('1571', '1535', '98', '初中其它');
INSERT INTO `param_detail` VALUES ('1572', '1535', '99', '高中其它');
INSERT INTO `param_detail` VALUES ('1577', '1537', '0', '无效');
INSERT INTO `param_detail` VALUES ('1578', '1537', '1', '有效');
INSERT INTO `param_detail` VALUES ('1579', '1538', '0', '否');
INSERT INTO `param_detail` VALUES ('1580', '1538', '1', '是');
INSERT INTO `param_detail` VALUES ('1581', '1547', '0', '未启用');
INSERT INTO `param_detail` VALUES ('1582', '1547', '1', '启用');
INSERT INTO `param_detail` VALUES ('1615', '1548', '1', '学生');
INSERT INTO `param_detail` VALUES ('1616', '1548', '2', '老师');
INSERT INTO `param_detail` VALUES ('1617', '1548', '3', '家长');
INSERT INTO `param_detail` VALUES ('1618', '1548', '9', '学校用户');
INSERT INTO `param_detail` VALUES ('1649', '1556', '0', '女');
INSERT INTO `param_detail` VALUES ('1650', '1556', '1', '男');
INSERT INTO `param_detail` VALUES ('1651', '1557', '0', '未验证');
INSERT INTO `param_detail` VALUES ('1652', '1557', '1', '有效');
INSERT INTO `param_detail` VALUES ('1653', '1557', '2', '无效');
INSERT INTO `param_detail` VALUES ('1654', '1557', '7', '登录锁定');
INSERT INTO `param_detail` VALUES ('1655', '1557', '8', '管理锁定');
INSERT INTO `param_detail` VALUES ('1656', '1557', '9', '删除');
INSERT INTO `param_detail` VALUES ('1688', '1559', '60', '校园圣尊');
INSERT INTO `param_detail` VALUES ('1690', '1560', '2010', '2010年');
INSERT INTO `param_detail` VALUES ('1691', '1560', '2011', '2011年');
INSERT INTO `param_detail` VALUES ('1692', '1560', '2012', '2012年');
INSERT INTO `param_detail` VALUES ('1693', '1560', '2013', '2013年');
INSERT INTO `param_detail` VALUES ('1694', '1560', '2014', '2014年');
INSERT INTO `param_detail` VALUES ('1695', '1560', '2015', '2015年');
INSERT INTO `param_detail` VALUES ('1696', '1560', '2016', '2016年');
INSERT INTO `param_detail` VALUES ('1697', '1560', '2017', '2017年');
INSERT INTO `param_detail` VALUES ('1698', '1560', '2018', '2018年');
INSERT INTO `param_detail` VALUES ('1699', '1560', '2019', '2019年');
INSERT INTO `param_detail` VALUES ('1700', '1560', '2020', '2020年');
INSERT INTO `param_detail` VALUES ('1712', '1563', 'true', '是');
INSERT INTO `param_detail` VALUES ('1713', '1563', 'false', '否');
INSERT INTO `param_detail` VALUES ('1925', '1600', '25', '美术');
INSERT INTO `param_detail` VALUES ('1926', '1600', '26', '信息技术');
INSERT INTO `param_detail` VALUES ('1927', '1600', '41', '英语');
INSERT INTO `param_detail` VALUES ('1981', '1611', '99', '其他');
INSERT INTO `param_detail` VALUES ('2007', '1600', '11', '品德与生活（社会）');
INSERT INTO `param_detail` VALUES ('2008', '1600', '26', '信息技术');
INSERT INTO `param_detail` VALUES ('2009', '1600', '25', '美术');
INSERT INTO `param_detail` VALUES ('2010', '1600', '09', '思想政治');
INSERT INTO `param_detail` VALUES ('2011', '1600', '27', '通用技术');
INSERT INTO `param_detail` VALUES ('2012', '1600', '15', '科学');
INSERT INTO `param_detail` VALUES ('2013', '1600', '41', '英语');
INSERT INTO `param_detail` VALUES ('2014', '1600', '99', '其他');
INSERT INTO `param_detail` VALUES ('2019', '1205', '04', '幼儿部');
INSERT INTO `param_detail` VALUES ('2052', '1205', '05', '机构');
INSERT INTO `param_detail` VALUES ('2066', '1627', '01', '普通教室');
INSERT INTO `param_detail` VALUES ('2067', '1627', '02', '电教室');
INSERT INTO `param_detail` VALUES ('2068', '1627', '03', '普通办公室');
INSERT INTO `param_detail` VALUES ('2070', '1628', '1', '常规');
INSERT INTO `param_detail` VALUES ('2071', '1629', '0', '常规');
INSERT INTO `param_detail` VALUES ('2072', '1629', '1', '逻辑');
INSERT INTO `param_detail` VALUES ('2080', '1632', '01', '空调');
INSERT INTO `param_detail` VALUES ('2081', '1632', '02', '投影仪');
INSERT INTO `param_detail` VALUES ('2082', '1632', '03', '电灯');
INSERT INTO `param_detail` VALUES ('2085', '1634', '01', '空调');
INSERT INTO `param_detail` VALUES ('2086', '1634', '02', '投影仪');
INSERT INTO `param_detail` VALUES ('2087', '1634', '03', '灯组');
INSERT INTO `param_detail` VALUES ('2088', '1635', '00', '温度');
INSERT INTO `param_detail` VALUES ('2089', '1635', '01', '湿度');
INSERT INTO `param_detail` VALUES ('2090', '1635', '02', '风速');
INSERT INTO `param_detail` VALUES ('2091', '1635', '03', 'IO开关');
INSERT INTO `param_detail` VALUES ('2092', '1635', '04', '风扇');
INSERT INTO `param_detail` VALUES ('2093', '1635', '05', '电量');
INSERT INTO `param_detail` VALUES ('2095', '1636', '01', '分钟');
INSERT INTO `param_detail` VALUES ('2096', '1636', '02', '小时');
INSERT INTO `param_detail` VALUES ('2097', '1636', '03', '每天');
INSERT INTO `param_detail` VALUES ('2098', '1636', '04', '每周');
INSERT INTO `param_detail` VALUES ('2100', '1634', '00', '主机');
INSERT INTO `param_detail` VALUES ('2105', '1639', '00', '关');
INSERT INTO `param_detail` VALUES ('2106', '1639', '01', '开');
INSERT INTO `param_detail` VALUES ('2109', '1641', '00', '关');
INSERT INTO `param_detail` VALUES ('2110', '1641', '01', '开');
INSERT INTO `param_detail` VALUES ('2111', '1638', '00', '关');
INSERT INTO `param_detail` VALUES ('2112', '1638', '01', '开');
INSERT INTO `param_detail` VALUES ('2116', '1637', '00', '关');
INSERT INTO `param_detail` VALUES ('2117', '1637', '01', '开');
INSERT INTO `param_detail` VALUES ('2127', '1628', '2', '逻辑');
INSERT INTO `param_detail` VALUES ('2129', '1637', '02', '温度');
INSERT INTO `param_detail` VALUES ('2130', '1634', '04', '风扇');
INSERT INTO `param_detail` VALUES ('2131', '1642', '00', '关');
INSERT INTO `param_detail` VALUES ('2132', '1642', '01', '开');
INSERT INTO `param_detail` VALUES ('2133', '1637', '02010120', '制冷高20');
INSERT INTO `param_detail` VALUES ('2135', '1643', '01', '连接');
INSERT INTO `param_detail` VALUES ('2136', '1643', '02', '红外码');
INSERT INTO `param_detail` VALUES ('2137', '1643', '03', 'IO');
INSERT INTO `param_detail` VALUES ('2138', '1643', '04', '传感器');
INSERT INTO `param_detail` VALUES ('2139', '1644', '00', '关');
INSERT INTO `param_detail` VALUES ('2140', '1644', '01', '开');
INSERT INTO `param_detail` VALUES ('2142', '1645', '1', '星期一');
INSERT INTO `param_detail` VALUES ('2143', '1645', '2', '星期二');
INSERT INTO `param_detail` VALUES ('2144', '1645', '3', '星期三');
INSERT INTO `param_detail` VALUES ('2145', '1645', '4', '星期四');
INSERT INTO `param_detail` VALUES ('2146', '1645', '5', '星期五');
INSERT INTO `param_detail` VALUES ('2147', '1645', '6', '星期六');
INSERT INTO `param_detail` VALUES ('2148', '1645', '7', '星期日');
INSERT INTO `param_detail` VALUES ('2155', '1637', '02010220', '制冷低20');
INSERT INTO `param_detail` VALUES ('2156', '1637', '02010320', '制冷自动20');
INSERT INTO `param_detail` VALUES ('2157', '1637', '02020120', '制热高20');
INSERT INTO `param_detail` VALUES ('2158', '1637', '02020220', '制热低20');
INSERT INTO `param_detail` VALUES ('2159', '1637', '02020320', '制热自动20');
INSERT INTO `param_detail` VALUES ('2160', '1637', '02010122', '制冷高22');
INSERT INTO `param_detail` VALUES ('2161', '1636', '05', '时间段');
INSERT INTO `param_detail` VALUES ('2162', '1637', '02010222', '制冷低22');
INSERT INTO `param_detail` VALUES ('2163', '1637', '02010322', '制冷自动22');
INSERT INTO `param_detail` VALUES ('2164', '1637', '02020122', '制热高22');
INSERT INTO `param_detail` VALUES ('2165', '1637', '02020222', '制热低22');
INSERT INTO `param_detail` VALUES ('2166', '1637', '02020322', '制热自动22');
INSERT INTO `param_detail` VALUES ('2167', '1637', '02010124', '制冷高24');
INSERT INTO `param_detail` VALUES ('2168', '1637', '02010224', '制冷低24');
INSERT INTO `param_detail` VALUES ('2169', '1637', '02010324', '制冷自动24');
INSERT INTO `param_detail` VALUES ('2170', '1637', '02020124', '制热高24');
INSERT INTO `param_detail` VALUES ('2171', '1637', '02020224', '制热低24');
INSERT INTO `param_detail` VALUES ('2172', '1637', '02020324', '制热自动24');
INSERT INTO `param_detail` VALUES ('2174', '1637', '02010126', '制冷高26');
INSERT INTO `param_detail` VALUES ('2175', '1637', '02010226', '制冷低26');
INSERT INTO `param_detail` VALUES ('2176', '1637', '02010326', '制冷自动26');
INSERT INTO `param_detail` VALUES ('2177', '1637', '02020126', '制热高26');
INSERT INTO `param_detail` VALUES ('2178', '1637', '02020226', '制热低26');
INSERT INTO `param_detail` VALUES ('2179', '1637', '02020326', '制热自动26');
INSERT INTO `param_detail` VALUES ('2180', '1637', '02010128', '制冷高28');
INSERT INTO `param_detail` VALUES ('2181', '1637', '02010228', '制冷低28');
INSERT INTO `param_detail` VALUES ('2182', '1637', '02010328', '制冷自动28');
INSERT INTO `param_detail` VALUES ('2183', '1637', '02020128', '制热高28');
INSERT INTO `param_detail` VALUES ('2184', '1637', '02020228', '制热低28');
INSERT INTO `param_detail` VALUES ('2185', '1637', '02020328', '制热自动28');
INSERT INTO `param_detail` VALUES ('2186', '1637', '02010130', '制冷高30');
INSERT INTO `param_detail` VALUES ('2187', '1637', '02010230', '制冷低30');
INSERT INTO `param_detail` VALUES ('2188', '1637', '02010330', '制冷自动30');
INSERT INTO `param_detail` VALUES ('2189', '1637', '02020130', '制热高30');
INSERT INTO `param_detail` VALUES ('2190', '1637', '02020230', '制热低30');
INSERT INTO `param_detail` VALUES ('2191', '1637', '02020330', '制热自动30');
INSERT INTO `param_detail` VALUES ('2192', '1646', '0', '失败');
INSERT INTO `param_detail` VALUES ('2193', '1646', '1', '成功');
INSERT INTO `param_detail` VALUES ('2194', '1647', '1', '年');
INSERT INTO `param_detail` VALUES ('2195', '1647', '2', '季度');
INSERT INTO `param_detail` VALUES ('2196', '1647', '3', '月');
INSERT INTO `param_detail` VALUES ('2197', '1634', '05', '继电器');
INSERT INTO `param_detail` VALUES ('2198', '1648', '1', '启用');
INSERT INTO `param_detail` VALUES ('2199', '1648', '0', '停用');
INSERT INTO `param_detail` VALUES ('2200', '1649', '1', '光照');
INSERT INTO `param_detail` VALUES ('2201', '1649', '2', '温度');
INSERT INTO `param_detail` VALUES ('2202', '1649', '3', '湿度');
INSERT INTO `param_detail` VALUES ('2203', '1637', '02010121', '制冷高21');
INSERT INTO `param_detail` VALUES ('2204', '1637', '02010221', '制冷低21');
INSERT INTO `param_detail` VALUES ('2205', '1637', '02010321', '制冷自动21');
INSERT INTO `param_detail` VALUES ('2206', '1637', '02020121', '制热高21');
INSERT INTO `param_detail` VALUES ('2207', '1637', '02020221', '制热低21');
INSERT INTO `param_detail` VALUES ('2208', '1637', '02020321', '制热自动21');
INSERT INTO `param_detail` VALUES ('2209', '1637', '02010123', '制冷高23');
INSERT INTO `param_detail` VALUES ('2210', '1637', '02010220', '制冷低23');
INSERT INTO `param_detail` VALUES ('2211', '1637', '02010323', '制冷自动23');
INSERT INTO `param_detail` VALUES ('2212', '1637', '02020123', '制热高23');
INSERT INTO `param_detail` VALUES ('2213', '1637', '02020223', '制热低23');
INSERT INTO `param_detail` VALUES ('2214', '1637', '02020323', '制热自动23');
INSERT INTO `param_detail` VALUES ('2215', '1637', '02010125', '制冷高25');
INSERT INTO `param_detail` VALUES ('2216', '1637', '02010225', '制冷低25');
INSERT INTO `param_detail` VALUES ('2217', '1637', '02010320', '制冷自动25');
INSERT INTO `param_detail` VALUES ('2218', '1637', '02020125', '制热高25');
INSERT INTO `param_detail` VALUES ('2219', '1637', '02020225', '制热低25');
INSERT INTO `param_detail` VALUES ('2220', '1637', '02020325', '制热自动25');
INSERT INTO `param_detail` VALUES ('2221', '1637', '02010127', '制冷高27');
INSERT INTO `param_detail` VALUES ('2222', '1637', '02010227', '制冷低27');
INSERT INTO `param_detail` VALUES ('2223', '1637', '02010327', '制冷自动27');
INSERT INTO `param_detail` VALUES ('2224', '1637', '02020127', '制热高27');
INSERT INTO `param_detail` VALUES ('2225', '1637', '02020227', '制热低27');
INSERT INTO `param_detail` VALUES ('2226', '1637', '02020327', '制热自动27');
INSERT INTO `param_detail` VALUES ('2227', '1650', '01', '开');
INSERT INTO `param_detail` VALUES ('2228', '1650', '00', '关');
INSERT INTO `param_detail` VALUES ('2229', '1628', '3', '恢复');
INSERT INTO `param_detail` VALUES ('2230', '1638', '02', '自动搜索');

-- ----------------------------
-- Table structure for `param_master`
-- ----------------------------
DROP TABLE IF EXISTS `param_master`;
CREATE TABLE `param_master` (
  `PARAMID` bigint(20) NOT NULL COMMENT '代码ID',
  `PARAMNAME` varchar(40) NOT NULL COMMENT '代码名称',
  `PARAMDESC` varchar(100) DEFAULT NULL COMMENT '代码描述',
  PRIMARY KEY (`PARAMID`)
) ENGINE=InnoDB DEFAULT CHARSET=utf8 COMMENT='系统代码';

-- ----------------------------
-- Records of param_master
-- ----------------------------
INSERT INTO `param_master` VALUES ('1205', 'depttype', '部门类别');
INSERT INTO `param_master` VALUES ('1537', 'global_valid', '有效状态');
INSERT INTO `param_master` VALUES ('1538', 'global_yes_or_no', '是否');
INSERT INTO `param_master` VALUES ('1547', 'global_enable', '启用状态');
INSERT INTO `param_master` VALUES ('1548', 'usertype', '用户类型');
INSERT INTO `param_master` VALUES ('1556', 'gender', '性别');
INSERT INTO `param_master` VALUES ('1557', 'userstate', '用户状态');
INSERT INTO `param_master` VALUES ('1560', 'global_year', '年份');
INSERT INTO `param_master` VALUES ('1563', 'global_boolean', '是否');
INSERT INTO `param_master` VALUES ('1627', 'room_code', '教室类别');
INSERT INTO `param_master` VALUES ('1628', 'scene_type_code', '场景类型');
INSERT INTO `param_master` VALUES ('1634', 'device_code_sel', '设备类型代码');
INSERT INTO `param_master` VALUES ('1635', 'device_attribute_code', '设备属性名称');
INSERT INTO `param_master` VALUES ('1636', 'device_collect_freq', '设备采集频率');
INSERT INTO `param_master` VALUES ('1637', 'iot_command_type_01', '空调');
INSERT INTO `param_master` VALUES ('1638', 'iot_command_type_02', '投影仪');
INSERT INTO `param_master` VALUES ('1639', 'iot_command_type_03', '灯');
INSERT INTO `param_master` VALUES ('1641', 'iot_command_type_00', '主机');
INSERT INTO `param_master` VALUES ('1642', 'device_switch_status', '开关状态');
INSERT INTO `param_master` VALUES ('1643', 'device_command_net_type', '指令帧类型');
INSERT INTO `param_master` VALUES ('1644', 'iot_command_type_04', '风扇');
INSERT INTO `param_master` VALUES ('1645', 'week_value', '星期几');
INSERT INTO `param_master` VALUES ('1646', 'execute_status', '执行状态');
INSERT INTO `param_master` VALUES ('1647', 'statistics_type', '统计类型');
INSERT INTO `param_master` VALUES ('1648', 'switch_status', '启用状态');
INSERT INTO `param_master` VALUES ('1649', 'sensor_type_sel', '传感器类型');
INSERT INTO `param_master` VALUES ('1650', 'iot_command_type_05', '继电器');

-- ----------------------------
-- Table structure for `pcmc_dept`
-- ----------------------------
DROP TABLE IF EXISTS `pcmc_dept`;
CREATE TABLE `pcmc_dept` (
  `deptid` varchar(32) NOT NULL COMMENT '单位ID',
  `pdeptid` varchar(32) DEFAULT NULL COMMENT '父单位ID',
  `deptname` varchar(200) NOT NULL COMMENT '单位名称',
  `deptcode` varchar(32) NOT NULL COMMENT '单位代码',
  `depttype` varchar(2) DEFAULT NULL COMMENT '单位类型',
  `deptport` varchar(32) DEFAULT NULL COMMENT '机构主机端口号',
  `levels` smallint(6) DEFAULT NULL COMMENT '层级',
  `linkman` varchar(40) DEFAULT NULL COMMENT '联系人',
  `email` varchar(100) DEFAULT NULL COMMENT '邮箱',
  `phone` varchar(30) DEFAULT NULL COMMENT '电话',
  `addr` varchar(200) DEFAULT NULL COMMENT '地址',
  `zip` varchar(10) DEFAULT NULL COMMENT '邮编',
  `manager` varchar(32) DEFAULT NULL COMMENT '负责人姓名',
  `state` varchar(1) DEFAULT '1' COMMENT '0:无效 1:有效 9:删除',
  `remark` varchar(200) DEFAULT NULL COMMENT '备注',
  PRIMARY KEY (`deptid`)
) ENGINE=InnoDB DEFAULT CHARSET=utf8 COMMENT='组织机构';

-- ----------------------------
-- Records of pcmc_dept
-- ----------------------------
INSERT INTO `pcmc_dept` VALUES ('1', '1', '中国', '86', '05', null, '0', '', '', '', '', '', '', '1', '');
INSERT INTO `pcmc_dept` VALUES ('40288009530b9c8901530bb09b750004', '8a21b3ab4d23c0a7014d2d40478e0026', '深圳外国语学校(初中部)', '8644030401', '02', '', '8', '', '', '', '', '', '', '1', '');
INSERT INTO `pcmc_dept` VALUES ('40288148532b909b01532bfc61190053', '8a21b3ab4d23c0a7014d2d40a9690027', '南山小学', '8644030501', '01', '8000', '8', '', '', '', '', '', '', '1', '');
INSERT INTO `pcmc_dept` VALUES ('40288148532bfee801532c0034f90011', '8a21b3ab4d23c0a7014d2d40a9690027', '南山外国语学校', '8644030502', '02', '', '8', '', '', '', '', '', '', '1', '');
INSERT INTO `pcmc_dept` VALUES ('4028818249bbd82e0149bcc97e0100bc', '8a21b3ab4d23c0a7014d2c5f4910001a', '罗湖区', '86440303', '05', null, '3', '', '', '', '', '', '', '0', '');
INSERT INTO `pcmc_dept` VALUES ('4028818249bbd82e0149bccaaf4600bd', '4028818249bbd82e0149bcc97e0100bc', '罗芳小学', '8644030301', '01', null, '4', '', '', '', '', '', '', '0', '');
INSERT INTO `pcmc_dept` VALUES ('402881ee52577ecc015258916000000f', 'xnode-182', '2', '2', '02', null, '5', '', '', '', '', '', '', '0', '');
INSERT INTO `pcmc_dept` VALUES ('402881ee52577ecc01525891ed060010', 'xnode-182', '新机构3', '3', '02', null, '5', '', '', '', '', '', '', '0', '');
INSERT INTO `pcmc_dept` VALUES ('402881ee52577ecc015258f08374001f', '8a21b3ab4d23c0a7014d2d761a030058', '新机构3', '3333', '01', null, '4', '', '', '', '', '', '', '0', '');
INSERT INTO `pcmc_dept` VALUES ('402882e54780de86014780df64c90002', '4028818249bbd82e0149bcc97e0100bc', '世纪金源学校', '86440302', '02', null, '2', '', '', '', '', '', '', '0', '');
INSERT INTO `pcmc_dept` VALUES ('402882f04b0b2f4c014b0b3b1e4a0006', '402882e54780de86014780df64c90002', '幼儿部', '8644030201', '04', null, '4', '', '', '', '', '', '', '0', '');
INSERT INTO `pcmc_dept` VALUES ('402882f04b0b2f4c014b0b3b7a340007', '402882e54780de86014780df64c90002', '小学部', '8644030202', '01', null, '4', '', '', '', '', '', '', '0', '');
INSERT INTO `pcmc_dept` VALUES ('402882f04b0b2f4c014b0b3bdf650008', '402882e54780de86014780df64c90002', '初中部', '8644030203', '02', null, '4', '', '', '', '', '', '', '0', '');
INSERT INTO `pcmc_dept` VALUES ('402882f04b0b2f4c014b0b3c26220009', '402882e54780de86014780df64c90002', '高中部', '8644030204', '03', null, '4', '', '', '', '', '', '', '0', '');
INSERT INTO `pcmc_dept` VALUES ('8a21b3ab4cea7d64014cf8ad793a0017', '4028818249bbd82e0149bcc97e0100bc', '亮信测试学校', '8644030304', '01', null, '2', '', '', '', '', '', '', '0', '');
INSERT INTO `pcmc_dept` VALUES ('8a21b3ab4d23c0a7014d2c5ef0700019', '1', '广东省', '8644', '05', null, '2', '', '', '', '', '', '', '1', '');
INSERT INTO `pcmc_dept` VALUES ('8a21b3ab4d23c0a7014d2c5f4910001a', '8a21b3ab4d23c0a7014d2c5ef0700019', '深圳市', '864403', '05', null, '4', '', '', '', '', '', '', '1', '');
INSERT INTO `pcmc_dept` VALUES ('8a21b3ab4d23c0a7014d2d40478e0026', '8a21b3ab4d23c0a7014d2c5f4910001a', '福田区', '86440304', '05', null, '6', '', '', '', '', '', '', '1', '');
INSERT INTO `pcmc_dept` VALUES ('8a21b3ab4d23c0a7014d2d40a9690027', '8a21b3ab4d23c0a7014d2c5f4910001a', '南山区', '86440305', '05', '', '6', '', '', '', '', '', '', '1', '');
INSERT INTO `pcmc_dept` VALUES ('8a21b3ab4d23c0a7014d2d4111580028', '8a21b3ab4d23c0a7014d2c5f4910001a', '宝安区', '86440306', '05', null, '6', '', '', '', '', '', '', '0', '');
INSERT INTO `pcmc_dept` VALUES ('8a21b3ab4d23c0a7014d2d415fc90029', '8a21b3ab4d23c0a7014d2c5f4910001a', '龙岗区', '86440307', '05', null, '6', '', '', '', '', '', '', '0', '');
INSERT INTO `pcmc_dept` VALUES ('8a21b3ab4d23c0a7014d2d41b921002a', '8a21b3ab4d23c0a7014d2c5f4910001a', '盐田区', '86440308', '05', null, '6', '', '', '', '', '', '', '0', '');
INSERT INTO `pcmc_dept` VALUES ('8a21b3ab4d23c0a7014d2d421429002b', '8a21b3ab4d23c0a7014d2c5f4910001a', '光明新区', '86440309', '05', null, '6', '', '', '', '', '', '', '0', '');
INSERT INTO `pcmc_dept` VALUES ('8a21b3ab4d23c0a7014d2d42616c002c', '8a21b3ab4d23c0a7014d2c5f4910001a', '坪山新区', '86440310', '05', null, '6', '', '', '', '', '', '', '0', '');
INSERT INTO `pcmc_dept` VALUES ('8a21b3ab4d23c0a7014d2d42a9e7002d', '8a21b3ab4d23c0a7014d2c5f4910001a', '龙华新区', '86440311', '05', null, '6', '', '', '', '', '', '', '0', '');
INSERT INTO `pcmc_dept` VALUES ('8a21b3ab4d23c0a7014d2d4306ae002e', '8a21b3ab4d23c0a7014d2c5f4910001a', '大鹏新区', '86440312', '05', null, '6', '', '', '', '', '', '', '0', '');
INSERT INTO `pcmc_dept` VALUES ('8a21b3ab4d23c0a7014d2d52982e0033', '4028818249bbd82e0149bcc97e0100bc', '翠竹小学', '8644030305', '01', null, '5', '', '', '', '', '', '', '0', '');
INSERT INTO `pcmc_dept` VALUES ('8a21b3ab4d23c0a7014d2d586ade0034', '4028818249bbd82e0149bcc97e0100bc', '翠北小学', '8644030306', '01', null, '5', '', '', '', '', '', '', '0', '');
INSERT INTO `pcmc_dept` VALUES ('8a21b3ab4d23c0a7014d2d58a90f0035', '4028818249bbd82e0149bcc97e0100bc', '翠茵小学', '8644030307', '01', null, '5', '', '', '', '', '', '', '0', '');
INSERT INTO `pcmc_dept` VALUES ('8a21b3ab4d23c0a7014d2d58f7ee0036', '4028818249bbd82e0149bcc97e0100bc', '水田小学', '8644030308', '01', null, '5', '', '', '', '', '', '', '0', '');
INSERT INTO `pcmc_dept` VALUES ('8a21b3ab4d23c0a7014d2d594c3b0037', '4028818249bbd82e0149bcc97e0100bc', '水库小学', '8644030309', '01', null, '5', '', '', '', '', '', '', '0', '');
INSERT INTO `pcmc_dept` VALUES ('8a21b3ab4d23c0a7014d2d5997b60038', '4028818249bbd82e0149bcc97e0100bc', '布心小学', '8644030310', '01', null, '5', '', '', '', '', '', '', '0', '');
INSERT INTO `pcmc_dept` VALUES ('8a21b3ab4d23c0a7014d2d5d6f0c0039', '4028818249bbd82e0149bcc97e0100bc', '东晓小学', '8644030311', '01', null, '5', '', '', '', '', '', '', '0', '');
INSERT INTO `pcmc_dept` VALUES ('8a21b3ab4d23c0a7014d2d5dbc1a003a', '4028818249bbd82e0149bcc97e0100bc', '锦田小学', '8644030312', '01', null, '5', '', '', '', '', '', '', '0', '');
INSERT INTO `pcmc_dept` VALUES ('8a21b3ab4d23c0a7014d2d5dfaf6003b', '4028818249bbd82e0149bcc97e0100bc', '草埔小学', '8644030313', '01', null, '5', '', '', '', '', '', '', '0', '');
INSERT INTO `pcmc_dept` VALUES ('8a21b3ab4d23c0a7014d2d5e573f003c', '4028818249bbd82e0149bcc97e0100bc', '大望小学', '8644030314', '01', null, '5', '', '', '', '', '', '', '0', '');
INSERT INTO `pcmc_dept` VALUES ('8a21b3ab4d23c0a7014d2d5e9aaa003d', '4028818249bbd82e0149bcc97e0100bc', '梧桐小学', '8644030315', '01', null, '5', '', '', '', '', '', '', '0', '');
INSERT INTO `pcmc_dept` VALUES ('8a21b3ab4d23c0a7014d2d5ed425003e', '4028818249bbd82e0149bcc97e0100bc', '华丽小学', '8644030316', '01', null, '5', '', '', '', '', '', '', '0', '');
INSERT INTO `pcmc_dept` VALUES ('8a21b3ab4d23c0a7014d2d5f1e4a003f', '4028818249bbd82e0149bcc97e0100bc', '泰宁小学', '8644030317', '01', null, '5', '', '', '', '', '', '', '0', '');
INSERT INTO `pcmc_dept` VALUES ('8a21b3ab4d23c0a7014d2d5f57360040', '4028818249bbd82e0149bcc97e0100bc', '东昌小学', '8644030318', '01', null, '5', '', '', '', '', '', '', '0', '');
INSERT INTO `pcmc_dept` VALUES ('8a21b3ab4d23c0a7014d2d5f93ab0041', '4028818249bbd82e0149bcc97e0100bc', '螺岭小学', '8644030319', '01', null, '5', '', '', '', '', '', '', '0', '');
INSERT INTO `pcmc_dept` VALUES ('8a21b3ab4d23c0a7014d2d5fd66f0042', '4028818249bbd82e0149bcc97e0100bc', '人民小学', '8644030320', '01', null, '5', '', '', '', '', '', '', '0', '');
INSERT INTO `pcmc_dept` VALUES ('8a21b3ab4d23c0a7014d2d601aee0043', '4028818249bbd82e0149bcc97e0100bc', '湖贝小学', '8644030321', '01', null, '5', '', '', '', '', '', '', '0', '');
INSERT INTO `pcmc_dept` VALUES ('8a21b3ab4d23c0a7014d2d604cb50044', '4028818249bbd82e0149bcc97e0100bc', '南湖小学', '8644030322', '01', null, '5', '', '', '', '', '', '', '0', '');
INSERT INTO `pcmc_dept` VALUES ('8a21b3ab4d23c0a7014d2d60840d0045', '4028818249bbd82e0149bcc97e0100bc', '罗湖小学', '8644030323', '01', null, '5', '', '', '', '', '', '', '0', '');
INSERT INTO `pcmc_dept` VALUES ('8a21b3ab4d23c0a7014d2d60c00c0046', '4028818249bbd82e0149bcc97e0100bc', '向西小学', '8644030324', '01', null, '5', '', '', '', '', '', '', '0', '');
INSERT INTO `pcmc_dept` VALUES ('8a21b3ab4d23c0a7014d2d60fb180047', '4028818249bbd82e0149bcc97e0100bc', '笋岗小学', '8644030325', '01', null, '5', '', '', '', '', '', '', '0', '');
INSERT INTO `pcmc_dept` VALUES ('8a21b3ab4d23c0a7014d2d6133ce0048', '4028818249bbd82e0149bcc97e0100bc', '凤光小学', '8644030326', '01', null, '5', '', '', '', '', '', '', '0', '');
INSERT INTO `pcmc_dept` VALUES ('8a21b3ab4d23c0a7014d2d616f180049', '4028818249bbd82e0149bcc97e0100bc', '洪湖小学', '8644030327', '01', null, '5', '', '', '', '', '', '', '0', '');
INSERT INTO `pcmc_dept` VALUES ('8a21b3ab4d23c0a7014d2d61c3dd004a', '4028818249bbd82e0149bcc97e0100bc', '红岭小学', '8644030328', '01', null, '5', '', '', '', '', '', '', '0', '');
INSERT INTO `pcmc_dept` VALUES ('8a21b3ab4d23c0a7014d2d62086d004b', '4028818249bbd82e0149bcc97e0100bc', '桂园小学', '8644030329', '01', null, '5', '', '', '', '', '', '', '0', '');
INSERT INTO `pcmc_dept` VALUES ('8a21b3ab4d23c0a7014d2d627a07004c', '4028818249bbd82e0149bcc97e0100bc', '红桂小学', '8644030330', '01', null, '5', '', '', '', '', '', '', '0', '');
INSERT INTO `pcmc_dept` VALUES ('8a21b3ab4d23c0a7014d2d62defc004d', '4028818249bbd82e0149bcc97e0100bc', '滨河小学', '8644030331', '01', null, '5', '', '', '', '', '', '', '0', '');
INSERT INTO `pcmc_dept` VALUES ('8a21b3ab4d23c0a7014d2d631b6c004e', '4028818249bbd82e0149bcc97e0100bc', '北斗小学', '8644030332', '01', null, '5', '', '', '', '', '', '', '0', '');
INSERT INTO `pcmc_dept` VALUES ('8a21b3ab4d23c0a7014d2d635fac004f', '4028818249bbd82e0149bcc97e0100bc', '怡景小学', '8644030333', '01', null, '5', '', '', '', '', '', '', '0', '');
INSERT INTO `pcmc_dept` VALUES ('8a21b3ab4d23c0a7014d2d63d8110050', '4028818249bbd82e0149bcc97e0100bc', '碧波小学', '8644030334', '01', null, '5', '', '', '', '', '', '', '0', '');
INSERT INTO `pcmc_dept` VALUES ('8a21b3ab4d23c0a7014d2d642c970051', '4028818249bbd82e0149bcc97e0100bc', '靖轩小学', '8644030335', '01', null, '5', '', '', '', '', '', '', '0', '');
INSERT INTO `pcmc_dept` VALUES ('8a21b3ab4d23c0a7014d2d6474470052', '4028818249bbd82e0149bcc97e0100bc', '新秀小学', '8644030336', '01', null, '5', '', '', '', '', '', '', '0', '');
INSERT INTO `pcmc_dept` VALUES ('8a21b3ab4d23c0a7014d2d64c4e70053', '4028818249bbd82e0149bcc97e0100bc', '景贝小学', '8644030337', '01', null, '5', '', '', '', '', '', '', '0', '');
INSERT INTO `pcmc_dept` VALUES ('8a21b3ab4d23c0a7014d2d650f7e0054', '4028818249bbd82e0149bcc97e0100bc', '莲塘小学', '8644030338', '01', null, '5', '', '', '', '', '', '', '0', '');
INSERT INTO `pcmc_dept` VALUES ('8a21b3ab4d23c0a7014d2d654cba0055', '4028818249bbd82e0149bcc97e0100bc', '莲南小学', '8644030339', '01', null, '5', '', '', '', '', '', '', '0', '');
INSERT INTO `pcmc_dept` VALUES ('8a21b3ab4d23c0a7014d2d65c3950056', '4028818249bbd82e0149bcc97e0100bc', '铁路小学', '8644030340', '01', null, '5', '', '', '', '', '', '', '0', '');
INSERT INTO `pcmc_dept` VALUES ('8a21b3ab4d23c0a7014d2d754d200057', '1', '北京市', '8611', '05', null, '2', '', '', '', '', '', '', '0', '');
INSERT INTO `pcmc_dept` VALUES ('8a21b3ab4d23c0a7014d2d761a030058', '1', '天津市', '8612', '05', null, '2', '', '', '', '', '', '', '0', '');
INSERT INTO `pcmc_dept` VALUES ('8a21b3ab4d23c0a7014d2d7654d70059', '1', '河北省', '8613', '01', null, '2', '', '', '', '', '', '', '0', '');
INSERT INTO `pcmc_dept` VALUES ('8a21b3ab4d23c0a7014d2d7689ff005a', '1', '山西省', '8614', '05', '', '2', '', '', '', '', '', '', '0', '');
INSERT INTO `pcmc_dept` VALUES ('8a21b3ab4d23c0a7014d2d76bfa9005b', '1', '内蒙古自治区', '8615', '05', null, '2', '', '', '', '', '', '', '0', '');
INSERT INTO `pcmc_dept` VALUES ('8a21b3ab4d23c0a7014d2d772226005c', '1', '辽宁省', '8621', '05', null, '2', '', '', '', '', '', '', '0', '');
INSERT INTO `pcmc_dept` VALUES ('8a21b3ab4d23c0a7014d2d775c7f005d', '1', '吉林省', '8622', '05', null, '2', '', '', '', '', '', '', '0', '');
INSERT INTO `pcmc_dept` VALUES ('8a21b3ab4d23c0a7014d2d779234005e', '1', '黑龙江省', '8623', '05', null, '2', '', '', '', '', '', '', '0', '');
INSERT INTO `pcmc_dept` VALUES ('8a21b3ab4d23c0a7014d2d77c7b3005f', '1', '上海市', '8631', '05', null, '2', '', '', '', '', '', '', '0', '');
INSERT INTO `pcmc_dept` VALUES ('8a21b3ab4d23c0a7014d2d7835630060', '1', '江苏省', '8632', '05', null, '2', '', '', '', '', '', '', '0', '');
INSERT INTO `pcmc_dept` VALUES ('8a21b3ab4d23c0a7014d2d786c950061', '1', '浙江省', '8633', '05', null, '2', '', '', '', '', '', '', '0', '');
INSERT INTO `pcmc_dept` VALUES ('8a21b3ab4d23c0a7014d2d78a0760062', '1', '安徽省', '8634', '05', null, '2', '', '', '', '', '', '', '0', '');
INSERT INTO `pcmc_dept` VALUES ('8a21b3ab4d23c0a7014d2d78dc820063', '1', '福建省', '8635', '05', null, '2', '', '', '', '', '', '', '0', '');
INSERT INTO `pcmc_dept` VALUES ('8a21b3ab4d23c0a7014d2d792b4a0064', '1', '江西省', '8636', '05', null, '2', '', '', '', '', '', '', '0', '');
INSERT INTO `pcmc_dept` VALUES ('8a21b3ab4d23c0a7014d2d7964be0065', '1', '山东省', '8637', '05', null, '2', '', '', '', '', '', '', '0', '');
INSERT INTO `pcmc_dept` VALUES ('8a21b3ab4d23c0a7014d2d799d130066', '1', '河南省', '8641', '05', null, '2', '', '', '', '', '', '', '0', '');
INSERT INTO `pcmc_dept` VALUES ('8a21b3ab4d23c0a7014d2d79d45d0067', '1', '湖北省', '8642', '05', null, '2', '', '', '', '', '', '', '0', '');
INSERT INTO `pcmc_dept` VALUES ('8a21b3ab4d23c0a7014d2d7a1a110068', '1', '湖南省', '8643', '05', null, '2', '', '', '', '', '', '', '0', '');
INSERT INTO `pcmc_dept` VALUES ('8a21b3ab4d23c0a7014d2d7a545a0069', '1', '广西壮族自治区', '8645', '05', null, '2', '', '', '', '', '', '', '0', '');
INSERT INTO `pcmc_dept` VALUES ('8a21b3ab4d23c0a7014d2d7a9287006a', '1', '海南省', '8646', '05', null, '2', '', '', '', '', '', '', '0', '');
INSERT INTO `pcmc_dept` VALUES ('8a21b3ab4d23c0a7014d2d7ac7b1006b', '1', '重庆市', '8650', '05', null, '2', '', '', '', '', '', '', '0', '');
INSERT INTO `pcmc_dept` VALUES ('8a21b3ab4d23c0a7014d2d7b0d3e006c', '1', '四川省', '8651', '05', null, '2', '', '', '', '', '', '', '0', '');
INSERT INTO `pcmc_dept` VALUES ('8a21b3ab4d23c0a7014d2d7b3c7b006d', '1', '贵州省', '8652', '05', null, '2', '', '', '', '', '', '', '0', '');
INSERT INTO `pcmc_dept` VALUES ('8a21b3ab4d23c0a7014d2d7b71c4006e', '1', '云南省', '8653', '05', null, '2', '', '', '', '', '', '', '0', '');
INSERT INTO `pcmc_dept` VALUES ('8a21b3ab4d23c0a7014d2d7bc0b4006f', '1', '西藏自治区', '8654', '05', null, '2', '', '', '', '', '', '', '0', '');
INSERT INTO `pcmc_dept` VALUES ('8a21b3ab4d23c0a7014d2d7bf9d30070', '1', '陕西省', '8661', '05', null, '2', '', '', '', '', '', '', '0', '');
INSERT INTO `pcmc_dept` VALUES ('8a21b3ab4d23c0a7014d2d7c3bef0071', '1', '甘肃省', '8662', '05', null, '2', '', '', '', '', '', '', '0', '');
INSERT INTO `pcmc_dept` VALUES ('8a21b3ab4d23c0a7014d2d7c78ff0072', '1', '青海省', '8663', '05', null, '2', '', '', '', '', '', '', '0', '');
INSERT INTO `pcmc_dept` VALUES ('8a21b3ab4d23c0a7014d2d7cc1e60073', '1', '宁夏回族自治区', '8664', '05', null, '2', '', '', '', '', '', '', '0', '');
INSERT INTO `pcmc_dept` VALUES ('8a21b3ab4d23c0a7014d2d7d09270074', '1', '新疆维吾尔自治区', '8665', '05', null, '2', '', '', '', '', '', '', '0', '');
INSERT INTO `pcmc_dept` VALUES ('8a21b3ab4d23c0a7014d2d7d46a80075', '1', '台湾省', '8671', '05', null, '2', '', '', '', '', '', '', '0', '');
INSERT INTO `pcmc_dept` VALUES ('8a21b3ab4d23c0a7014d2d7d80430076', '1', '香港特别行政区', '8681', '05', null, '2', '', '', '', '', '', '', '0', '');
INSERT INTO `pcmc_dept` VALUES ('8a21b3ab4d23c0a7014d2d7dbe590077', '1', '澳门特别行政区', '8682', '05', null, '2', '', '', '', '', '', '', '0', '');
INSERT INTO `pcmc_dept` VALUES ('8a21b3ab4d23c0a7014d2d7f240f0078', '8a21b3ab4d23c0a7014d2c5ef0700019', '广州市', '864401', '05', null, '4', '', '', '', '', '', '', '0', '');
INSERT INTO `pcmc_dept` VALUES ('8a21b3ab4d23c0a7014d2d7f770a0079', '8a21b3ab4d23c0a7014d2c5ef0700019', '韶关市', '864402', '05', null, '4', '', '', '', '', '', '', '0', '');
INSERT INTO `pcmc_dept` VALUES ('8a21b3ab4d23c0a7014d2d7fc41f007a', '8a21b3ab4d23c0a7014d2c5ef0700019', '珠海市', '864404', '05', null, '4', '', '', '', '', '', '', '0', '');
INSERT INTO `pcmc_dept` VALUES ('8a21b3ab4d23c0a7014d2d8014ad007b', '8a21b3ab4d23c0a7014d2c5ef0700019', '汕头市', '864405', '05', null, '4', '', '', '', '', '', '', '0', '');
INSERT INTO `pcmc_dept` VALUES ('8a21b3ab4d23c0a7014d2d807485007c', '8a21b3ab4d23c0a7014d2c5ef0700019', '佛山市', '864406', '05', null, '4', '', '', '', '', '', '', '0', '');
INSERT INTO `pcmc_dept` VALUES ('8a21b3ab4d23c0a7014d2d80b4e1007d', '8a21b3ab4d23c0a7014d2c5ef0700019', '江门市', '864407', '05', null, '4', '', '', '', '', '', '', '0', '');
INSERT INTO `pcmc_dept` VALUES ('8a21b3ab4d23c0a7014d2d811e79007e', '8a21b3ab4d23c0a7014d2c5ef0700019', '湛江市', '864408', '05', null, '4', '', '', '', '', '', '', '0', '');
INSERT INTO `pcmc_dept` VALUES ('8a21b3ab4d23c0a7014d2d816498007f', '8a21b3ab4d23c0a7014d2c5ef0700019', '茂名市', '864409', '05', null, '4', '', '', '', '', '', '', '0', '');
INSERT INTO `pcmc_dept` VALUES ('8a21b3ab4d23c0a7014d2d81be540080', '8a21b3ab4d23c0a7014d2c5ef0700019', '肇庆市', '864412', '05', null, '4', '', '', '', '', '', '', '0', '');
INSERT INTO `pcmc_dept` VALUES ('8a21b3ab4d23c0a7014d2d8203bd0081', '8a21b3ab4d23c0a7014d2c5ef0700019', '惠州市', '864413', '05', null, '4', '', '', '', '', '', '', '0', '');
INSERT INTO `pcmc_dept` VALUES ('8a21b3ab4d23c0a7014d2d8241550082', '8a21b3ab4d23c0a7014d2c5ef0700019', '梅州市', '864414', '05', null, '4', '', '', '', '', '', '', '0', '');
INSERT INTO `pcmc_dept` VALUES ('8a21b3ab4d23c0a7014d2d828cdd0083', '8a21b3ab4d23c0a7014d2c5ef0700019', '汕尾市', '864415', '05', null, '4', '', '', '', '', '', '', '0', '');
INSERT INTO `pcmc_dept` VALUES ('8a21b3ab4d23c0a7014d2d82e7410084', '8a21b3ab4d23c0a7014d2c5ef0700019', '河源市', '864416', '05', null, '4', '', '', '', '', '', '', '0', '');
INSERT INTO `pcmc_dept` VALUES ('8a21b3ab4d23c0a7014d2d83a8610085', '8a21b3ab4d23c0a7014d2c5ef0700019', '阳江市', '864417', '05', null, '4', '', '', '', '', '', '', '0', '');
INSERT INTO `pcmc_dept` VALUES ('8a21b3ab4d23c0a7014d2d83e2ee0086', '8a21b3ab4d23c0a7014d2c5ef0700019', '清远市', '864418', '05', null, '4', '', '', '', '', '', '', '0', '');
INSERT INTO `pcmc_dept` VALUES ('8a21b3ab4d23c0a7014d2d8429d20087', '8a21b3ab4d23c0a7014d2c5ef0700019', '东莞市', '864419', '05', null, '4', '', '', '', '', '', '', '0', '');
INSERT INTO `pcmc_dept` VALUES ('8a21b3ab4d23c0a7014d2d84682c0088', '8a21b3ab4d23c0a7014d2c5ef0700019', '中山市', '864420', '05', null, '4', '', '', '', '', '', '', '0', '');
INSERT INTO `pcmc_dept` VALUES ('8a21b3ab4d23c0a7014d2d84b8cd0089', '8a21b3ab4d23c0a7014d2c5ef0700019', '潮州市', '864451', '05', null, '4', '', '', '', '', '', '', '0', '');
INSERT INTO `pcmc_dept` VALUES ('8a21b3ab4d23c0a7014d2d851170008a', '8a21b3ab4d23c0a7014d2c5ef0700019', '揭阳市', '864452', '05', null, '4', '', '', '', '', '', '', '0', '');
INSERT INTO `pcmc_dept` VALUES ('8a21b3ab4d23c0a7014d2d8563f6008b', '8a21b3ab4d23c0a7014d2c5ef0700019', '云浮市', '864453', '05', null, '4', '', '', '', '', '', '', '0', '');

-- ----------------------------
-- Table structure for `pcmc_dept_attr`
-- ----------------------------
DROP TABLE IF EXISTS `pcmc_dept_attr`;
CREATE TABLE `pcmc_dept_attr` (
  `deptid` varchar(32) NOT NULL,
  `egdeptname` varchar(200) DEFAULT NULL,
  `addresscode` varchar(32) DEFAULT NULL,
  `edu_deptname` varchar(200) DEFAULT NULL,
  `edu_deptcode` varchar(32) DEFAULT NULL,
  `xzbm_name` varchar(200) DEFAULT NULL,
  `xzbm_code` varchar(32) DEFAULT NULL,
  `bxlx` varchar(10) DEFAULT NULL,
  `jbzlx` varchar(10) DEFAULT NULL,
  `fsblx` varchar(10) DEFAULT NULL,
  `xxxz` varchar(10) DEFAULT NULL,
  `czxz` varchar(10) DEFAULT NULL,
  `gzxz` varchar(10) DEFAULT NULL,
  `kbxkzh` varchar(40) DEFAULT NULL,
  `kbxkzspjg` varchar(200) DEFAULT NULL,
  `djzch` varchar(40) DEFAULT NULL,
  PRIMARY KEY (`deptid`)
) ENGINE=InnoDB DEFAULT CHARSET=utf8 COMMENT='组织结构扩展属性表';

-- ----------------------------
-- Records of pcmc_dept_attr
-- ----------------------------

-- ----------------------------
-- Table structure for `pcmc_log`
-- ----------------------------
DROP TABLE IF EXISTS `pcmc_log`;
CREATE TABLE `pcmc_log` (
  `logid` varchar(32) NOT NULL COMMENT '日志ID',
  `userid` varchar(32) NOT NULL COMMENT '用户',
  `begintime` datetime DEFAULT NULL COMMENT '开始时间',
  `endtime` datetime DEFAULT NULL COMMENT '完成时间',
  `sysname` varchar(40) DEFAULT NULL COMMENT '子系统',
  `oprid` varchar(40) DEFAULT NULL COMMENT '模块',
  `actions` varchar(40) NOT NULL COMMENT '操作',
  `issuccess` smallint(6) NOT NULL COMMENT '执行是否成功',
  `xmldoc` longtext COMMENT '交易报文',
  `ipaddr` varchar(15) DEFAULT NULL COMMENT 'IP地址',
  `basetbl` varchar(50) DEFAULT NULL COMMENT '操作业务表',
  `key_id` varchar(1000) DEFAULT NULL COMMENT '操作数据行ID',
  PRIMARY KEY (`logid`)
) ENGINE=InnoDB DEFAULT CHARSET=utf8 COMMENT='系统日志';

-- ----------------------------
-- Records of pcmc_log
-- ----------------------------
INSERT INTO `pcmc_log` VALUES ('2c9ca2865312335c01531278357e0006', '1', '2016-02-24 16:49:41', '2016-02-24 16:49:41', 'pcmc', 'userrole', 'updateUser', '0', null, '127.0.0.1', null, null);
INSERT INTO `pcmc_log` VALUES ('2c9ca2865312335c0153127843b10007', '1', '2016-02-24 16:49:44', '2016-02-24 16:49:44', 'pcmc', 'userrole', 'updateUser', '1', null, '127.0.0.1', null, null);
INSERT INTO `pcmc_log` VALUES ('2c9ca2865312335c0153127947ce0009', '40288009530b9c8901530bb1a1830005', '2016-02-24 16:50:51', '2016-02-24 16:50:51', 'pcmc', 'sm_permission', 'login', '0', null, '127.0.0.1', null, null);
INSERT INTO `pcmc_log` VALUES ('2c9ca2865312335c015312796772000b', '40288009530b9c8901530bb1a1830005', '2016-02-24 16:50:59', '2016-02-24 16:50:59', 'pcmc', 'sm_permission', 'login', '0', null, '127.0.0.1', null, null);
INSERT INTO `pcmc_log` VALUES ('2c9ca2865312335c015312798f11000d', '1', '2016-02-24 16:51:09', '2016-02-24 16:51:09', 'pcmc', 'sm_permission', 'login', '1', null, '127.0.0.1', null, null);
INSERT INTO `pcmc_log` VALUES ('2c9ca2865312335c01531279e136000e', '1', '2016-02-24 16:51:30', '2016-02-24 16:51:30', 'pcmc', 'userrole', 'updateUser', '0', null, '127.0.0.1', null, null);
INSERT INTO `pcmc_log` VALUES ('2c9ca2865312335c0153128980ad000f', '1', '2016-02-24 17:08:34', '2016-02-24 17:08:34', 'pcmc', 'userrole', 'updateUser', '0', null, '127.0.0.1', null, null);
INSERT INTO `pcmc_log` VALUES ('2c9ca2865312335c015312903ca80010', '1', '2016-02-24 17:15:55', '2016-02-24 17:15:55', 'pcmc', 'userrole', 'updateUser', '0', null, '127.0.0.1', null, null);
INSERT INTO `pcmc_log` VALUES ('2c9ca2865312926c015312926d010001', '1', '2016-02-24 17:18:15', '2016-02-24 17:18:19', 'pcmc', 'sm_permission', 'login', '1', null, '127.0.0.1', null, null);
INSERT INTO `pcmc_log` VALUES ('2c9ca2865312926c01531292b1580002', '1', '2016-02-24 17:18:36', '2016-02-24 17:18:36', 'pcmc', 'userrole', 'updateUser', '0', null, '127.0.0.1', null, null);
INSERT INTO `pcmc_log` VALUES ('2c9ca2865312926c01531292fa070003', '1', '2016-02-24 17:18:55', '2016-02-24 17:18:55', 'pcmc', 'userrole', 'updateUser', '0', null, '127.0.0.1', null, null);
INSERT INTO `pcmc_log` VALUES ('2c9ca2865312952b015312952c590001', '1', '2016-02-24 17:21:16', '2016-02-24 17:21:19', 'pcmc', 'sm_permission', 'login', '1', null, '127.0.0.1', null, null);
INSERT INTO `pcmc_log` VALUES ('2c9ca2865312952b0153129565a90002', '1', '2016-02-24 17:21:34', '2016-02-24 17:21:34', 'pcmc', 'userrole', 'updateUser', '0', null, '127.0.0.1', null, null);
INSERT INTO `pcmc_log` VALUES ('2c9ca2865312984b015312984b7e0001', '1', '2016-02-24 17:24:41', '2016-02-24 17:24:44', 'pcmc', 'sm_permission', 'login', '1', null, '127.0.0.1', null, null);
INSERT INTO `pcmc_log` VALUES ('2c9ca2865312984b0153129898ac0002', '1', '2016-02-24 17:25:03', '2016-02-24 17:25:03', 'pcmc', 'userrole', 'updateUser', '0', null, '127.0.0.1', null, null);
INSERT INTO `pcmc_log` VALUES ('2c9ca2865312984b0153129aa2ef0003', '1', '2016-02-24 17:26:30', '2016-02-24 17:27:17', 'pcmc', 'userrole', 'updateUser', '0', null, '127.0.0.1', null, null);
INSERT INTO `pcmc_log` VALUES ('2c9ca28653129e510153129e52070001', '1', '2016-02-24 17:31:15', '2016-02-24 17:31:18', 'pcmc', 'sm_permission', 'login', '1', null, '127.0.0.1', null, null);
INSERT INTO `pcmc_log` VALUES ('2c9ca28653129e510153129e90ea0002', '1', '2016-02-24 17:31:34', '2016-02-24 17:31:35', 'pcmc', 'userrole', 'updateUser', '1', null, '127.0.0.1', null, null);
INSERT INTO `pcmc_log` VALUES ('2c9ca28653129e510153129fbc7a0003', '1', '2016-02-24 17:32:51', '2016-02-24 17:32:51', 'pcmc', 'userrole', 'updateUser', '1', null, '127.0.0.1', null, null);
INSERT INTO `pcmc_log` VALUES ('2c9ca28653129e51015312bb77d20004', '1', '2016-02-24 18:03:08', '2016-02-24 18:03:09', 'pcmc', 'userrole', 'updateUser', '1', null, '127.0.0.1', null, null);
INSERT INTO `pcmc_log` VALUES ('2c9ca28653129e51015312bbe4e10006', '40288009530b9c8901530bb1a1830005', '2016-02-24 18:03:36', '2016-02-24 18:03:37', 'pcmc', 'sm_permission', 'login', '1', null, '127.0.0.1', null, null);
INSERT INTO `pcmc_log` VALUES ('2c9ca28653129e51015312cf8f2d0010', '1', '2016-02-24 18:25:05', '2016-02-24 18:25:05', 'pcmc', 'sm_permission', 'login', '1', null, '127.0.0.1', null, null);
INSERT INTO `pcmc_log` VALUES ('2c9ca2865315e7f5015315e7f5ec0001', '1', '2016-02-25 08:50:35', '2016-02-25 08:50:36', 'pcmc', 'sm_permission', 'login', '1', null, '127.0.0.1', null, null);
INSERT INTO `pcmc_log` VALUES ('2c9ca286531609f901531609fa310001', '1', '2016-02-25 09:27:44', '2016-02-25 09:27:45', 'pcmc', 'sm_permission', 'login', '1', null, '127.0.0.1', null, null);
INSERT INTO `pcmc_log` VALUES ('2c9ca286531609f90153160c70360003', '40288009530b9c8901530bb1a1830005', '2016-02-25 09:30:27', '2016-02-25 09:30:27', 'pcmc', 'sm_permission', 'login', '1', null, '127.0.0.1', null, null);
INSERT INTO `pcmc_log` VALUES ('2c9ca286531609f90153160d0ade0005', '1', '2016-02-25 09:31:06', '2016-02-25 09:31:06', 'pcmc', 'sm_permission', 'login', '1', null, '127.0.0.1', null, null);
INSERT INTO `pcmc_log` VALUES ('2c9ca286531609f90153160d657e0006', '1', '2016-02-25 09:31:29', '2016-02-25 09:31:30', 'pcmc', 'userrole', 'updateUser', '1', null, '127.0.0.1', null, null);
INSERT INTO `pcmc_log` VALUES ('2c9ca286531609f90153160e00330008', '40288009530b9c8901530bb1a1830005', '2016-02-25 09:32:09', '2016-02-25 09:32:09', 'pcmc', 'sm_permission', 'login', '1', null, '127.0.0.1', null, null);
INSERT INTO `pcmc_log` VALUES ('2c9ca286531609f90153160e4fa0000a', '1', '2016-02-25 09:32:29', '2016-02-25 09:32:29', 'pcmc', 'sm_permission', 'login', '1', null, '127.0.0.1', null, null);
INSERT INTO `pcmc_log` VALUES ('2c9ca286531609f901531632d5cb000d', '40288009530b9c8901530bb1a1830005', '2016-02-25 10:12:23', '2016-02-25 10:12:23', 'pcmc', 'sm_permission', 'login', '1', null, '127.0.0.1', null, null);
INSERT INTO `pcmc_log` VALUES ('2c9ca286531609f9015316361854000f', '1', '2016-02-25 10:15:57', '2016-02-25 10:15:57', 'pcmc', 'sm_permission', 'login', '1', null, '127.0.0.1', null, null);
INSERT INTO `pcmc_log` VALUES ('2c9ca28653163ccb0153163ccc220001', '1', '2016-02-25 10:23:12', '2016-02-25 10:23:16', 'pcmc', 'sm_permission', 'login', '1', null, '127.0.0.1', null, null);
INSERT INTO `pcmc_log` VALUES ('2c9ca28653163ccb0153163cfa480003', '1', '2016-02-25 10:23:28', '2016-02-25 10:23:28', 'pcmc', 'sm_permission', 'login', '1', null, '127.0.0.1', null, null);
INSERT INTO `pcmc_log` VALUES ('2c9ca286531674170153167417790001', '1', '2016-02-25 11:23:37', '2016-02-25 11:23:40', 'pcmc', 'sm_permission', 'login', '1', null, '127.0.0.1', null, null);
INSERT INTO `pcmc_log` VALUES ('2c9ca28853aba76b0153aba76e1e0001', '40288009530b9c8901530bb1a1830005', '2016-03-25 10:43:08', '2016-03-25 10:43:09', 'pcmc', 'sm_permission', 'login', '1', null, '127.0.0.1', null, null);
INSERT INTO `pcmc_log` VALUES ('2c9ca28853abd1390153abd13a3b0001', '40288009530b9c8901530bb1a1830005', '2016-03-25 11:28:48', '2016-03-25 11:28:49', 'pcmc', 'sm_permission', 'login', '1', null, '0:0:0:0:0:0:0:1', null, null);
INSERT INTO `pcmc_log` VALUES ('2c9ca28853ac2cad0153ac2cae760001', '40288009530b9c8901530bb1a1830005', '2016-03-25 13:08:41', '2016-03-25 13:08:42', 'pcmc', 'sm_permission', 'login', '1', null, '0:0:0:0:0:0:0:1', null, null);
INSERT INTO `pcmc_log` VALUES ('2c9ca28853ac2cad0153ac2cbdae0003', '40288009530b9c8901530bb1a1830005', '2016-03-25 13:08:43', '2016-03-25 13:08:46', 'pcmc', 'sm_permission', 'login', '1', null, '0:0:0:0:0:0:0:1', null, null);
INSERT INTO `pcmc_log` VALUES ('2c9ca28853ac2cad0153ac2e13f00005', '40288009530b9c8901530bb1a1830005', '2016-03-25 13:10:11', '2016-03-25 13:10:14', 'pcmc', 'sm_permission', 'login', '1', null, '0:0:0:0:0:0:0:1', null, null);
INSERT INTO `pcmc_log` VALUES ('2c9ca28853ac2cad0153ac2e23360007', '40288009530b9c8901530bb1a1830005', '2016-03-25 13:10:13', '2016-03-25 13:10:18', 'pcmc', 'sm_permission', 'login', '1', null, '0:0:0:0:0:0:0:1', null, null);
INSERT INTO `pcmc_log` VALUES ('2c9ca28853ac2cad0153ac2e26a50009', '40288009530b9c8901530bb1a1830005', '2016-03-25 13:10:16', '2016-03-25 13:10:19', 'pcmc', 'sm_permission', 'login', '1', null, '0:0:0:0:0:0:0:1', null, null);
INSERT INTO `pcmc_log` VALUES ('2c9ca28853ac2cad0153ac33f251000b', '40288009530b9c8901530bb1a1830005', '2016-03-25 13:16:38', '2016-03-25 13:16:38', 'pcmc', 'sm_permission', 'login', '1', null, '0:0:0:0:0:0:0:1', null, null);
INSERT INTO `pcmc_log` VALUES ('2c9ca28853ac2cad0153ac386b3d000d', '1', '2016-03-25 13:21:31', '2016-03-25 13:21:31', 'pcmc', 'sm_permission', 'login', '1', null, '0:0:0:0:0:0:0:1', null, null);
INSERT INTO `pcmc_log` VALUES ('2c9ca28853ac2cad0153ac3dd183000f', '40288009530b9c8901530bb1a1830005', '2016-03-25 13:27:25', '2016-03-25 13:27:25', 'pcmc', 'sm_permission', 'login', '1', null, '0:0:0:0:0:0:0:1', null, null);
INSERT INTO `pcmc_log` VALUES ('2c9ca28853ac3edd0153ac3edd830001', '40288009530b9c8901530bb1a1830005', '2016-03-25 13:28:33', '2016-03-25 13:28:34', 'pcmc', 'sm_permission', 'login', '1', null, '0:0:0:0:0:0:0:1', null, null);
INSERT INTO `pcmc_log` VALUES ('40288009535e75b301535e75b3bb0002', '1', '2016-03-10 10:58:04', '2016-03-10 10:58:05', 'pcmc', 'sm_permission', 'login', '1', null, '127.0.0.1', null, null);
INSERT INTO `pcmc_log` VALUES ('40288009535e75b301535e75b3c30003', '1', '2016-03-10 10:58:04', '2016-03-10 10:58:05', 'pcmc', 'sm_permission', 'login', '0', null, '127.0.0.1', null, null);
INSERT INTO `pcmc_log` VALUES ('40288009535e75b301535e75eb150005', '1', '2016-03-10 10:58:18', '2016-03-10 10:58:19', 'pcmc', 'sm_permission', 'login', '1', null, '127.0.0.1', null, null);
INSERT INTO `pcmc_log` VALUES ('40288009535e75b301535e7645720007', '1', '2016-03-10 10:58:35', '2016-03-10 10:58:42', 'pcmc', 'sm_permission', 'login', '1', null, '127.0.0.1', null, null);
INSERT INTO `pcmc_log` VALUES ('40288009535e75b301535e7685c70009', '40288009530b9c8901530bb1a1830005', '2016-03-10 10:58:53', '2016-03-10 10:58:59', 'pcmc', 'sm_permission', 'login', '1', null, '127.0.0.1', null, null);
INSERT INTO `pcmc_log` VALUES ('40288009535e75b301535e78a378000b', '1', '2016-03-10 11:01:03', '2016-03-10 11:01:17', 'pcmc', 'sm_permission', 'login', '1', null, '127.0.0.1', null, null);
INSERT INTO `pcmc_log` VALUES ('40288009535e75b301535e7a1c78000d', '1', '2016-03-10 11:02:43', '2016-03-10 11:02:54', 'pcmc', 'sm_permission', 'login', '1', null, '127.0.0.1', null, null);
INSERT INTO `pcmc_log` VALUES ('40288009535f08f301535f08f3c50001', '40288009530b9c8901530bb1a1830005', '2016-03-10 13:38:39', '2016-03-10 13:38:55', 'pcmc', 'sm_permission', 'login', '1', null, '127.0.0.1', null, null);
INSERT INTO `pcmc_log` VALUES ('40288009535f08f301535f18fc980003', '1', '2016-03-10 13:56:13', '2016-03-10 13:56:26', 'pcmc', 'sm_permission', 'login', '1', null, '127.0.0.1', null, null);
INSERT INTO `pcmc_log` VALUES ('40288009535f08f301535f1902cf0005', '1', '2016-03-10 13:56:13', '2016-03-10 13:56:27', 'pcmc', 'sm_permission', 'login', '1', null, '127.0.0.1', null, null);
INSERT INTO `pcmc_log` VALUES ('40288009535f1e3301535f1e34520001', '1', '2016-03-10 14:02:01', '2016-03-10 14:02:08', 'pcmc', 'sm_permission', 'login', '1', null, '127.0.0.1', null, null);
INSERT INTO `pcmc_log` VALUES ('40288009535f240101535f2401ef0001', '1', '2016-03-10 14:08:06', '2016-03-10 14:08:28', 'pcmc', 'sm_permission', 'login', '1', null, '127.0.0.1', null, null);
INSERT INTO `pcmc_log` VALUES ('40288009535f349b01535f349baa0001', '1', '2016-03-10 14:26:20', '2016-03-10 14:26:36', 'pcmc', 'sm_permission', 'login', '1', null, '127.0.0.1', null, null);
INSERT INTO `pcmc_log` VALUES ('40288009535f414301535f4143a10001', '40288009530b9c8901530bb1a1830005', '2016-03-10 14:40:06', '2016-03-10 14:40:26', 'pcmc', 'sm_permission', 'login', '1', null, '127.0.0.1', null, null);
INSERT INTO `pcmc_log` VALUES ('40288009535f414301535f41e1150003', '40288009530b9c8901530bb1a1830005', '2016-03-10 14:41:02', '2016-03-10 14:41:06', 'pcmc', 'sm_permission', 'login', '1', null, '127.0.0.1', null, null);
INSERT INTO `pcmc_log` VALUES ('40288148531229170153127550fa0011', '1', '2016-02-24 16:46:31', '2016-02-24 16:46:31', 'pcmc', 'sm_permission', 'login', '1', null, '0:0:0:0:0:0:0:1', null, null);
INSERT INTO `pcmc_log` VALUES ('4028814853128c030153128c03d60001', '1', '2016-02-24 17:11:18', '2016-02-24 17:11:19', 'pcmc', 'sm_permission', 'login', '1', null, '0:0:0:0:0:0:0:1', null, null);
INSERT INTO `pcmc_log` VALUES ('40288148531291ab01531291abe10001', '1', '2016-02-24 17:17:29', '2016-02-24 17:17:29', 'pcmc', 'sm_permission', 'login', '1', null, '0:0:0:0:0:0:0:1', null, null);
INSERT INTO `pcmc_log` VALUES ('4028814853129d250153129d255e0001', '1', '2016-02-24 17:30:01', '2016-02-24 17:30:01', 'pcmc', 'sm_permission', 'login', '1', null, '0:0:0:0:0:0:0:1', null, null);
INSERT INTO `pcmc_log` VALUES ('402881485312a115015312a115e50001', '1', '2016-02-24 17:34:19', '2016-02-24 17:34:20', 'pcmc', 'sm_permission', 'login', '1', null, '0:0:0:0:0:0:0:1', null, null);
INSERT INTO `pcmc_log` VALUES ('402881485312acc0015312acc0d50001', '1', '2016-02-24 17:47:04', '2016-02-24 17:47:04', 'pcmc', 'sm_permission', 'login', '1', null, '0:0:0:0:0:0:0:1', null, null);
INSERT INTO `pcmc_log` VALUES ('402881485312af23015312af237e0001', '1', '2016-02-24 17:49:40', '2016-02-24 17:49:41', 'pcmc', 'sm_permission', 'login', '1', null, '0:0:0:0:0:0:0:1', null, null);
INSERT INTO `pcmc_log` VALUES ('40288148531609220153160922f00001', '1', '2016-02-25 09:26:50', '2016-02-25 09:26:50', 'pcmc', 'sm_permission', 'login', '1', null, '0:0:0:0:0:0:0:1', null, null);
INSERT INTO `pcmc_log` VALUES ('40288148531610400153161040830001', '1', '2016-02-25 09:34:36', '2016-02-25 09:34:37', 'pcmc', 'sm_permission', 'login', '1', null, '0:0:0:0:0:0:0:1', null, null);
INSERT INTO `pcmc_log` VALUES ('402881485316104001531616b8610003', '1', '2016-02-25 09:41:41', '2016-02-25 09:41:41', 'pcmc', 'sm_permission', 'login', '1', null, '0:0:0:0:0:0:0:1', null, null);
INSERT INTO `pcmc_log` VALUES ('4028814853161fea0153161fead00001', '1', '2016-02-25 09:51:43', '2016-02-25 09:51:43', 'pcmc', 'sm_permission', 'login', '1', null, '0:0:0:0:0:0:0:1', null, null);
INSERT INTO `pcmc_log` VALUES ('40288148531628a101531628a1df0001', '1', '2016-02-25 10:01:14', '2016-02-25 10:01:14', 'pcmc', 'sm_permission', 'login', '1', null, '0:0:0:0:0:0:0:1', null, null);
INSERT INTO `pcmc_log` VALUES ('4028814853163c5e0153163c5eec0001', '1', '2016-02-25 10:22:48', '2016-02-25 10:22:48', 'pcmc', 'sm_permission', 'login', '1', null, '0:0:0:0:0:0:0:1', null, null);
INSERT INTO `pcmc_log` VALUES ('40288148531668a901531668a9d30001', '1', '2016-02-25 11:11:10', '2016-02-25 11:11:11', 'pcmc', 'sm_permission', 'login', '1', null, '0:0:0:0:0:0:0:1', null, null);
INSERT INTO `pcmc_log` VALUES ('4028814853166e450153166e45840001', '1', '2016-02-25 11:17:18', '2016-02-25 11:17:18', 'pcmc', 'sm_permission', 'login', '1', null, '0:0:0:0:0:0:0:1', null, null);
INSERT INTO `pcmc_log` VALUES ('40288148531678e401531678e4ea0001', '1', '2016-02-25 11:28:54', '2016-02-25 11:28:55', 'pcmc', 'sm_permission', 'login', '1', null, '0:0:0:0:0:0:0:1', null, null);
INSERT INTO `pcmc_log` VALUES ('40288148531678e401531724dc100003', '1', '2016-02-25 14:36:44', '2016-02-25 14:36:44', 'pcmc', 'sm_permission', 'login', '1', null, '0:0:0:0:0:0:0:1', null, null);
INSERT INTO `pcmc_log` VALUES ('4028814853176ecc0153176ecc730001', '1', '2016-02-25 15:57:29', '2016-02-25 15:57:30', 'pcmc', 'sm_permission', 'login', '1', null, '0:0:0:0:0:0:0:1', null, null);
INSERT INTO `pcmc_log` VALUES ('40288148531773bf01531773c0000001', '1', '2016-02-25 16:02:54', '2016-02-25 16:02:55', 'pcmc', 'sm_permission', 'login', '1', null, '0:0:0:0:0:0:0:1', null, null);
INSERT INTO `pcmc_log` VALUES ('402881485317908b015317908be90001', '1', '2016-02-25 16:34:21', '2016-02-25 16:34:22', 'pcmc', 'sm_permission', 'login', '1', null, '0:0:0:0:0:0:0:1', null, null);
INSERT INTO `pcmc_log` VALUES ('40288148531794400153179440660001', '1', '2016-02-25 16:38:24', '2016-02-25 16:38:25', 'pcmc', 'sm_permission', 'login', '1', null, '0:0:0:0:0:0:0:1', null, null);
INSERT INTO `pcmc_log` VALUES ('4028814853179b7e0153179b7e9a0001', '1', '2016-02-25 16:46:19', '2016-02-25 16:46:19', 'pcmc', 'sm_permission', 'login', '1', null, '0:0:0:0:0:0:0:1', null, null);
INSERT INTO `pcmc_log` VALUES ('4028814853179d820153179d82b20001', '1', '2016-02-25 16:48:31', '2016-02-25 16:48:31', 'pcmc', 'sm_permission', 'login', '1', null, '0:0:0:0:0:0:0:1', null, null);
INSERT INTO `pcmc_log` VALUES ('402881485317ceaf015317ceb0190001', '1', '2016-02-25 17:42:14', '2016-02-25 17:42:14', 'pcmc', 'sm_permission', 'login', '1', null, '0:0:0:0:0:0:0:1', null, null);
INSERT INTO `pcmc_log` VALUES ('40288148531b1dea01531b1deac30001', '1', '2016-02-26 09:07:38', '2016-02-26 09:07:38', 'pcmc', 'sm_permission', 'login', '1', null, '0:0:0:0:0:0:0:1', null, null);
INSERT INTO `pcmc_log` VALUES ('40288148531b1dea01531b1e3a360003', '40288009530b9c8901530bb1a1830005', '2016-02-26 09:07:59', '2016-02-26 09:07:59', 'pcmc', 'sm_permission', 'login', '1', null, '0:0:0:0:0:0:0:1', null, null);
INSERT INTO `pcmc_log` VALUES ('40288148531b1dea01531b1edfe70005', '1', '2016-02-26 09:08:41', '2016-02-26 09:08:41', 'pcmc', 'sm_permission', 'login', '1', null, '0:0:0:0:0:0:0:1', null, null);
INSERT INTO `pcmc_log` VALUES ('40288148531b26ad01531b26ad2a0001', '1', '2016-02-26 09:17:12', '2016-02-26 09:17:12', 'pcmc', 'sm_permission', 'login', '1', null, '0:0:0:0:0:0:0:1', null, null);
INSERT INTO `pcmc_log` VALUES ('40288148531b26ad01531b26e0e40003', '40288009530b9c8901530bb1a1830005', '2016-02-26 09:17:26', '2016-02-26 09:17:26', 'pcmc', 'sm_permission', 'login', '1', null, '0:0:0:0:0:0:0:1', null, null);
INSERT INTO `pcmc_log` VALUES ('40288148531b2c6201531b2c62290001', '1', '2016-02-26 09:23:26', '2016-02-26 09:23:26', 'pcmc', 'sm_permission', 'login', '1', null, '0:0:0:0:0:0:0:1', null, null);
INSERT INTO `pcmc_log` VALUES ('40288148531b33af01531b33affc0001', '1', '2016-02-26 09:31:25', '2016-02-26 09:31:25', 'pcmc', 'sm_permission', 'login', '1', null, '0:0:0:0:0:0:0:1', null, null);
INSERT INTO `pcmc_log` VALUES ('40288148531b33af01531b33edc40003', '40288009530b9c8901530bb1a1830005', '2016-02-26 09:31:41', '2016-02-26 09:31:41', 'pcmc', 'sm_permission', 'login', '1', null, '0:0:0:0:0:0:0:1', null, null);
INSERT INTO `pcmc_log` VALUES ('40288148531b4cdc01531b4cdca90001', '40288009530b9c8901530bb1a1830005', '2016-02-26 09:58:55', '2016-02-26 09:58:55', 'pcmc', 'sm_permission', 'login', '1', null, '0:0:0:0:0:0:0:1', null, null);
INSERT INTO `pcmc_log` VALUES ('40288148531b4cdc01531b4ecf330003', '1', '2016-02-26 10:01:02', '2016-02-26 10:01:03', 'pcmc', 'sm_permission', 'login', '1', null, '0:0:0:0:0:0:0:1', null, null);
INSERT INTO `pcmc_log` VALUES ('40288148531b54ff01531b54ff5b0001', '1', '2016-02-26 10:07:47', '2016-02-26 10:07:48', 'pcmc', 'sm_permission', 'login', '1', null, '0:0:0:0:0:0:0:1', null, null);
INSERT INTO `pcmc_log` VALUES ('40288148531b66ca01531b66cafa0001', '40288009530b9c8901530bb1a1830005', '2016-02-26 10:27:14', '2016-02-26 10:27:14', 'pcmc', 'sm_permission', 'login', '1', null, '0:0:0:0:0:0:0:1', null, null);
INSERT INTO `pcmc_log` VALUES ('40288148531b66ca01531b7fe552000b', '1', '2016-02-26 10:54:39', '2016-02-26 10:54:39', 'pcmc', 'sm_permission', 'login', '1', null, '0:0:0:0:0:0:0:1', null, null);
INSERT INTO `pcmc_log` VALUES ('40288148531b8bf501531b8bf6170001', '1', '2016-02-26 11:07:50', '2016-02-26 11:07:50', 'pcmc', 'sm_permission', 'login', '1', null, '0:0:0:0:0:0:0:1', null, null);
INSERT INTO `pcmc_log` VALUES ('40288148531ba11f01531ba11fcd0001', '1', '2016-02-26 11:30:57', '2016-02-26 11:30:57', 'pcmc', 'sm_permission', 'login', '1', null, '0:0:0:0:0:0:0:1', null, null);
INSERT INTO `pcmc_log` VALUES ('40288148531ba11f01531ba205ea0003', '40288009530b9c8901530bb1a1830005', '2016-02-26 11:31:56', '2016-02-26 11:31:56', 'pcmc', 'sm_permission', 'login', '1', null, '0:0:0:0:0:0:0:1', null, null);
INSERT INTO `pcmc_log` VALUES ('40288148531ba11f01531bb900f10016', '1', '2016-02-26 11:57:02', '2016-02-26 11:57:02', 'pcmc', 'sm_permission', 'login', '1', null, '0:0:0:0:0:0:0:1', null, null);
INSERT INTO `pcmc_log` VALUES ('40288148531bbaa901531bbaa92f0001', '40288009530b9c8901530bb1a1830005', '2016-02-26 11:58:50', '2016-02-26 11:58:51', 'pcmc', 'sm_permission', 'login', '1', null, '0:0:0:0:0:0:0:1', null, null);
INSERT INTO `pcmc_log` VALUES ('40288148531bbaa901531bbca1e80003', '1', '2016-02-26 12:01:00', '2016-02-26 12:01:00', 'pcmc', 'sm_permission', 'login', '1', null, '0:0:0:0:0:0:0:1', null, null);
INSERT INTO `pcmc_log` VALUES ('40288148531bcde401531bcde4420001', '1', '2016-02-26 12:19:51', '2016-02-26 12:19:51', 'pcmc', 'sm_permission', 'login', '1', null, '0:0:0:0:0:0:0:1', null, null);
INSERT INTO `pcmc_log` VALUES ('40288148531bcde401531c105c020006', '1', '2016-02-26 13:32:27', '2016-02-26 13:32:27', 'pcmc', 'sm_permission', 'login', '1', null, '0:0:0:0:0:0:0:1', null, null);
INSERT INTO `pcmc_log` VALUES ('40288148531c393d01531c393d690001', '1', '2016-02-26 14:17:06', '2016-02-26 14:17:06', 'pcmc', 'sm_permission', 'login', '1', null, '0:0:0:0:0:0:0:1', null, null);
INSERT INTO `pcmc_log` VALUES ('40288148531c4a7401531c4a74320001', '1', '2016-02-26 14:35:54', '2016-02-26 14:35:54', 'pcmc', 'sm_permission', 'login', '1', null, '0:0:0:0:0:0:0:1', null, null);
INSERT INTO `pcmc_log` VALUES ('40288148531c5e5e01531c5e5e970001', '1', '2016-02-26 14:57:39', '2016-02-26 14:57:39', 'pcmc', 'sm_permission', 'login', '1', null, '0:0:0:0:0:0:0:1', null, null);
INSERT INTO `pcmc_log` VALUES ('40288148531c939801531c9398dc0001', '1', '2016-02-26 15:55:48', '2016-02-26 15:55:48', 'pcmc', 'sm_permission', 'login', '1', null, '0:0:0:0:0:0:0:1', null, null);
INSERT INTO `pcmc_log` VALUES ('40288148531caa0701531caa07ba0001', '1', '2016-02-26 16:20:18', '2016-02-26 16:20:18', 'pcmc', 'sm_permission', 'login', '1', null, '0:0:0:0:0:0:0:1', null, null);
INSERT INTO `pcmc_log` VALUES ('40288148531caa0701531cd516c50003', '1', '2016-02-26 17:07:20', '2016-02-26 17:07:20', 'pcmc', 'sm_permission', 'login', '1', null, '0:0:0:0:0:0:0:1', null, null);
INSERT INTO `pcmc_log` VALUES ('40288148531cea8501531cea85b50001', '1', '2016-02-26 17:30:44', '2016-02-26 17:30:45', 'pcmc', 'sm_permission', 'login', '1', null, '0:0:0:0:0:0:0:1', null, null);
INSERT INTO `pcmc_log` VALUES ('40288148531cea8501531d00c04d0003', '1', '2016-02-26 17:55:01', '2016-02-26 17:55:01', 'pcmc', 'sm_permission', 'login', '1', null, '0:0:0:0:0:0:0:1', null, null);
INSERT INTO `pcmc_log` VALUES ('40288148531d124701531d12474b0001', '1', '2016-02-26 18:14:10', '2016-02-26 18:14:10', 'pcmc', 'sm_permission', 'login', '1', null, '0:0:0:0:0:0:0:1', null, null);
INSERT INTO `pcmc_log` VALUES ('40288148531d132501531d1325ca0001', '1', '2016-02-26 18:15:07', '2016-02-26 18:15:07', 'pcmc', 'sm_permission', 'login', '1', null, '0:0:0:0:0:0:0:1', null, null);
INSERT INTO `pcmc_log` VALUES ('40288148531d188d01531d188e270001', '1', '2016-02-26 18:21:01', '2016-02-26 18:21:01', 'pcmc', 'sm_permission', 'login', '1', null, '0:0:0:0:0:0:0:1', null, null);
INSERT INTO `pcmc_log` VALUES ('40288148532af5ef01532af5efd10001', '1', '2016-02-29 10:57:53', '2016-02-29 10:57:54', 'pcmc', 'sm_permission', 'login', '1', null, '0:0:0:0:0:0:0:1', null, null);
INSERT INTO `pcmc_log` VALUES ('40288148532afe6601532afe66c50001', '1', '2016-02-29 11:07:08', '2016-02-29 11:07:08', 'pcmc', 'sm_permission', 'login', '1', null, '0:0:0:0:0:0:0:1', null, null);
INSERT INTO `pcmc_log` VALUES ('40288148532afe6601532b0501b50003', '1', '2016-02-29 11:14:21', '2016-02-29 11:14:21', 'pcmc', 'sm_permission', 'login', '1', null, '0:0:0:0:0:0:0:1', null, null);
INSERT INTO `pcmc_log` VALUES ('40288148532b909b01532b909bd20001', '1', '2016-02-29 13:46:50', '2016-02-29 13:46:50', 'pcmc', 'sm_permission', 'login', '1', null, '0:0:0:0:0:0:0:1', null, null);
INSERT INTO `pcmc_log` VALUES ('40288148532b909b01532b9350db0004', '1', '2016-02-29 13:49:48', '2016-02-29 13:49:48', 'pcmc', 'sm_permission', 'login', '1', null, '192.168.1.105', null, null);
INSERT INTO `pcmc_log` VALUES ('40288148532b909b01532b96c9eb0006', '40288009530b9c8901530bb1a1830005', '2016-02-29 13:53:35', '2016-02-29 13:53:35', 'pcmc', 'sm_permission', 'login', '1', null, '192.168.1.119', null, null);
INSERT INTO `pcmc_log` VALUES ('40288148532b909b01532b9833a40008', '1', '2016-02-29 13:55:08', '2016-02-29 13:55:08', 'pcmc', 'sm_permission', 'login', '1', null, '192.168.1.119', null, null);
INSERT INTO `pcmc_log` VALUES ('40288148532b909b01532b9a154a000a', '40288009530b9c8901530bb1a1830005', '2016-02-29 13:57:11', '2016-02-29 13:57:11', 'pcmc', 'sm_permission', 'login', '1', null, '192.168.1.119', null, null);
INSERT INTO `pcmc_log` VALUES ('40288148532b909b01532bb77bec003f', '1', '2016-02-29 14:29:18', '2016-02-29 14:29:18', 'pcmc', 'sm_permission', 'login', '1', null, '192.168.1.115', null, null);
INSERT INTO `pcmc_log` VALUES ('40288148532b909b01532bd81b720041', '40288009530b9c8901530bb1a1830005', '2016-02-29 15:04:56', '2016-02-29 15:04:56', 'pcmc', 'sm_permission', 'login', '1', null, '192.168.1.115', null, null);
INSERT INTO `pcmc_log` VALUES ('40288148532b909b01532bdecc1b0045', '40288009530b9c8901530bb1a1830005', '2016-02-29 15:12:14', '2016-02-29 15:12:14', 'pcmc', 'sm_permission', 'login', '1', null, '0:0:0:0:0:0:0:1', null, null);
INSERT INTO `pcmc_log` VALUES ('40288148532b909b01532be1ff290048', '1', '2016-02-29 15:15:44', '2016-02-29 15:15:44', 'pcmc', 'sm_permission', 'login', '1', null, '192.168.1.105', null, null);
INSERT INTO `pcmc_log` VALUES ('40288148532bfee801532bfee8fe0001', '40288009530b9c8901530bb1a1830005', '2016-02-29 15:47:19', '2016-02-29 15:47:19', 'pcmc', 'sm_permission', 'login', '1', null, '0:0:0:0:0:0:0:1', null, null);
INSERT INTO `pcmc_log` VALUES ('40288148532bfee801532bff23780003', '1', '2016-02-29 15:47:34', '2016-02-29 15:47:34', 'pcmc', 'sm_permission', 'login', '1', null, '192.168.1.105', null, null);
INSERT INTO `pcmc_log` VALUES ('40288148532bfee801532c0184890015', '40288009530b9c8901530bb1a1830005', '2016-02-29 15:50:10', '2016-02-29 15:50:10', 'pcmc', 'sm_permission', 'login', '1', null, '192.168.1.105', null, null);
INSERT INTO `pcmc_log` VALUES ('40288148532bfee801532c01a6a40017', '40288009530b9c8901530bb1a1830005', '2016-02-29 15:50:18', '2016-02-29 15:50:19', 'pcmc', 'sm_permission', 'login', '1', null, '0:0:0:0:0:0:0:1', null, null);
INSERT INTO `pcmc_log` VALUES ('40288148532bfee801532c088aec0025', '40288009530b9c8901530bb1a1830005', '2016-02-29 15:57:50', '2016-02-29 15:57:50', 'pcmc', 'sm_permission', 'login', '1', null, '192.168.1.115', null, null);
INSERT INTO `pcmc_log` VALUES ('40288148532bfee801532c0bbcd4002c', '40288009530b9c8901530bb1a1830005', '2016-02-29 16:01:19', '2016-02-29 16:01:20', 'pcmc', 'sm_permission', 'login', '1', null, '0:0:0:0:0:0:0:1', null, null);
INSERT INTO `pcmc_log` VALUES ('40288148532c145501532c1455dd0001', '40288009530b9c8901530bb1a1830005', '2016-02-29 16:10:43', '2016-02-29 16:10:43', 'pcmc', 'sm_permission', 'login', '1', null, '192.168.1.115', null, null);
INSERT INTO `pcmc_log` VALUES ('40288148532c145501532c158d130004', '40288009530b9c8901530bb1a1830005', '2016-02-29 16:12:03', '2016-02-29 16:12:03', 'pcmc', 'sm_permission', 'login', '1', null, '0:0:0:0:0:0:0:1', null, null);
INSERT INTO `pcmc_log` VALUES ('40288148532c145501532c160eeb0006', '40288009530b9c8901530bb1a1830005', '2016-02-29 16:12:36', '2016-02-29 16:12:36', 'pcmc', 'sm_permission', 'login', '1', null, '0:0:0:0:0:0:0:1', null, null);
INSERT INTO `pcmc_log` VALUES ('40288148532c1b5d01532c1b5db90001', '40288009530b9c8901530bb1a1830005', '2016-02-29 16:18:24', '2016-02-29 16:18:24', 'pcmc', 'sm_permission', 'login', '1', null, '0:0:0:0:0:0:0:1', null, null);
INSERT INTO `pcmc_log` VALUES ('40288148532c1e5901532c1e592d0001', '40288009530b9c8901530bb1a1830005', '2016-02-29 16:21:39', '2016-02-29 16:21:39', 'pcmc', 'sm_permission', 'login', '0', null, '192.168.1.115', null, null);
INSERT INTO `pcmc_log` VALUES ('40288148532c1e5901532c1e6a040003', '40288009530b9c8901530bb1a1830005', '2016-02-29 16:21:43', '2016-02-29 16:21:44', 'pcmc', 'sm_permission', 'login', '0', null, '192.168.1.105', null, null);
INSERT INTO `pcmc_log` VALUES ('40288148532c1e5901532c1e8a8c0005', '40288009530b9c8901530bb1a1830005', '2016-02-29 16:21:52', '2016-02-29 16:21:52', 'pcmc', 'sm_permission', 'login', '1', null, '192.168.1.115', null, null);
INSERT INTO `pcmc_log` VALUES ('40288148532c1e5901532c1e94dc0007', '40288009530b9c8901530bb1a1830005', '2016-02-29 16:21:54', '2016-02-29 16:21:55', 'pcmc', 'sm_permission', 'login', '1', null, '192.168.1.105', null, null);
INSERT INTO `pcmc_log` VALUES ('40288148532c1e5901532c1f95940009', '1', '2016-02-29 16:23:00', '2016-02-29 16:23:00', 'pcmc', 'sm_permission', 'login', '1', null, '0:0:0:0:0:0:0:1', null, null);
INSERT INTO `pcmc_log` VALUES ('40288148532c1e5901532c34e6c00023', '40288009530b9c8901530bb1a1830005', '2016-02-29 16:46:17', '2016-02-29 16:46:17', 'pcmc', 'sm_permission', 'login', '1', null, '192.168.1.115', null, null);
INSERT INTO `pcmc_log` VALUES ('40288148532c1e5901532c52d8f0002e', '40288009530b9c8901530bb1a1830005', '2016-02-29 17:19:00', '2016-02-29 17:19:00', 'pcmc', 'sm_permission', 'login', '1', null, '192.168.1.115', null, null);
INSERT INTO `pcmc_log` VALUES ('40288148532c1e5901532c60ecd20034', '1', '2016-02-29 17:34:22', '2016-02-29 17:34:22', 'pcmc', 'sm_permission', 'login', '1', null, '0:0:0:0:0:0:0:1', null, null);
INSERT INTO `pcmc_log` VALUES ('40288148532c1e5901532c61e65f0036', '40288009530b9c8901530bb1a1830005', '2016-02-29 17:35:26', '2016-02-29 17:35:26', 'pcmc', 'sm_permission', 'login', '1', null, '192.168.1.115', null, null);
INSERT INTO `pcmc_log` VALUES ('40288148532c1e5901532c61fd6e0038', '40288009530b9c8901530bb1a1830005', '2016-02-29 17:35:32', '2016-02-29 17:35:32', 'pcmc', 'sm_permission', 'login', '1', null, '192.168.1.105', null, null);
INSERT INTO `pcmc_log` VALUES ('40288148532c634e01532c634ea80001', '1', '2016-02-29 17:36:58', '2016-02-29 17:36:59', 'pcmc', 'sm_permission', 'login', '1', null, '0:0:0:0:0:0:0:1', null, null);
INSERT INTO `pcmc_log` VALUES ('40288148532c634e01532c6355de0003', '40288009530b9c8901530bb1a1830005', '2016-02-29 17:37:00', '2016-02-29 17:37:00', 'pcmc', 'sm_permission', 'login', '1', null, '192.168.1.115', null, null);
INSERT INTO `pcmc_log` VALUES ('40288148532c634e01532c6764260008', '40288009530b9c8901530bb1a1830005', '2016-02-29 17:41:26', '2016-02-29 17:41:26', 'pcmc', 'sm_permission', 'login', '1', null, '0:0:0:0:0:0:0:1', null, null);
INSERT INTO `pcmc_log` VALUES ('40288148532fb78101532fb781ba0001', '1', '2016-03-01 09:07:48', '2016-03-01 09:07:48', 'pcmc', 'sm_permission', 'login', '1', null, '0:0:0:0:0:0:0:1', null, null);
INSERT INTO `pcmc_log` VALUES ('40288148532fb78101532fbfb7eb0003', '1', '2016-03-01 09:16:46', '2016-03-01 09:16:46', 'pcmc', 'sm_permission', 'login', '1', null, '0:0:0:0:0:0:0:1', null, null);
INSERT INTO `pcmc_log` VALUES ('40288148532fb78101532fccfacb0006', '40288009530b9c8901530bb1a1830005', '2016-03-01 09:31:15', '2016-03-01 09:31:16', 'pcmc', 'sm_permission', 'login', '1', null, '192.168.1.115', null, null);
INSERT INTO `pcmc_log` VALUES ('40288148532fb78101532fd165010009', '40288009530b9c8901530bb1a1830005', '2016-03-01 09:36:05', '2016-03-01 09:36:05', 'pcmc', 'sm_permission', 'login', '1', null, '192.168.1.105', null, null);
INSERT INTO `pcmc_log` VALUES ('40288148532fb781015330001f51002d', '1', '2016-03-01 10:27:07', '2016-03-01 10:27:07', 'pcmc', 'sm_permission', 'login', '1', null, '192.168.1.105', null, null);
INSERT INTO `pcmc_log` VALUES ('40288148532fb78101533000a731002f', '40288148532bfee801532c00a0930012', '2016-03-01 10:27:42', '2016-03-01 10:27:42', 'pcmc', 'sm_permission', 'login', '0', null, '192.168.1.105', null, null);
INSERT INTO `pcmc_log` VALUES ('40288148532fb78101533000cdf70031', '40288148532bfee801532c00a0930012', '2016-03-01 10:27:52', '2016-03-01 10:27:52', 'pcmc', 'sm_permission', 'login', '0', null, '192.168.1.105', null, null);
INSERT INTO `pcmc_log` VALUES ('40288148532fb78101533000fca90033', '1', '2016-03-01 10:28:04', '2016-03-01 10:28:04', 'pcmc', 'sm_permission', 'login', '1', null, '192.168.1.105', null, null);
INSERT INTO `pcmc_log` VALUES ('40288148532fb78101533001c88b0035', '1', '2016-03-01 10:28:56', '2016-03-01 10:28:56', 'pcmc', 'userrole', 'updateUser', '1', null, '192.168.1.105', null, null);
INSERT INTO `pcmc_log` VALUES ('40288148532fb78101533001f8310037', '40288148532bfee801532c00a0930012', '2016-03-01 10:29:08', '2016-03-01 10:29:08', 'pcmc', 'sm_permission', 'login', '1', null, '192.168.1.105', null, null);
INSERT INTO `pcmc_log` VALUES ('40288148532fb78101533002e1410039', '1', '2016-03-01 10:30:08', '2016-03-01 10:30:08', 'pcmc', 'sm_permission', 'login', '1', null, '192.168.1.105', null, null);
INSERT INTO `pcmc_log` VALUES ('40288148532fb7810153300354dc003c', '40288148532bfee801532c00a0930012', '2016-03-01 10:30:37', '2016-03-01 10:30:38', 'pcmc', 'sm_permission', 'login', '1', null, '192.168.1.105', null, null);
INSERT INTO `pcmc_log` VALUES ('40288148532fb7810153300836450041', '40288009530b9c8901530bb1a1830005', '2016-03-01 10:35:57', '2016-03-01 10:35:57', 'pcmc', 'sm_permission', 'login', '1', null, '192.168.1.105', null, null);
INSERT INTO `pcmc_log` VALUES ('40288148532fb7810153300894d10043', '40288148532bfee801532c00a0930012', '2016-03-01 10:36:22', '2016-03-01 10:36:22', 'pcmc', 'sm_permission', 'login', '1', null, '192.168.1.105', null, null);
INSERT INTO `pcmc_log` VALUES ('40288148532fb7810153300f77110045', '40288148532bfee801532c00a0930012', '2016-03-01 10:43:53', '2016-03-01 10:43:53', 'pcmc', 'sm_permission', 'login', '0', null, '192.168.1.105', null, null);
INSERT INTO `pcmc_log` VALUES ('402881485330114501533011460f0001', '1', '2016-03-01 10:45:51', '2016-03-01 10:45:51', 'pcmc', 'sm_permission', 'login', '1', null, '0:0:0:0:0:0:0:1', null, null);
INSERT INTO `pcmc_log` VALUES ('402881485330114501533014bc310003', '40288009530b9c8901530bb1a1830005', '2016-03-01 10:49:38', '2016-03-01 10:49:38', 'pcmc', 'sm_permission', 'login', '1', null, '192.168.1.115', null, null);
INSERT INTO `pcmc_log` VALUES ('402881485330114501533014dec00005', '40288009530b9c8901530bb1a1830005', '2016-03-01 10:49:47', '2016-03-01 10:49:47', 'pcmc', 'sm_permission', 'login', '1', null, '0:0:0:0:0:0:0:1', null, null);
INSERT INTO `pcmc_log` VALUES ('402881485330114501533015efe50007', '40288148532bfee801532c00a0930012', '2016-03-01 10:50:57', '2016-03-01 10:50:57', 'pcmc', 'sm_permission', 'login', '1', null, '192.168.1.105', null, null);
INSERT INTO `pcmc_log` VALUES ('402881485330114501533019c7630009', '40288148532bfee801532c00a0930012', '2016-03-01 10:55:09', '2016-03-01 10:55:09', 'pcmc', 'sm_permission', 'login', '1', null, '192.168.1.105', null, null);
INSERT INTO `pcmc_log` VALUES ('40288148533011450153301c011d000b', '40288148532bfee801532c00a0930012', '2016-03-01 10:57:34', '2016-03-01 10:57:35', 'pcmc', 'sm_permission', 'login', '1', null, '192.168.1.115', null, null);
INSERT INTO `pcmc_log` VALUES ('40288148533011450153301d03db000d', '40288009530b9c8901530bb1a1830005', '2016-03-01 10:58:41', '2016-03-01 10:58:41', 'pcmc', 'sm_permission', 'login', '1', null, '192.168.1.115', null, null);
INSERT INTO `pcmc_log` VALUES ('40288148533011450153301d81280010', '40288009530b9c8901530bb1a1830005', '2016-03-01 10:59:13', '2016-03-01 10:59:13', 'pcmc', 'sm_permission', 'login', '1', null, '0:0:0:0:0:0:0:1', null, null);
INSERT INTO `pcmc_log` VALUES ('40288148533011450153301e548e0013', '1', '2016-03-01 11:00:07', '2016-03-01 11:00:07', 'pcmc', 'sm_permission', 'login', '1', null, '0:0:0:0:0:0:0:1', null, null);
INSERT INTO `pcmc_log` VALUES ('40288148533011450153301eed60001a', '1', '2016-03-01 11:00:46', '2016-03-01 11:00:46', 'pcmc', 'userrole', 'addUser', '1', null, '0:0:0:0:0:0:0:1', null, null);
INSERT INTO `pcmc_log` VALUES ('402881485330114501533037da870051', '40288148532bfee801532c00a0930012', '2016-03-01 11:28:00', '2016-03-01 11:28:00', 'pcmc', 'sm_permission', 'login', '0', null, '0:0:0:0:0:0:0:1', null, null);
INSERT INTO `pcmc_log` VALUES ('40288148533011450153303807d60053', '40288148532bfee801532c00a0930012', '2016-03-01 11:28:11', '2016-03-01 11:28:11', 'pcmc', 'sm_permission', 'login', '1', null, '0:0:0:0:0:0:0:1', null, null);
INSERT INTO `pcmc_log` VALUES ('4028814853303e060153303e06420001', '40288148532bfee801532c00a0930012', '2016-03-01 11:34:44', '2016-03-01 11:34:44', 'pcmc', 'sm_permission', 'login', '1', null, '0:0:0:0:0:0:0:1', null, null);
INSERT INTO `pcmc_log` VALUES ('4028814853303e060153304754020004', '1', '2016-03-01 11:44:54', '2016-03-01 11:44:54', 'pcmc', 'sm_permission', 'login', '1', null, '0:0:0:0:0:0:0:1', null, null);
INSERT INTO `pcmc_log` VALUES ('4028814853303e0601533047fdbe0006', '40288148532bfee801532c00a0930012', '2016-03-01 11:45:37', '2016-03-01 11:45:37', 'pcmc', 'sm_permission', 'login', '0', null, '0:0:0:0:0:0:0:1', null, null);
INSERT INTO `pcmc_log` VALUES ('4028814853303e060153304812e20008', '40288148532bfee801532c00a0930012', '2016-03-01 11:45:43', '2016-03-01 11:45:43', 'pcmc', 'sm_permission', 'login', '1', null, '0:0:0:0:0:0:0:1', null, null);
INSERT INTO `pcmc_log` VALUES ('4028814853303e060153304950ff000a', '1', '2016-03-01 11:47:04', '2016-03-01 11:47:04', 'pcmc', 'sm_permission', 'login', '1', null, '0:0:0:0:0:0:0:1', null, null);
INSERT INTO `pcmc_log` VALUES ('4028814853303e060153304ae35e000c', '40288009530b9c8901530bb1a1830005', '2016-03-01 11:48:47', '2016-03-01 11:48:47', 'pcmc', 'sm_permission', 'login', '1', null, '192.168.1.115', null, null);
INSERT INTO `pcmc_log` VALUES ('4028814853303e06015330b53cba0012', '40288009530b9c8901530bb1a1830005', '2016-03-01 13:44:57', '2016-03-01 13:44:57', 'pcmc', 'sm_permission', 'login', '1', null, '192.168.1.119', null, null);
INSERT INTO `pcmc_log` VALUES ('4028814853303e06015330b961860014', '1', '2016-03-01 13:49:28', '2016-03-01 13:49:28', 'pcmc', 'sm_permission', 'login', '1', null, '0:0:0:0:0:0:0:1', null, null);
INSERT INTO `pcmc_log` VALUES ('4028814853303e06015330d2585b0018', '40288148532bfee801532c00a0930012', '2016-03-01 14:16:44', '2016-03-01 14:16:44', 'pcmc', 'sm_permission', 'login', '0', null, '0:0:0:0:0:0:0:1', null, null);
INSERT INTO `pcmc_log` VALUES ('4028814853303e06015330d2721c001a', '40288148532bfee801532c00a0930012', '2016-03-01 14:16:51', '2016-03-01 14:16:51', 'pcmc', 'sm_permission', 'login', '1', null, '0:0:0:0:0:0:0:1', null, null);
INSERT INTO `pcmc_log` VALUES ('4028814853303e06015330d2d8d6001c', '1', '2016-03-01 14:17:17', '2016-03-01 14:17:17', 'pcmc', 'sm_permission', 'login', '1', null, '0:0:0:0:0:0:0:1', null, null);
INSERT INTO `pcmc_log` VALUES ('402881485330d5b9015330d5b9550001', '40288009530b9c8901530bb1a1830005', '2016-03-01 14:20:25', '2016-03-01 14:20:26', 'pcmc', 'sm_permission', 'login', '1', null, '0:0:0:0:0:0:0:1', null, null);
INSERT INTO `pcmc_log` VALUES ('402881485330d5b9015330ecce470006', '40288009530b9c8901530bb1a1830005', '2016-03-01 14:45:38', '2016-03-01 14:45:39', 'pcmc', 'sm_permission', 'login', '1', null, '192.168.1.119', null, null);
INSERT INTO `pcmc_log` VALUES ('402881485330d5b9015330ecdd670008', '40288148532bfee801532c00a0930012', '2016-03-01 14:45:42', '2016-03-01 14:45:42', 'pcmc', 'sm_permission', 'login', '1', null, '192.168.1.105', null, null);
INSERT INTO `pcmc_log` VALUES ('402881485330d5b9015330f616460014', '40288009530b9c8901530bb1a1830005', '2016-03-01 14:55:47', '2016-03-01 14:55:47', 'pcmc', 'sm_permission', 'login', '1', null, '192.168.1.119', null, null);
INSERT INTO `pcmc_log` VALUES ('40288148533112a901533112a9d50001', '1', '2016-03-01 15:26:59', '2016-03-01 15:27:00', 'pcmc', 'sm_permission', 'login', '1', null, '127.0.0.1', null, null);
INSERT INTO `pcmc_log` VALUES ('40288148533112a90153311eac6c0003', '40288148532bfee801532c00a0930012', '2016-03-01 15:40:07', '2016-03-01 15:40:07', 'pcmc', 'sm_permission', 'login', '1', null, '192.168.1.105', null, null);
INSERT INTO `pcmc_log` VALUES ('402881485331249601533124971d0001', '1', '2016-03-01 15:46:34', '2016-03-01 15:46:34', 'pcmc', 'sm_permission', 'login', '1', null, '0:0:0:0:0:0:0:1', null, null);
INSERT INTO `pcmc_log` VALUES ('40288148533124960153312af0160003', '40288148532bfee801532c00a0930012', '2016-03-01 15:53:30', '2016-03-01 15:53:30', 'pcmc', 'sm_permission', 'login', '1', null, '192.168.1.105', null, null);
INSERT INTO `pcmc_log` VALUES ('40288148533135aa01533135aa200001', '1', '2016-03-01 16:05:13', '2016-03-01 16:05:13', 'pcmc', 'sm_permission', 'login', '1', null, '0:0:0:0:0:0:0:1', null, null);
INSERT INTO `pcmc_log` VALUES ('40288148533135aa01533175bb070003', '40288148532bfee801532c00a0930012', '2016-03-01 17:15:12', '2016-03-01 17:15:12', 'pcmc', 'sm_permission', 'login', '1', null, '192.168.1.105', null, null);
INSERT INTO `pcmc_log` VALUES ('402881485334e634015334e6347a0001', '1', '2016-03-02 09:16:54', '2016-03-02 09:16:55', 'pcmc', 'sm_permission', 'login', '1', null, '0:0:0:0:0:0:0:1', null, null);
INSERT INTO `pcmc_log` VALUES ('402881485334e6340153350206d5000b', '40288009530b9c8901530bb1a1830005', '2016-03-02 09:47:18', '2016-03-02 09:47:18', 'pcmc', 'sm_permission', 'login', '1', null, '0:0:0:0:0:0:0:1', null, null);
INSERT INTO `pcmc_log` VALUES ('402881485334e6340153351618890010', '1', '2016-03-02 10:09:13', '2016-03-02 10:09:13', 'pcmc', 'sm_permission', 'login', '1', null, '0:0:0:0:0:0:0:1', null, null);
INSERT INTO `pcmc_log` VALUES ('4028814853352ab70153352ab7430001', '1', '2016-03-02 10:31:44', '2016-03-02 10:31:45', 'pcmc', 'sm_permission', 'login', '1', null, '0:0:0:0:0:0:0:1', null, null);
INSERT INTO `pcmc_log` VALUES ('4028814853352ab70153353431910003', '1', '2016-03-02 10:42:06', '2016-03-02 10:42:06', 'pcmc', 'sm_permission', 'login', '1', null, '0:0:0:0:0:0:0:1', null, null);
INSERT INTO `pcmc_log` VALUES ('4028814853352ab70153355aa9bd0005', '1', '2016-03-02 11:24:07', '2016-03-02 11:24:07', 'pcmc', 'sm_permission', 'login', '0', null, '0:0:0:0:0:0:0:1', null, null);
INSERT INTO `pcmc_log` VALUES ('4028814853352ab70153355ad7d90007', '1', '2016-03-02 11:24:19', '2016-03-02 11:24:19', 'pcmc', 'sm_permission', 'login', '1', null, '0:0:0:0:0:0:0:1', null, null);
INSERT INTO `pcmc_log` VALUES ('402881485335d5c7015335d5c8010001', '1', '2016-03-02 13:38:35', '2016-03-02 13:38:36', 'pcmc', 'sm_permission', 'login', '1', null, '0:0:0:0:0:0:0:1', null, null);
INSERT INTO `pcmc_log` VALUES ('402881485335d5c7015335dd0e080006', '40288148532bfee801532c00a0930012', '2016-03-02 13:46:32', '2016-03-02 13:46:32', 'pcmc', 'sm_permission', 'login', '1', null, '192.168.1.105', null, null);
INSERT INTO `pcmc_log` VALUES ('402881485335d5c7015335dee7800008', '40288009530b9c8901530bb1a1830005', '2016-03-02 13:48:33', '2016-03-02 13:48:34', 'pcmc', 'sm_permission', 'login', '1', null, '192.168.1.119', null, null);
INSERT INTO `pcmc_log` VALUES ('402881485335ee5f015335ee5f390001', '40288009530b9c8901530bb1a1830005', '2016-03-02 14:05:27', '2016-03-02 14:05:27', 'pcmc', 'sm_permission', 'login', '0', null, '192.168.1.119', null, null);
INSERT INTO `pcmc_log` VALUES ('402881485335ee5f015335ee80bc0003', '40288009530b9c8901530bb1a1830005', '2016-03-02 14:05:36', '2016-03-02 14:05:36', 'pcmc', 'sm_permission', 'login', '1', null, '192.168.1.119', null, null);
INSERT INTO `pcmc_log` VALUES ('402881485335f4d8015335f4d9220001', '40288148532bfee801532c00a0930012', '2016-03-02 14:12:31', '2016-03-02 14:12:32', 'pcmc', 'sm_permission', 'login', '1', null, '192.168.1.105', null, null);
INSERT INTO `pcmc_log` VALUES ('402881485335f4d8015335f6b3ec0003', '40288009530b9c8901530bb1a1830005', '2016-03-02 14:14:33', '2016-03-02 14:14:33', 'pcmc', 'sm_permission', 'login', '1', null, '192.168.1.119', null, null);
INSERT INTO `pcmc_log` VALUES ('402881485335f4d8015335fc79fd0023', '40288009530b9c8901530bb1a1830005', '2016-03-02 14:20:52', '2016-03-02 14:20:52', 'pcmc', 'sm_permission', 'login', '1', null, '0:0:0:0:0:0:0:1', null, null);
INSERT INTO `pcmc_log` VALUES ('402881485335f4d80153360738460038', '1', '2016-03-02 14:32:36', '2016-03-02 14:32:36', 'pcmc', 'sm_permission', 'login', '1', null, '0:0:0:0:0:0:0:1', null, null);
INSERT INTO `pcmc_log` VALUES ('402881485335f4d801533607857a003c', '40288148532bfee801532c00a0930012', '2016-03-02 14:32:55', '2016-03-02 14:32:55', 'pcmc', 'sm_permission', 'login', '0', null, '0:0:0:0:0:0:0:1', null, null);
INSERT INTO `pcmc_log` VALUES ('402881485335f4d8015336079ea1003e', '40288148532bfee801532c00a0930012', '2016-03-02 14:33:02', '2016-03-02 14:33:02', 'pcmc', 'sm_permission', 'login', '1', null, '0:0:0:0:0:0:0:1', null, null);
INSERT INTO `pcmc_log` VALUES ('402881485335f4d801533608c0770041', '1', '2016-03-02 14:34:16', '2016-03-02 14:34:16', 'pcmc', 'sm_permission', 'login', '1', null, '0:0:0:0:0:0:0:1', null, null);
INSERT INTO `pcmc_log` VALUES ('402881485335f4d80153361df2f10080', '40288009530b9c8901530bb1a1830005', '2016-03-02 14:57:25', '2016-03-02 14:57:25', 'pcmc', 'sm_permission', 'login', '1', null, '0:0:0:0:0:0:0:1', null, null);
INSERT INTO `pcmc_log` VALUES ('402881485335f4d80153361fd0810082', '40288148532bfee801532c00a0930012', '2016-03-02 14:59:27', '2016-03-02 14:59:28', 'pcmc', 'sm_permission', 'login', '0', null, '0:0:0:0:0:0:0:1', null, null);
INSERT INTO `pcmc_log` VALUES ('402881485335f4d80153361ff4ac0084', '40288148532bfee801532c00a0930012', '2016-03-02 14:59:37', '2016-03-02 14:59:37', 'pcmc', 'sm_permission', 'login', '1', null, '0:0:0:0:0:0:0:1', null, null);
INSERT INTO `pcmc_log` VALUES ('402881485335f4d801533623e36f008e', '40288148532bfee801532c00a0930012', '2016-03-02 15:03:54', '2016-03-02 15:03:54', 'pcmc', 'sm_permission', 'login', '1', null, '192.168.1.105', null, null);
INSERT INTO `pcmc_log` VALUES ('40288148533635f201533635f2950001', '1', '2016-03-02 15:23:38', '2016-03-02 15:23:38', 'pcmc', 'sm_permission', 'login', '1', null, '0:0:0:0:0:0:0:1', null, null);
INSERT INTO `pcmc_log` VALUES ('40288148533635f201533636839f0013', '40288009530b9c8901530bb1a1830005', '2016-03-02 15:24:15', '2016-03-02 15:24:15', 'pcmc', 'sm_permission', 'login', '1', null, '192.168.1.119', null, null);
INSERT INTO `pcmc_log` VALUES ('40288148533635f20153363ab5c30015', '40288148532bfee801532c00a0930012', '2016-03-02 15:28:50', '2016-03-02 15:28:50', 'pcmc', 'sm_permission', 'login', '1', null, '192.168.1.105', null, null);
INSERT INTO `pcmc_log` VALUES ('40288148533635f2015336446503001a', '1', '2016-03-02 15:39:25', '2016-03-02 15:39:25', 'pcmc', 'userrole', 'updateUser', '1', null, '0:0:0:0:0:0:0:1', null, null);
INSERT INTO `pcmc_log` VALUES ('40288148533635f201533644f4da001b', '1', '2016-03-02 15:40:02', '2016-03-02 15:40:02', 'pcmc', 'userrole', 'updateUser', '1', null, '0:0:0:0:0:0:0:1', null, null);
INSERT INTO `pcmc_log` VALUES ('40288148533635f201533644ff29001c', '1', '2016-03-02 15:40:04', '2016-03-02 15:40:04', 'pcmc', 'userrole', 'updateUser', '1', null, '0:0:0:0:0:0:0:1', null, null);
INSERT INTO `pcmc_log` VALUES ('40288148533635f20153364b92d4001e', '1', '2016-03-02 15:47:09', '2016-03-02 15:47:15', 'pcmc', 'userrole', 'updateUser', '1', null, '0:0:0:0:0:0:0:1', null, null);
INSERT INTO `pcmc_log` VALUES ('40288148533635f20153364bfe03001f', '1', '2016-03-02 15:47:37', '2016-03-02 15:47:43', 'pcmc', 'userrole', 'updateUser', '1', null, '0:0:0:0:0:0:0:1', null, null);
INSERT INTO `pcmc_log` VALUES ('40288148533635f20153365f7fb0002c', '40288009530b9c8901530bb1a1830005', '2016-03-02 16:09:01', '2016-03-02 16:09:01', 'pcmc', 'sm_permission', 'login', '1', null, '192.168.1.200', null, null);
INSERT INTO `pcmc_log` VALUES ('40288148533671fa01533671fa750001', '1', '2016-03-02 16:29:12', '2016-03-02 16:29:12', 'pcmc', 'sm_permission', 'login', '1', null, '0:0:0:0:0:0:0:1', null, null);
INSERT INTO `pcmc_log` VALUES ('40288148533671fa01533672c8940003', '1', '2016-03-02 16:30:05', '2016-03-02 16:30:05', 'pcmc', 'sm_permission', 'login', '1', null, '0:0:0:0:0:0:0:1', null, null);
INSERT INTO `pcmc_log` VALUES ('40288148533671fa01533672e4760005', '40288009530b9c8901530bb1a1830005', '2016-03-02 16:30:12', '2016-03-02 16:30:12', 'pcmc', 'sm_permission', 'login', '1', null, '0:0:0:0:0:0:0:1', null, null);
INSERT INTO `pcmc_log` VALUES ('40288148533671fa01533677a8bc0007', '1', '2016-03-02 16:35:24', '2016-03-02 16:35:24', 'pcmc', 'sm_permission', 'login', '1', null, '0:0:0:0:0:0:0:1', null, null);
INSERT INTO `pcmc_log` VALUES ('40288148533671fa01533677ddce0008', '1', '2016-03-02 16:35:38', '2016-03-02 16:35:38', 'pcmc', 'userrole', 'updateUser', '1', null, '0:0:0:0:0:0:0:1', null, null);
INSERT INTO `pcmc_log` VALUES ('40288148533671fa0153367806c10009', '1', '2016-03-02 16:35:48', '2016-03-02 16:35:49', 'pcmc', 'userrole', 'updateUser', '1', null, '0:0:0:0:0:0:0:1', null, null);
INSERT INTO `pcmc_log` VALUES ('40288148533671fa0153367f5e5d000b', '40288009530b9c8901530bb1a1830005', '2016-03-02 16:43:50', '2016-03-02 16:43:50', 'pcmc', 'sm_permission', 'login', '1', null, '0:0:0:0:0:0:0:1', null, null);
INSERT INTO `pcmc_log` VALUES ('40288148533671fa0153367fa735000d', '40288148532bfee801532c00a0930012', '2016-03-02 16:44:08', '2016-03-02 16:44:08', 'pcmc', 'sm_permission', 'login', '0', null, '0:0:0:0:0:0:0:1', null, null);
INSERT INTO `pcmc_log` VALUES ('40288148533671fa0153367fc0eb000f', '40288148532bfee801532c00a0930012', '2016-03-02 16:44:15', '2016-03-02 16:44:15', 'pcmc', 'sm_permission', 'login', '1', null, '0:0:0:0:0:0:0:1', null, null);
INSERT INTO `pcmc_log` VALUES ('40288148533671fa01533681ad600011', '1', '2016-03-02 16:46:21', '2016-03-02 16:46:21', 'pcmc', 'sm_permission', 'login', '1', null, '0:0:0:0:0:0:0:1', null, null);
INSERT INTO `pcmc_log` VALUES ('40288148533671fa0153368a14f80015', '1', '2016-03-02 16:55:32', '2016-03-02 16:55:32', 'pcmc', 'sm_permission', 'login', '1', null, '0:0:0:0:0:0:0:1', null, null);
INSERT INTO `pcmc_log` VALUES ('40288148533671fa0153368b60290017', '1', '2016-03-02 16:56:57', '2016-03-02 16:56:57', 'pcmc', 'sm_permission', 'login', '1', null, '0:0:0:0:0:0:0:1', null, null);
INSERT INTO `pcmc_log` VALUES ('40288148533671fa015336b007880022', '40288009530b9c8901530bb1a1830005', '2016-03-02 17:36:59', '2016-03-02 17:36:59', 'pcmc', 'sm_permission', 'login', '1', null, '192.168.1.119', null, null);
INSERT INTO `pcmc_log` VALUES ('402881485336c2fc015336c2fcfe0001', '1', '2016-03-02 17:57:41', '2016-03-02 17:57:41', 'pcmc', 'sm_permission', 'login', '1', null, '0:0:0:0:0:0:0:1', null, null);
INSERT INTO `pcmc_log` VALUES ('402881485336c9f4015336c9f4e60001', '1', '2016-03-02 18:05:18', '2016-03-02 18:05:18', 'pcmc', 'sm_permission', 'login', '1', null, '0:0:0:0:0:0:0:1', null, null);
INSERT INTO `pcmc_log` VALUES ('402881485336c9f4015336cf92270003', '40288009530b9c8901530bb1a1830005', '2016-03-02 18:11:26', '2016-03-02 18:11:26', 'pcmc', 'sm_permission', 'login', '1', null, '0:0:0:0:0:0:0:1', null, null);
INSERT INTO `pcmc_log` VALUES ('402881485336eaf5015336eaf6050001', '40288009530b9c8901530bb1a1830005', '2016-03-02 18:41:21', '2016-03-02 18:41:21', 'pcmc', 'sm_permission', 'login', '1', null, '0:0:0:0:0:0:0:1', null, null);
INSERT INTO `pcmc_log` VALUES ('40288148533a008f01533a00901c0001', '40288009530b9c8901530bb1a1830005', '2016-03-03 09:03:48', '2016-03-03 09:03:48', 'pcmc', 'sm_permission', 'login', '1', null, '0:0:0:0:0:0:0:1', null, null);
INSERT INTO `pcmc_log` VALUES ('40288148533a008f01533a0bfc7b0011', '40288009530b9c8901530bb1a1830005', '2016-03-03 09:16:17', '2016-03-03 09:16:17', 'pcmc', 'sm_permission', 'login', '1', null, '192.168.1.119', null, null);
INSERT INTO `pcmc_log` VALUES ('40288148533a008f01533a2869890098', '40288148532bfee801532c00a0930012', '2016-03-03 09:47:20', '2016-03-03 09:47:20', 'pcmc', 'sm_permission', 'login', '1', null, '192.168.1.105', null, null);
INSERT INTO `pcmc_log` VALUES ('40288148533a008f01533a45ddb500a0', '40288148532bfee801532c00a0930012', '2016-03-03 10:19:30', '2016-03-03 10:19:30', 'pcmc', 'sm_permission', 'login', '1', null, '192.168.1.105', null, null);
INSERT INTO `pcmc_log` VALUES ('40288148533a4a2301533a4a23750001', '1', '2016-03-03 10:24:10', '2016-03-03 10:24:10', 'pcmc', 'sm_permission', 'login', '1', null, '0:0:0:0:0:0:0:1', null, null);
INSERT INTO `pcmc_log` VALUES ('40288148533a4a2301533a4e7cc30004', '40288148532bfee801532c00a0930012', '2016-03-03 10:28:55', '2016-03-03 10:28:55', 'pcmc', 'sm_permission', 'login', '0', null, '0:0:0:0:0:0:0:1', null, null);
INSERT INTO `pcmc_log` VALUES ('40288148533a4a2301533a4e92910006', '40288148532bfee801532c00a0930012', '2016-03-03 10:29:01', '2016-03-03 10:29:01', 'pcmc', 'sm_permission', 'login', '1', null, '0:0:0:0:0:0:0:1', null, null);
INSERT INTO `pcmc_log` VALUES ('40288148533a556c01533a556c9e0001', '1', '2016-03-03 10:36:30', '2016-03-03 10:36:30', 'pcmc', 'sm_permission', 'login', '1', null, '0:0:0:0:0:0:0:1', null, null);
INSERT INTO `pcmc_log` VALUES ('40288148533a556c01533a9fdb480003', '1', '2016-03-03 11:57:48', '2016-03-03 11:57:48', 'pcmc', 'sm_permission', 'login', '1', null, '0:0:0:0:0:0:0:1', null, null);
INSERT INTO `pcmc_log` VALUES ('40288148533a556c01533b031f180006', '1', '2016-03-03 13:46:13', '2016-03-03 13:46:13', 'pcmc', 'sm_permission', 'login', '1', null, '0:0:0:0:0:0:0:1', null, null);
INSERT INTO `pcmc_log` VALUES ('40288148533a556c01533b16e3a90020', '40288148532bfee801532c00a0930012', '2016-03-03 14:07:49', '2016-03-03 14:07:49', 'pcmc', 'sm_permission', 'login', '1', null, '192.168.1.105', null, null);
INSERT INTO `pcmc_log` VALUES ('40288148533a556c01533b25404a0022', '40288009530b9c8901530bb1a1830005', '2016-03-03 14:23:30', '2016-03-03 14:23:30', 'pcmc', 'sm_permission', 'login', '1', null, '0:0:0:0:0:0:0:1', null, null);
INSERT INTO `pcmc_log` VALUES ('40288148533a556c01533b2765e00025', '40288009530b9c8901530bb1a1830005', '2016-03-03 14:25:50', '2016-03-03 14:25:51', 'pcmc', 'sm_permission', 'login', '1', null, '192.168.1.105', null, null);
INSERT INTO `pcmc_log` VALUES ('40288148533a556c01533b27c9410027', '40288148532bfee801532c00a0930012', '2016-03-03 14:26:16', '2016-03-03 14:26:16', 'pcmc', 'sm_permission', 'login', '1', null, '192.168.1.105', null, null);
INSERT INTO `pcmc_log` VALUES ('40288148533a556c01533b2b987b0029', '40288148532bfee801532c00a0930012', '2016-03-03 14:30:26', '2016-03-03 14:30:26', 'pcmc', 'sm_permission', 'login', '1', null, '192.168.1.105', null, null);
INSERT INTO `pcmc_log` VALUES ('40288148533a556c01533b5eaec70036', '40288009530b9c8901530bb1a1830005', '2016-03-03 15:26:14', '2016-03-03 15:26:14', 'pcmc', 'sm_permission', 'login', '1', null, '0:0:0:0:0:0:0:1', null, null);
INSERT INTO `pcmc_log` VALUES ('40288148533a556c01533b87f66e0038', '40288148532bfee801532c00a0930012', '2016-03-03 16:11:19', '2016-03-03 16:11:19', 'pcmc', 'sm_permission', 'login', '1', null, '0:0:0:0:0:0:0:1', null, null);
INSERT INTO `pcmc_log` VALUES ('40288148533a556c01533b88f744003a', '40288009530b9c8901530bb1a1830005', '2016-03-03 16:12:25', '2016-03-03 16:12:25', 'pcmc', 'sm_permission', 'login', '1', null, '0:0:0:0:0:0:0:1', null, null);
INSERT INTO `pcmc_log` VALUES ('40288148533a556c01533b89f3b3003c', '40288148532bfee801532c00a0930012', '2016-03-03 16:13:29', '2016-03-03 16:13:29', 'pcmc', 'sm_permission', 'login', '1', null, '0:0:0:0:0:0:0:1', null, null);
INSERT INTO `pcmc_log` VALUES ('40288148533a556c01533b99c6ed003e', '40288148532bfee801532c00a0930012', '2016-03-03 16:30:46', '2016-03-03 16:30:47', 'pcmc', 'sm_permission', 'login', '1', null, '192.168.1.105', null, null);
INSERT INTO `pcmc_log` VALUES ('40288148533a556c01533baab2ae0040', '40288009530b9c8901530bb1a1830005', '2016-03-03 16:49:15', '2016-03-03 16:49:15', 'pcmc', 'sm_permission', 'login', '1', null, '0:0:0:0:0:0:0:1', null, null);
INSERT INTO `pcmc_log` VALUES ('40288148533a556c01533bbb7bbb0042', '1', '2016-03-03 17:07:35', '2016-03-03 17:07:35', 'pcmc', 'sm_permission', 'login', '0', null, '0:0:0:0:0:0:0:1', null, null);
INSERT INTO `pcmc_log` VALUES ('40288148533a556c01533bccd7e60045', '40288009530b9c8901530bb1a1830005', '2016-03-03 17:26:26', '2016-03-03 17:26:33', 'pcmc', 'sm_permission', 'login', '1', null, '0:0:0:0:0:0:0:1', null, null);
INSERT INTO `pcmc_log` VALUES ('40288148533a556c01533bccd8940047', '40288009530b9c8901530bb1a1830005', '2016-03-03 17:26:27', '2016-03-03 17:26:33', 'pcmc', 'sm_permission', 'login', '1', null, '0:0:0:0:0:0:0:1', null, null);
INSERT INTO `pcmc_log` VALUES ('40288148533a556c01533bccda0c0049', '40288009530b9c8901530bb1a1830005', '2016-03-03 17:26:30', '2016-03-03 17:26:34', 'pcmc', 'sm_permission', 'login', '1', null, '0:0:0:0:0:0:0:1', null, null);
INSERT INTO `pcmc_log` VALUES ('40288148533a556c01533bf3dc0c004b', '40288009530b9c8901530bb1a1830005', '2016-03-03 18:09:10', '2016-03-03 18:09:10', 'pcmc', 'sm_permission', 'login', '1', null, '0:0:0:0:0:0:0:1', null, null);
INSERT INTO `pcmc_log` VALUES ('40288148533a556c01533f403bab004e', '40288009530b9c8901530bb1a1830005', '2016-03-04 09:31:27', '2016-03-04 09:31:27', 'pcmc', 'sm_permission', 'login', '1', null, '192.168.1.115', null, null);
INSERT INTO `pcmc_log` VALUES ('40288148533a556c01533f410a040050', '40288009530b9c8901530bb1a1830005', '2016-03-04 09:32:20', '2016-03-04 09:32:20', 'pcmc', 'sm_permission', 'login', '1', null, '192.168.1.115', null, null);
INSERT INTO `pcmc_log` VALUES ('40288148533a556c01533f4141a60052', '40288009530b9c8901530bb1a1830005', '2016-03-04 09:32:34', '2016-03-04 09:32:34', 'pcmc', 'sm_permission', 'login', '0', null, '192.168.1.115', null, null);
INSERT INTO `pcmc_log` VALUES ('40288148533a556c01533f4166420054', '40288009530b9c8901530bb1a1830005', '2016-03-04 09:32:43', '2016-03-04 09:32:43', 'pcmc', 'sm_permission', 'login', '1', null, '192.168.1.115', null, null);
INSERT INTO `pcmc_log` VALUES ('40288148533a556c01533f41d9360057', '40288009530b9c8901530bb1a1830005', '2016-03-04 09:33:13', '2016-03-04 09:33:13', 'pcmc', 'sm_permission', 'login', '1', null, '192.168.1.115', null, null);
INSERT INTO `pcmc_log` VALUES ('40288148533a556c01533f41d9460058', '40288009530b9c8901530bb1a1830005', '2016-03-04 09:33:13', '2016-03-04 09:33:13', 'pcmc', 'sm_permission', 'login', '1', null, '192.168.1.115', null, null);
INSERT INTO `pcmc_log` VALUES ('40288148533a556c01533f5f63c6005b', '40288009530b9c8901530bb1a1830005', '2016-03-04 10:05:29', '2016-03-04 10:05:29', 'pcmc', 'sm_permission', 'login', '1', null, '0:0:0:0:0:0:0:1', null, null);
INSERT INTO `pcmc_log` VALUES ('40288148533a556c01533f8b70a6005d', '40288009530b9c8901530bb1a1830005', '2016-03-04 10:53:36', '2016-03-04 10:53:36', 'pcmc', 'sm_permission', 'login', '1', null, '0:0:0:0:0:0:0:1', null, null);
INSERT INTO `pcmc_log` VALUES ('40288148533fa4ea01533fa4eac60001', '40288009530b9c8901530bb1a1830005', '2016-03-04 11:21:25', '2016-03-04 11:21:25', 'pcmc', 'sm_permission', 'login', '1', null, '0:0:0:0:0:0:0:1', null, null);
INSERT INTO `pcmc_log` VALUES ('40288148533fa95801533fa958600001', '40288009530b9c8901530bb1a1830005', '2016-03-04 11:26:16', '2016-03-04 11:26:16', 'pcmc', 'sm_permission', 'login', '1', null, '0:0:0:0:0:0:0:1', null, null);
INSERT INTO `pcmc_log` VALUES ('40288148533fb2c001533fb2c06d0001', '40288009530b9c8901530bb1a1830005', '2016-03-04 11:36:32', '2016-03-04 11:36:32', 'pcmc', 'sm_permission', 'login', '1', null, '0:0:0:0:0:0:0:1', null, null);
INSERT INTO `pcmc_log` VALUES ('40288148533fb2c00153402ba7b40005', '40288009530b9c8901530bb1a1830005', '2016-03-04 13:48:36', '2016-03-04 13:48:36', 'pcmc', 'sm_permission', 'login', '1', null, '0:0:0:0:0:0:0:1', null, null);
INSERT INTO `pcmc_log` VALUES ('402881485340f299015340f299a60001', '40288009530b9c8901530bb1a1830005', '2016-03-04 17:25:53', '2016-03-04 17:25:54', 'pcmc', 'sm_permission', 'login', '1', null, '0:0:0:0:0:0:0:1', null, null);
INSERT INTO `pcmc_log` VALUES ('4028814853410bae0153410bae990001', '40288009530b9c8901530bb1a1830005', '2016-03-04 17:53:17', '2016-03-04 17:53:17', 'pcmc', 'sm_permission', 'login', '1', null, '0:0:0:0:0:0:0:1', null, null);
INSERT INTO `pcmc_log` VALUES ('4028814853411ace0153411ace6c0001', '40288009530b9c8901530bb1a1830005', '2016-03-04 18:09:49', '2016-03-04 18:09:49', 'pcmc', 'sm_permission', 'login', '1', null, '0:0:0:0:0:0:0:1', null, null);
INSERT INTO `pcmc_log` VALUES ('40288148534ed83201534ed832f90001', '40288009530b9c8901530bb1a1830005', '2016-03-07 10:11:44', '2016-03-07 10:11:45', 'pcmc', 'sm_permission', 'login', '1', null, '0:0:0:0:0:0:0:1', null, null);
INSERT INTO `pcmc_log` VALUES ('40288148534f2a4501534f2a458d0001', '40288009530b9c8901530bb1a1830005', '2016-03-07 11:41:23', '2016-03-07 11:41:23', 'pcmc', 'sm_permission', 'login', '1', null, '0:0:0:0:0:0:0:1', null, null);
INSERT INTO `pcmc_log` VALUES ('40288148534f2a4501534f2a84160003', '1', '2016-03-07 11:41:39', '2016-03-07 11:41:39', 'pcmc', 'sm_permission', 'login', '1', null, '0:0:0:0:0:0:0:1', null, null);
INSERT INTO `pcmc_log` VALUES ('40288148534f2e2101534f2e213b0001', '1', '2016-03-07 11:45:36', '2016-03-07 11:45:36', 'pcmc', 'sm_permission', 'login', '1', null, '0:0:0:0:0:0:0:1', null, null);
INSERT INTO `pcmc_log` VALUES ('40288148534f39ae01534f39af060001', '1', '2016-03-07 11:58:13', '2016-03-07 11:58:13', 'pcmc', 'sm_permission', 'login', '1', null, '0:0:0:0:0:0:0:1', null, null);
INSERT INTO `pcmc_log` VALUES ('40288148534f39ae01534f9ca54c0003', '1', '2016-03-07 13:46:19', '2016-03-07 13:46:19', 'pcmc', 'sm_permission', 'login', '1', null, '0:0:0:0:0:0:0:1', null, null);
INSERT INTO `pcmc_log` VALUES ('40288148534fa2b301534fa2b3cd0001', '1', '2016-03-07 13:52:55', '2016-03-07 13:52:56', 'pcmc', 'sm_permission', 'login', '1', null, '0:0:0:0:0:0:0:1', null, null);
INSERT INTO `pcmc_log` VALUES ('40288148534fcd9301534fcd93920001', '1', '2016-03-07 14:39:45', '2016-03-07 14:39:46', 'pcmc', 'sm_permission', 'login', '1', null, '0:0:0:0:0:0:0:1', null, null);
INSERT INTO `pcmc_log` VALUES ('40288148534fcd9301534fcfe4440005', '1', '2016-03-07 14:42:17', '2016-03-07 14:42:17', 'pcmc', 'sm_permission', 'login', '1', null, '0:0:0:0:0:0:0:1', null, null);
INSERT INTO `pcmc_log` VALUES ('40288148534fdf3e01534fdf3ec20001', '1', '2016-03-07 14:59:03', '2016-03-07 14:59:04', 'pcmc', 'sm_permission', 'login', '1', null, '0:0:0:0:0:0:0:1', null, null);
INSERT INTO `pcmc_log` VALUES ('40288148534fdf3e01534fff06600003', '40288009530b9c8901530bb1a1830005', '2016-03-07 15:33:46', '2016-03-07 15:33:46', 'pcmc', 'sm_permission', 'login', '1', null, '0:0:0:0:0:0:0:1', null, null);
INSERT INTO `pcmc_log` VALUES ('40288148534fdf3e01535003f6f40005', '1', '2016-03-07 15:39:10', '2016-03-07 15:39:10', 'pcmc', 'sm_permission', 'login', '1', null, '0:0:0:0:0:0:0:1', null, null);
INSERT INTO `pcmc_log` VALUES ('40288148535010140153501014380001', '1', '2016-03-07 15:52:24', '2016-03-07 15:52:24', 'pcmc', 'sm_permission', 'login', '1', null, '0:0:0:0:0:0:0:1', null, null);
INSERT INTO `pcmc_log` VALUES ('402881485350101401535036ac450004', '40288009530b9c8901530bb1a1830005', '2016-03-07 16:34:33', '2016-03-07 16:34:33', 'pcmc', 'sm_permission', 'login', '1', null, '0:0:0:0:0:0:0:1', null, null);
INSERT INTO `pcmc_log` VALUES ('402881485350101401535037a7540007', '1', '2016-03-07 16:35:37', '2016-03-07 16:35:37', 'pcmc', 'sm_permission', 'login', '1', null, '0:0:0:0:0:0:0:1', null, null);
INSERT INTO `pcmc_log` VALUES ('40288148535039de01535039df190001', '1', '2016-03-07 16:38:03', '2016-03-07 16:38:03', 'pcmc', 'sm_permission', 'login', '1', null, '0:0:0:0:0:0:0:1', null, null);
INSERT INTO `pcmc_log` VALUES ('4028814853503dab0153503dac050001', '1', '2016-03-07 16:42:12', '2016-03-07 16:42:12', 'pcmc', 'sm_permission', 'login', '1', null, '0:0:0:0:0:0:0:1', null, null);
INSERT INTO `pcmc_log` VALUES ('4028814853504af10153504af1440001', '1', '2016-03-07 16:56:41', '2016-03-07 16:56:42', 'pcmc', 'sm_permission', 'login', '1', null, '127.0.0.1', null, null);
INSERT INTO `pcmc_log` VALUES ('4028814853509e9b0153509e9b500001', '1', '2016-03-07 18:28:04', '2016-03-07 18:28:05', 'pcmc', 'sm_permission', 'login', '1', null, '0:0:0:0:0:0:0:1', null, null);
INSERT INTO `pcmc_log` VALUES ('402881485350a3f7015350a3f8100001', '1', '2016-03-07 18:33:56', '2016-03-07 18:33:56', 'pcmc', 'sm_permission', 'login', '1', null, '0:0:0:0:0:0:0:1', null, null);
INSERT INTO `pcmc_log` VALUES ('402881485353cec7015353cec74b0001', '1', '2016-03-08 09:19:33', '2016-03-08 09:19:33', 'pcmc', 'sm_permission', 'login', '1', null, '0:0:0:0:0:0:0:1', null, null);
INSERT INTO `pcmc_log` VALUES ('402881485353f0d1015353f0d1720001', '1', '2016-03-08 09:56:44', '2016-03-08 09:56:44', 'pcmc', 'sm_permission', 'login', '1', null, '127.0.0.1', null, null);
INSERT INTO `pcmc_log` VALUES ('402881485353f0d1015353f5c2da0003', '1', '2016-03-08 10:02:08', '2016-03-08 10:02:08', 'pcmc', 'sm_permission', 'login', '1', null, '0:0:0:0:0:0:0:1', null, null);
INSERT INTO `pcmc_log` VALUES ('402881485353f796015353f796be0001', '1', '2016-03-08 10:04:08', '2016-03-08 10:04:08', 'pcmc', 'sm_permission', 'login', '1', null, '0:0:0:0:0:0:0:1', null, null);
INSERT INTO `pcmc_log` VALUES ('4028814853540cc60153540cc64f0001', '40288009530b9c8901530bb1a1830005', '2016-03-08 10:27:16', '2016-03-08 10:27:16', 'pcmc', 'sm_permission', 'login', '1', null, '0:0:0:0:0:0:0:1', null, null);
INSERT INTO `pcmc_log` VALUES ('40288148535419b60153541ac808000e', '40288009530b9c8901530bb1a1830005', '2016-03-08 10:42:34', '2016-03-08 10:42:34', 'pcmc', 'sm_permission', 'login', '1', null, '0:0:0:0:0:0:0:1', null, null);
INSERT INTO `pcmc_log` VALUES ('4028814853542ce10153542ce20f0001', '40288009530b9c8901530bb1a1830005', '2016-03-08 11:02:20', '2016-03-08 11:02:20', 'pcmc', 'sm_permission', 'login', '1', null, '0:0:0:0:0:0:0:1', null, null);
INSERT INTO `pcmc_log` VALUES ('402881485354345b015354345bfb0001', '40288009530b9c8901530bb1a1830005', '2016-03-08 11:10:30', '2016-03-08 11:10:30', 'pcmc', 'sm_permission', 'login', '1', null, '0:0:0:0:0:0:0:1', null, null);
INSERT INTO `pcmc_log` VALUES ('402881485354374c015354374ca00001', '40288009530b9c8901530bb1a1830005', '2016-03-08 11:13:43', '2016-03-08 11:13:43', 'pcmc', 'sm_permission', 'login', '1', null, '0:0:0:0:0:0:0:1', null, null);
INSERT INTO `pcmc_log` VALUES ('4028814853543f230153543f23b20001', '40288009530b9c8901530bb1a1830005', '2016-03-08 11:22:17', '2016-03-08 11:22:17', 'pcmc', 'sm_permission', 'login', '1', null, '0:0:0:0:0:0:0:1', null, null);
INSERT INTO `pcmc_log` VALUES ('4028814853543f230153543ff77c0003', '40288009530b9c8901530bb1a1830005', '2016-03-08 11:23:11', '2016-03-08 11:23:11', 'pcmc', 'sm_permission', 'login', '1', null, '0:0:0:0:0:0:0:1', null, null);
INSERT INTO `pcmc_log` VALUES ('40288148535453940153545394b20001', '40288009530b9c8901530bb1a1830005', '2016-03-08 11:44:36', '2016-03-08 11:44:37', 'pcmc', 'sm_permission', 'login', '1', null, '0:0:0:0:0:0:0:1', null, null);
INSERT INTO `pcmc_log` VALUES ('40288148535463090153546309270001', '40288009530b9c8901530bb1a1830005', '2016-03-08 12:01:29', '2016-03-08 12:01:29', 'pcmc', 'sm_permission', 'login', '1', null, '0:0:0:0:0:0:0:1', null, null);
INSERT INTO `pcmc_log` VALUES ('40288148535484c901535484c9a70001', '40288009530b9c8901530bb1a1830005', '2016-03-08 12:38:21', '2016-03-08 12:38:21', 'pcmc', 'sm_permission', 'login', '1', null, '0:0:0:0:0:0:0:1', null, null);
INSERT INTO `pcmc_log` VALUES ('402881485354c2f2015354c2f2870001', '40288009530b9c8901530bb1a1830005', '2016-03-08 13:46:15', '2016-03-08 13:46:15', 'pcmc', 'sm_permission', 'login', '1', null, '0:0:0:0:0:0:0:1', null, null);
INSERT INTO `pcmc_log` VALUES ('402881485354d8ac015354d8ac4a0001', '40288009530b9c8901530bb1a1830005', '2016-03-08 14:09:59', '2016-03-08 14:09:59', 'pcmc', 'sm_permission', 'login', '1', null, '0:0:0:0:0:0:0:1', null, null);
INSERT INTO `pcmc_log` VALUES ('402881485354d8ac015354def1cf0004', '40288009530b9c8901530bb1a1830005', '2016-03-08 14:16:50', '2016-03-08 14:16:50', 'pcmc', 'sm_permission', 'login', '1', null, '0:0:0:0:0:0:0:1', null, null);
INSERT INTO `pcmc_log` VALUES ('402881485354d8ac015354e42ab1000b', '40288009530b9c8901530bb1a1830005', '2016-03-08 14:22:32', '2016-03-08 14:22:32', 'pcmc', 'sm_permission', 'login', '1', null, '192.168.1.102', null, null);
INSERT INTO `pcmc_log` VALUES ('40288148535514e201535514e2880001', '40288009530b9c8901530bb1a1830005', '2016-03-08 15:15:45', '2016-03-08 15:15:45', 'pcmc', 'sm_permission', 'login', '0', null, '192.168.1.115', null, null);
INSERT INTO `pcmc_log` VALUES ('40288148535514e201535514fc260003', '40288009530b9c8901530bb1a1830005', '2016-03-08 15:15:51', '2016-03-08 15:15:51', 'pcmc', 'sm_permission', 'login', '1', null, '192.168.1.115', null, null);
INSERT INTO `pcmc_log` VALUES ('40288148535514e20153551520730006', '40288009530b9c8901530bb1a1830005', '2016-03-08 15:16:01', '2016-03-08 15:16:01', 'pcmc', 'sm_permission', 'login', '1', null, '0:0:0:0:0:0:0:1', null, null);
INSERT INTO `pcmc_log` VALUES ('4028814853551e2f0153551e2fa00001', '40288009530b9c8901530bb1a1830005', '2016-03-08 15:25:54', '2016-03-08 15:25:54', 'pcmc', 'sm_permission', 'login', '1', null, '192.168.1.115', null, null);
INSERT INTO `pcmc_log` VALUES ('4028814853551e2f0153551e6b050003', '40288009530b9c8901530bb1a1830005', '2016-03-08 15:26:10', '2016-03-08 15:26:10', 'pcmc', 'sm_permission', 'login', '1', null, '0:0:0:0:0:0:0:1', null, null);
INSERT INTO `pcmc_log` VALUES ('402881485355288b015355288b770001', '40288009530b9c8901530bb1a1830005', '2016-03-08 15:37:13', '2016-03-08 15:37:13', 'pcmc', 'sm_permission', 'login', '1', null, '0:0:0:0:0:0:0:1', null, null);
INSERT INTO `pcmc_log` VALUES ('402881485355288b01535529eeb10003', '40288009530b9c8901530bb1a1830005', '2016-03-08 15:38:44', '2016-03-08 15:38:44', 'pcmc', 'sm_permission', 'login', '1', null, '192.168.1.115', null, null);
INSERT INTO `pcmc_log` VALUES ('402881485355288b0153552c48cf0005', '1', '2016-03-08 15:41:18', '2016-03-08 15:41:18', 'pcmc', 'sm_permission', 'login', '1', null, '0:0:0:0:0:0:0:1', null, null);
INSERT INTO `pcmc_log` VALUES ('402881485355288b0153552eecdc0007', '1', '2016-03-08 15:44:11', '2016-03-08 15:44:11', 'pcmc', 'sm_permission', 'login', '1', null, '192.168.1.115', null, null);
INSERT INTO `pcmc_log` VALUES ('402881485355288b01535533331c000a', '40288009530b9c8901530bb1a1830005', '2016-03-08 15:48:52', '2016-03-08 15:48:52', 'pcmc', 'sm_permission', 'login', '1', null, '192.168.1.115', null, null);
INSERT INTO `pcmc_log` VALUES ('402881485355288b015355355686000c', '1', '2016-03-08 15:51:12', '2016-03-08 15:51:12', 'pcmc', 'sm_permission', 'login', '1', null, '0:0:0:0:0:0:0:1', null, null);
INSERT INTO `pcmc_log` VALUES ('402881485355288b015355756e8b003c', '40288009530b9c8901530bb1a1830005', '2016-03-08 17:01:12', '2016-03-08 17:01:12', 'pcmc', 'sm_permission', 'login', '1', null, '0:0:0:0:0:0:0:1', null, null);
INSERT INTO `pcmc_log` VALUES ('40288148535579bc01535579bc5c0001', '40288009530b9c8901530bb1a1830005', '2016-03-08 17:05:54', '2016-03-08 17:05:54', 'pcmc', 'sm_permission', 'login', '1', null, '0:0:0:0:0:0:0:1', null, null);
INSERT INTO `pcmc_log` VALUES ('40288148535579bc0153557a428e0003', '1', '2016-03-08 17:06:29', '2016-03-08 17:06:29', 'pcmc', 'sm_permission', 'login', '1', null, '0:0:0:0:0:0:0:1', null, null);
INSERT INTO `pcmc_log` VALUES ('4028814853558cad0153558cadee0001', '1', '2016-03-08 17:26:36', '2016-03-08 17:26:36', 'pcmc', 'sm_permission', 'login', '1', null, '0:0:0:0:0:0:0:1', null, null);
INSERT INTO `pcmc_log` VALUES ('402881485355901901535590192b0001', '1', '2016-03-08 17:30:20', '2016-03-08 17:30:20', 'pcmc', 'sm_permission', 'login', '1', null, '0:0:0:0:0:0:0:1', null, null);
INSERT INTO `pcmc_log` VALUES ('402881485355901901535590a4ec0003', '40288009530b9c8901530bb1a1830005', '2016-03-08 17:30:56', '2016-03-08 17:30:56', 'pcmc', 'sm_permission', 'login', '1', null, '0:0:0:0:0:0:0:1', null, null);
INSERT INTO `pcmc_log` VALUES ('4028814853559019015355bdc9070007', '1', '2016-03-08 18:20:14', '2016-03-08 18:20:14', 'pcmc', 'sm_permission', 'login', '1', null, '0:0:0:0:0:0:0:1', null, null);
INSERT INTO `pcmc_log` VALUES ('402881485358f599015358f599520001', '1', '2016-03-09 09:20:03', '2016-03-09 09:20:03', 'pcmc', 'sm_permission', 'login', '1', null, '0:0:0:0:0:0:0:1', null, null);
INSERT INTO `pcmc_log` VALUES ('402881485358f59901535926f32c0004', '1', '2016-03-09 10:13:58', '2016-03-09 10:13:58', 'pcmc', 'sm_permission', 'login', '1', null, '0:0:0:0:0:0:0:1', null, null);
INSERT INTO `pcmc_log` VALUES ('402881485358f5990153592b89010006', '40288148532bfee801532c00a0930012', '2016-03-09 10:18:58', '2016-03-09 10:18:58', 'pcmc', 'sm_permission', 'login', '0', null, '0:0:0:0:0:0:0:1', null, null);
INSERT INTO `pcmc_log` VALUES ('402881485358f5990153592b9cd90008', '40288148532bfee801532c00a0930012', '2016-03-09 10:19:03', '2016-03-09 10:19:03', 'pcmc', 'sm_permission', 'login', '1', null, '0:0:0:0:0:0:0:1', null, null);
INSERT INTO `pcmc_log` VALUES ('402881485359516601535951664e0001', '1', '2016-03-09 11:00:19', '2016-03-09 11:00:20', 'pcmc', 'sm_permission', 'login', '1', null, '0:0:0:0:0:0:0:1', null, null);
INSERT INTO `pcmc_log` VALUES ('40288148535951660153595358620003', '40288148532bfee801532c00a0930012', '2016-03-09 11:02:27', '2016-03-09 11:02:27', 'pcmc', 'sm_permission', 'login', '1', null, '0:0:0:0:0:0:0:1', null, null);
INSERT INTO `pcmc_log` VALUES ('4028814853595166015359f1fe110005', '40288009530b9c8901530bb1a1830005', '2016-03-09 13:55:44', '2016-03-09 13:55:44', 'pcmc', 'sm_permission', 'login', '1', null, '0:0:0:0:0:0:0:1', null, null);
INSERT INTO `pcmc_log` VALUES ('40288148535a092101535a0922100001', '40288009530b9c8901530bb1a1830005', '2016-03-09 14:21:00', '2016-03-09 14:21:01', 'pcmc', 'sm_permission', 'login', '1', null, '192.168.1.119', null, null);
INSERT INTO `pcmc_log` VALUES ('40288148535a092101535a0e07a60008', '40288009530b9c8901530bb1a1830005', '2016-03-09 14:26:22', '2016-03-09 14:26:22', 'pcmc', 'sm_permission', 'login', '1', null, '0:0:0:0:0:0:0:1', null, null);
INSERT INTO `pcmc_log` VALUES ('40288148535a092101535a1cdd25001f', '40288009530b9c8901530bb1a1830005', '2016-03-09 14:42:34', '2016-03-09 14:42:34', 'pcmc', 'sm_permission', 'login', '1', null, '0:0:0:0:0:0:0:1', null, null);
INSERT INTO `pcmc_log` VALUES ('40288148535a092101535a38cded0021', '40288009530b9c8901530bb1a1830005', '2016-03-09 15:13:05', '2016-03-09 15:13:05', 'pcmc', 'sm_permission', 'login', '1', null, '0:0:0:0:0:0:0:1', null, null);
INSERT INTO `pcmc_log` VALUES ('40288148535a3cb801535a3cb9160001', '40288009530b9c8901530bb1a1830005', '2016-03-09 15:17:22', '2016-03-09 15:17:22', 'pcmc', 'sm_permission', 'login', '1', null, '0:0:0:0:0:0:0:1', null, null);
INSERT INTO `pcmc_log` VALUES ('40288148535a3cb801535a526b5a0003', '40288009530b9c8901530bb1a1830005', '2016-03-09 15:41:04', '2016-03-09 15:41:04', 'pcmc', 'sm_permission', 'login', '1', null, '192.168.1.119', null, null);
INSERT INTO `pcmc_log` VALUES ('40288148535a3cb801535a5d51c40005', '1', '2016-03-09 15:52:58', '2016-03-09 15:52:58', 'pcmc', 'sm_permission', 'login', '1', null, '0:0:0:0:0:0:0:1', null, null);
INSERT INTO `pcmc_log` VALUES ('40288148535a3cb801535a7fff16000c', '40288009530b9c8901530bb1a1830005', '2016-03-09 16:30:50', '2016-03-09 16:30:51', 'pcmc', 'sm_permission', 'login', '0', null, '192.168.1.119', null, null);
INSERT INTO `pcmc_log` VALUES ('40288148535a3cb801535a80243f000e', '40288009530b9c8901530bb1a1830005', '2016-03-09 16:31:00', '2016-03-09 16:31:00', 'pcmc', 'sm_permission', 'login', '1', null, '192.168.1.119', null, null);
INSERT INTO `pcmc_log` VALUES ('40288148535a970501535a9705ba0001', '1', '2016-03-09 16:55:59', '2016-03-09 16:56:00', 'pcmc', 'sm_permission', 'login', '1', null, '0:0:0:0:0:0:0:1', null, null);
INSERT INTO `pcmc_log` VALUES ('40288148535e1d5701535e1d57920001', '40288009530b9c8901530bb1a1830005', '2016-03-10 09:21:34', '2016-03-10 09:21:34', 'pcmc', 'sm_permission', 'login', '1', null, '0:0:0:0:0:0:0:1', null, null);
INSERT INTO `pcmc_log` VALUES ('40288148535e1d5701535e24d4a60003', '40288009530b9c8901530bb1a1830005', '2016-03-10 09:29:45', '2016-03-10 09:29:45', 'pcmc', 'sm_permission', 'login', '1', null, '192.168.1.119', null, null);
INSERT INTO `pcmc_log` VALUES ('40288148535e1d5701535e2771250005', '1', '2016-03-10 09:32:36', '2016-03-10 09:32:36', 'pcmc', 'sm_permission', 'login', '0', null, '192.168.1.119', null, null);
INSERT INTO `pcmc_log` VALUES ('40288148535e1d5701535e2790ab0007', '1', '2016-03-10 09:32:44', '2016-03-10 09:32:44', 'pcmc', 'sm_permission', 'login', '1', null, '192.168.1.119', null, null);
INSERT INTO `pcmc_log` VALUES ('40288148535e1d5701535e27f1430009', '40288148532bfee801532c00a0930012', '2016-03-10 09:33:09', '2016-03-10 09:33:09', 'pcmc', 'sm_permission', 'login', '1', null, '192.168.1.119', null, null);
INSERT INTO `pcmc_log` VALUES ('40288148535e1d5701535e3b3b43000b', '40288009530b9c8901530bb1a1830005', '2016-03-10 09:54:13', '2016-03-10 09:54:13', 'pcmc', 'sm_permission', 'login', '1', null, '0:0:0:0:0:0:0:1', null, null);
INSERT INTO `pcmc_log` VALUES ('40288148535e1d5701535f03f4030013', '40288009530b9c8901530bb1a1830005', '2016-03-10 13:33:27', '2016-03-10 13:33:27', 'pcmc', 'sm_permission', 'login', '1', null, '0:0:0:0:0:0:0:1', null, null);
INSERT INTO `pcmc_log` VALUES ('40288148535e1d5701535f0a2ce60016', '1', '2016-03-10 13:40:15', '2016-03-10 13:40:15', 'pcmc', 'sm_permission', 'login', '1', null, '0:0:0:0:0:0:0:1', null, null);
INSERT INTO `pcmc_log` VALUES ('40288148535e1d5701535f0ca5e60018', '40288009530b9c8901530bb1a1830005', '2016-03-10 13:42:57', '2016-03-10 13:42:57', 'pcmc', 'sm_permission', 'login', '1', null, '0:0:0:0:0:0:0:1', null, null);
INSERT INTO `pcmc_log` VALUES ('40288148535e1d5701535f1ff788001b', '1', '2016-03-10 14:04:03', '2016-03-10 14:04:03', 'pcmc', 'sm_permission', 'login', '1', null, '0:0:0:0:0:0:0:1', null, null);
INSERT INTO `pcmc_log` VALUES ('40288148535e1d5701535f3a312f001f', '40288009530b9c8901530bb1a1830005', '2016-03-10 14:32:42', '2016-03-10 14:32:42', 'pcmc', 'sm_permission', 'login', '1', null, '0:0:0:0:0:0:0:1', null, null);
INSERT INTO `pcmc_log` VALUES ('40288148535e1d5701535f3e40b30021', '1', '2016-03-10 14:37:08', '2016-03-10 14:37:08', 'pcmc', 'sm_permission', 'login', '1', null, '0:0:0:0:0:0:0:1', null, null);
INSERT INTO `pcmc_log` VALUES ('40288148535e1d5701535f3ea2dc0023', '40288009530b9c8901530bb1a1830005', '2016-03-10 14:37:33', '2016-03-10 14:37:33', 'pcmc', 'sm_permission', 'login', '1', null, '0:0:0:0:0:0:0:1', null, null);
INSERT INTO `pcmc_log` VALUES ('40288148535e1d5701535f401d860025', '1', '2016-03-10 14:39:10', '2016-03-10 14:39:10', 'pcmc', 'sm_permission', 'login', '1', null, '0:0:0:0:0:0:0:1', null, null);
INSERT INTO `pcmc_log` VALUES ('40288148535e1d5701535f40a3fc0027', '40288009530b9c8901530bb1a1830005', '2016-03-10 14:39:45', '2016-03-10 14:39:45', 'pcmc', 'sm_permission', 'login', '1', null, '0:0:0:0:0:0:0:1', null, null);
INSERT INTO `pcmc_log` VALUES ('40288148535f4ee101535f4ee2180001', '40288009530b9c8901530bb1a1830005', '2016-03-10 14:55:18', '2016-03-10 14:55:18', 'pcmc', 'sm_permission', 'login', '1', null, '0:0:0:0:0:0:0:1', null, null);
INSERT INTO `pcmc_log` VALUES ('40288148535f4ee101535f634edc0003', '1', '2016-03-10 15:17:37', '2016-03-10 15:17:37', 'pcmc', 'sm_permission', 'login', '1', null, '0:0:0:0:0:0:0:1', null, null);
INSERT INTO `pcmc_log` VALUES ('40288148535f4ee101535f6a7c440005', '40288009530b9c8901530bb1a1830005', '2016-03-10 15:25:27', '2016-03-10 15:25:27', 'pcmc', 'sm_permission', 'login', '1', null, '0:0:0:0:0:0:0:1', null, null);
INSERT INTO `pcmc_log` VALUES ('40288148535f4ee101535f6c55210007', '1', '2016-03-10 15:27:28', '2016-03-10 15:27:28', 'pcmc', 'sm_permission', 'login', '1', null, '0:0:0:0:0:0:0:1', null, null);
INSERT INTO `pcmc_log` VALUES ('40288148535f4ee101535f7300ab0009', '40288009530b9c8901530bb1a1830005', '2016-03-10 15:34:45', '2016-03-10 15:34:45', 'pcmc', 'sm_permission', 'login', '1', null, '0:0:0:0:0:0:0:1', null, null);
INSERT INTO `pcmc_log` VALUES ('40288148535f4ee101535fbaa6e9000b', '40288009530b9c8901530bb1a1830005', '2016-03-10 16:53:00', '2016-03-10 16:53:01', 'pcmc', 'sm_permission', 'login', '1', null, '0:0:0:0:0:0:0:1', null, null);
INSERT INTO `pcmc_log` VALUES ('40288148535f4ee101535fc91922000f', '40288009530b9c8901530bb1a1830005', '2016-03-10 17:08:47', '2016-03-10 17:08:48', 'pcmc', 'sm_permission', 'login', '1', null, '0:0:0:0:0:0:0:1', null, null);
INSERT INTO `pcmc_log` VALUES ('40288148535fccfe01535fccff0a0001', '40288009530b9c8901530bb1a1830005', '2016-03-10 17:13:03', '2016-03-10 17:13:03', 'pcmc', 'sm_permission', 'login', '1', null, '0:0:0:0:0:0:0:1', null, null);
INSERT INTO `pcmc_log` VALUES ('40288148536344990153634499d20001', '40288009530b9c8901530bb1a1830005', '2016-03-11 09:22:33', '2016-03-11 09:22:33', 'pcmc', 'sm_permission', 'login', '1', null, '192.168.1.100', null, null);
INSERT INTO `pcmc_log` VALUES ('402881485363449901536345014b0003', '1', '2016-03-11 09:22:59', '2016-03-11 09:23:00', 'pcmc', 'sm_permission', 'login', '1', null, '0:0:0:0:0:0:0:1', null, null);
INSERT INTO `pcmc_log` VALUES ('4028814853634499015363a47d5b0005', '1', '2016-03-11 11:07:17', '2016-03-11 11:07:17', 'pcmc', 'sm_permission', 'login', '1', null, '0:0:0:0:0:0:0:1', null, null);
INSERT INTO `pcmc_log` VALUES ('402881485363a5cf015363a5cf820001', '1', '2016-03-11 11:08:44', '2016-03-11 11:08:44', 'pcmc', 'sm_permission', 'login', '1', null, '0:0:0:0:0:0:0:1', null, null);
INSERT INTO `pcmc_log` VALUES ('402881485363b4fb015363b4fb750001', '1', '2016-03-11 11:25:18', '2016-03-11 11:25:18', 'pcmc', 'sm_permission', 'login', '1', null, '0:0:0:0:0:0:0:1', null, null);
INSERT INTO `pcmc_log` VALUES ('4028814853645c2d0153645c2df10001', '1', '2016-03-11 14:27:55', '2016-03-11 14:27:56', 'pcmc', 'sm_permission', 'login', '1', null, '0:0:0:0:0:0:0:1', null, null);
INSERT INTO `pcmc_log` VALUES ('4028814853645c2d01536460fe8a0003', '40288009530b9c8901530bb1a1830005', '2016-03-11 14:33:11', '2016-03-11 14:33:11', 'pcmc', 'sm_permission', 'login', '1', null, '0:0:0:0:0:0:0:1', null, null);
INSERT INTO `pcmc_log` VALUES ('402881485364b19d015364b438a80002', '40288009530b9c8901530bb1a1830005', '2016-03-11 16:04:05', '2016-03-11 16:04:05', 'pcmc', 'sm_permission', 'login', '1', null, '0:0:0:0:0:0:0:1', null, null);
INSERT INTO `pcmc_log` VALUES ('402881485364c2f5015364c2f5870001', '1', '2016-03-11 16:20:11', '2016-03-11 16:20:11', 'pcmc', 'sm_permission', 'login', '1', null, '0:0:0:0:0:0:0:1', null, null);
INSERT INTO `pcmc_log` VALUES ('402881485364cde2015364cde2ee0001', '1', '2016-03-11 16:32:07', '2016-03-11 16:32:07', 'pcmc', 'sm_permission', 'login', '1', null, '0:0:0:0:0:0:0:1', null, null);
INSERT INTO `pcmc_log` VALUES ('402881485364cde2015364e08a640003', '40288009530b9c8901530bb1a1830005', '2016-03-11 16:52:30', '2016-03-11 16:52:30', 'pcmc', 'sm_permission', 'login', '1', null, '0:0:0:0:0:0:0:1', null, null);
INSERT INTO `pcmc_log` VALUES ('402881485364cde2015364f464710012', '1', '2016-03-11 17:14:11', '2016-03-11 17:14:11', 'pcmc', 'sm_permission', 'login', '1', null, '0:0:0:0:0:0:0:1', null, null);
INSERT INTO `pcmc_log` VALUES ('402881485364cde2015364f4a1dc0014', '40288009530b9c8901530bb1a1830005', '2016-03-11 17:14:27', '2016-03-11 17:14:27', 'pcmc', 'sm_permission', 'login', '1', null, '0:0:0:0:0:0:0:1', null, null);
INSERT INTO `pcmc_log` VALUES ('402881485364f879015364f87a0f0001', '40288009530b9c8901530bb1a1830005', '2016-03-11 17:18:38', '2016-03-11 17:18:39', 'pcmc', 'sm_permission', 'login', '1', null, '0:0:0:0:0:0:0:1', null, null);
INSERT INTO `pcmc_log` VALUES ('402881485364f8790153650511990004', '1', '2016-03-11 17:32:24', '2016-03-11 17:32:24', 'pcmc', 'sm_permission', 'login', '1', null, '0:0:0:0:0:0:0:1', null, null);
INSERT INTO `pcmc_log` VALUES ('402881485373172d015373172dcf0001', '1', '2016-03-14 11:06:51', '2016-03-14 11:06:52', 'pcmc', 'sm_permission', 'login', '1', null, '0:0:0:0:0:0:0:1', null, null);
INSERT INTO `pcmc_log` VALUES ('4028814853733b9d0153733b9dc90001', '40288009530b9c8901530bb1a1830005', '2016-03-14 11:46:39', '2016-03-14 11:46:40', 'pcmc', 'sm_permission', 'login', '1', null, '0:0:0:0:0:0:0:1', null, null);
INSERT INTO `pcmc_log` VALUES ('4028814853733b9d015373a5e6680003', '1', '2016-03-14 13:42:45', '2016-03-14 13:42:45', 'pcmc', 'sm_permission', 'login', '1', null, '0:0:0:0:0:0:0:1', null, null);
INSERT INTO `pcmc_log` VALUES ('402881485373aa86015373aa86dc0001', '1', '2016-03-14 13:47:48', '2016-03-14 13:47:48', 'pcmc', 'sm_permission', 'login', '1', null, '0:0:0:0:0:0:0:1', null, null);
INSERT INTO `pcmc_log` VALUES ('402881485373aa86015373ab26e80003', '1', '2016-03-14 13:48:29', '2016-03-14 13:48:29', 'pcmc', 'sm_permission', 'login', '1', null, '192.168.1.100', null, null);
INSERT INTO `pcmc_log` VALUES ('402881485373aa86015373af828d000b', '1', '2016-03-14 13:53:15', '2016-03-14 13:53:15', 'pcmc', 'sm_permission', 'login', '1', null, '192.168.1.161', null, null);
INSERT INTO `pcmc_log` VALUES ('402881485373aa86015373af8df6000d', '1', '2016-03-14 13:53:18', '2016-03-14 13:53:18', 'pcmc', 'sm_permission', 'login', '1', null, '192.168.1.161', null, null);
INSERT INTO `pcmc_log` VALUES ('402881485373aa86015373afd332000f', '40288009530b9c8901530bb1a1830005', '2016-03-14 13:53:35', '2016-03-14 13:53:36', 'pcmc', 'sm_permission', 'login', '1', null, '0:0:0:0:0:0:0:1', null, null);
INSERT INTO `pcmc_log` VALUES ('402881485373bc3c015373bc3d160001', '40288009530b9c8901530bb1a1830005', '2016-03-14 14:07:09', '2016-03-14 14:07:09', 'pcmc', 'sm_permission', 'login', '1', null, '0:0:0:0:0:0:0:1', null, null);
INSERT INTO `pcmc_log` VALUES ('402881485373da0d015373da0dd20001', '40288009530b9c8901530bb1a1830005', '2016-03-14 14:39:43', '2016-03-14 14:39:43', 'pcmc', 'sm_permission', 'login', '1', null, '0:0:0:0:0:0:0:1', null, null);
INSERT INTO `pcmc_log` VALUES ('402881485373da0d015373dba50d0005', '1', '2016-03-14 14:41:27', '2016-03-14 14:41:27', 'pcmc', 'sm_permission', 'login', '1', null, '0:0:0:0:0:0:0:1', null, null);
INSERT INTO `pcmc_log` VALUES ('402881485373e7a5015373e7a52e0001', '1', '2016-03-14 14:54:33', '2016-03-14 14:54:34', 'pcmc', 'sm_permission', 'login', '1', null, '0:0:0:0:0:0:0:1', null, null);
INSERT INTO `pcmc_log` VALUES ('402881485373f13e015373f13f010001', '40288009530b9c8901530bb1a1830005', '2016-03-14 15:05:03', '2016-03-14 15:05:03', 'pcmc', 'sm_permission', 'login', '1', null, '0:0:0:0:0:0:0:1', null, null);
INSERT INTO `pcmc_log` VALUES ('402881485373f432015373f433020001', '40288009530b9c8901530bb1a1830005', '2016-03-14 15:08:16', '2016-03-14 15:08:17', 'pcmc', 'sm_permission', 'login', '1', null, '0:0:0:0:0:0:0:1', null, null);
INSERT INTO `pcmc_log` VALUES ('402881485373f8d8015373f8d8db0001', '40288009530b9c8901530bb1a1830005', '2016-03-14 15:13:21', '2016-03-14 15:13:21', 'pcmc', 'sm_permission', 'login', '1', null, '0:0:0:0:0:0:0:1', null, null);
INSERT INTO `pcmc_log` VALUES ('402881485373f9b7015373f9b75e0001', '40288009530b9c8901530bb1a1830005', '2016-03-14 15:14:18', '2016-03-14 15:14:18', 'pcmc', 'sm_permission', 'login', '1', null, '0:0:0:0:0:0:0:1', null, null);
INSERT INTO `pcmc_log` VALUES ('402881485373f9b7015373fa09000003', '1', '2016-03-14 15:14:39', '2016-03-14 15:14:39', 'pcmc', 'sm_permission', 'login', '1', null, '192.168.1.108', null, null);
INSERT INTO `pcmc_log` VALUES ('402881485373f9b70153741f49620009', '40288009530b9c8901530bb1a1830005', '2016-03-14 15:55:20', '2016-03-14 15:55:20', 'pcmc', 'sm_permission', 'login', '1', null, '0:0:0:0:0:0:0:1', null, null);
INSERT INTO `pcmc_log` VALUES ('402881485373f9b701537443da4f0017', '1', '2016-03-14 16:35:17', '2016-03-14 16:35:17', 'pcmc', 'sm_permission', 'login', '1', null, '192.168.1.108', null, null);
INSERT INTO `pcmc_log` VALUES ('40288148537457420153745742a80001', '1', '2016-03-14 16:56:28', '2016-03-14 16:56:29', 'pcmc', 'sm_permission', 'login', '1', null, '0:0:0:0:0:0:0:1', null, null);
INSERT INTO `pcmc_log` VALUES ('4028814853745742015374607dc70003', '1', '2016-03-14 17:06:33', '2016-03-14 17:06:34', 'pcmc', 'sm_permission', 'login', '1', null, '0:0:0:0:0:0:0:1', null, null);
INSERT INTO `pcmc_log` VALUES ('402881485374574201537462765c0005', '1', '2016-03-14 17:08:43', '2016-03-14 17:08:43', 'pcmc', 'sm_permission', 'login', '1', null, '0:0:0:0:0:0:0:1', null, null);
INSERT INTO `pcmc_log` VALUES ('4028814853745742015374701c070007', '1', '2016-03-14 17:23:37', '2016-03-14 17:23:37', 'pcmc', 'sm_permission', 'login', '1', null, '0:0:0:0:0:0:0:1', null, null);
INSERT INTO `pcmc_log` VALUES ('402881485374574201537476da130009', '1', '2016-03-14 17:29:35', '2016-03-14 17:30:59', 'pcmc', 'sm_permission', 'login', '1', null, '0:0:0:0:0:0:0:1', null, null);
INSERT INTO `pcmc_log` VALUES ('40288148537457420153747a96ad000b', '1', '2016-03-14 17:35:01', '2016-03-14 17:35:04', 'pcmc', 'sm_permission', 'login', '1', null, '0:0:0:0:0:0:0:1', null, null);
INSERT INTO `pcmc_log` VALUES ('402881485377f82f015377f82fa20001', '1', '2016-03-15 09:51:04', '2016-03-15 09:51:07', 'pcmc', 'sm_permission', 'login', '1', null, '192.168.1.108', null, null);
INSERT INTO `pcmc_log` VALUES ('4028814853780b4b0153780b4b280001', '40288009530b9c8901530bb1a1830005', '2016-03-15 10:11:59', '2016-03-15 10:11:59', 'pcmc', 'sm_permission', 'login', '1', null, '0:0:0:0:0:0:0:1', null, null);
INSERT INTO `pcmc_log` VALUES ('402881485378333b015378333b630001', '40288009530b9c8901530bb1a1830005', '2016-03-15 10:55:35', '2016-03-15 10:55:36', 'pcmc', 'sm_permission', 'login', '1', null, '0:0:0:0:0:0:0:1', null, null);
INSERT INTO `pcmc_log` VALUES ('402881485378333b015378e720380006', '1', '2016-03-15 14:12:05', '2016-03-15 14:12:06', 'pcmc', 'sm_permission', 'login', '1', null, '0:0:0:0:0:0:0:1', null, null);
INSERT INTO `pcmc_log` VALUES ('402881485378333b015378e7214e0008', '1', '2016-03-15 14:12:06', '2016-03-15 14:12:06', 'pcmc', 'sm_permission', 'login', '1', null, '0:0:0:0:0:0:0:1', null, null);
INSERT INTO `pcmc_log` VALUES ('40288148537958f6015379591b760001', '1', '2016-03-15 16:16:10', '2016-03-15 16:16:36', 'pcmc', 'sm_permission', 'login', '0', null, '0:0:0:0:0:0:0:1', null, null);
INSERT INTO `pcmc_log` VALUES ('40288148537958f601537959e5220003', '1', '2016-03-15 16:16:41', '2016-03-15 16:17:27', 'pcmc', 'sm_permission', 'login', '0', null, '0:0:0:0:0:0:0:1', null, null);
INSERT INTO `pcmc_log` VALUES ('40288148537958f60153795bd91c0005', '1', '2016-03-15 16:19:31', '2016-03-15 16:19:35', 'pcmc', 'sm_permission', 'login', '0', null, '0:0:0:0:0:0:0:1', null, null);
INSERT INTO `pcmc_log` VALUES ('40288148537958f601537967504f0007', '1', '2016-03-15 16:29:10', '2016-03-15 16:32:07', 'pcmc', 'sm_permission', 'login', '0', null, '0:0:0:0:0:0:0:1', null, null);
INSERT INTO `pcmc_log` VALUES ('4028814853822f920153822f92f20003', '1', '2016-03-17 09:27:39', '2016-03-17 09:27:49', 'pcmc', 'sm_permission', 'login', '1', null, '0:0:0:0:0:0:0:1', null, null);
INSERT INTO `pcmc_log` VALUES ('4028814853822f920153822f92f20004', '1', '2016-03-17 09:27:42', '2016-03-17 09:27:49', 'pcmc', 'sm_permission', 'login', '1', null, '0:0:0:0:0:0:0:1', null, null);
INSERT INTO `pcmc_log` VALUES ('4028814853822f920153822f93050005', '1', '2016-03-17 09:27:37', '2016-03-17 09:27:49', 'pcmc', 'sm_permission', 'login', '1', null, '0:0:0:0:0:0:0:1', null, null);
INSERT INTO `pcmc_log` VALUES ('4028814853822f920153827591500007', '1', '2016-03-17 10:44:15', '2016-03-17 10:44:16', 'pcmc', 'sm_permission', 'login', '1', null, '0:0:0:0:0:0:0:1', null, null);
INSERT INTO `pcmc_log` VALUES ('4028814853822f92015383a8b4470009', '1', '2016-03-17 16:19:44', '2016-03-17 16:19:44', 'pcmc', 'sm_permission', 'login', '1', null, '0:0:0:0:0:0:0:1', null, null);
INSERT INTO `pcmc_log` VALUES ('4028814853822f92015383d40dc80010', '1', '2016-03-17 17:07:04', '2016-03-17 17:07:05', 'pcmc', 'sm_permission', 'login', '1', null, '0:0:0:0:0:0:0:1', null, null);
INSERT INTO `pcmc_log` VALUES ('4028814853822f92015383e387870014', '1', '2016-03-17 17:23:59', '2016-03-17 17:24:00', 'pcmc', 'sm_permission', 'login', '0', null, '192.168.1.161', null, null);
INSERT INTO `pcmc_log` VALUES ('4028814853822f92015383e3b3670016', '1', '2016-03-17 17:24:11', '2016-03-17 17:24:11', 'pcmc', 'sm_permission', 'login', '1', null, '192.168.1.161', null, null);
INSERT INTO `pcmc_log` VALUES ('4028814853822f92015384014bf5001b', '40288009530b9c8901530bb1a1830005', '2016-03-17 17:56:30', '2016-03-17 17:56:30', 'pcmc', 'sm_permission', 'login', '1', null, '0:0:0:0:0:0:0:1', null, null);
INSERT INTO `pcmc_log` VALUES ('402881485387503601538750369e0001', '40288009530b9c8901530bb1a1830005', '2016-03-18 09:21:33', '2016-03-18 09:21:34', 'pcmc', 'sm_permission', 'login', '1', null, '0:0:0:0:0:0:0:1', null, null);
INSERT INTO `pcmc_log` VALUES ('40288148538750360153879597dd0009', '40288009530b9c8901530bb1a1830005', '2016-03-18 10:37:21', '2016-03-18 10:37:21', 'pcmc', 'sm_permission', 'login', '1', null, '0:0:0:0:0:0:0:1', null, null);
INSERT INTO `pcmc_log` VALUES ('40288148538750360153879a4d50000c', '40288009530b9c8901530bb1a1830005', '2016-03-18 10:42:29', '2016-03-18 10:42:29', 'pcmc', 'sm_permission', 'login', '1', null, '192.168.1.113', null, null);
INSERT INTO `pcmc_log` VALUES ('4028814853875036015387bc5e5d0014', '1', '2016-03-18 11:19:42', '2016-03-18 11:19:42', 'pcmc', 'sm_permission', 'login', '1', null, '0:0:0:0:0:0:0:1', null, null);
INSERT INTO `pcmc_log` VALUES ('4028814853875036015387bc67920016', '1', '2016-03-18 11:19:44', '2016-03-18 11:19:44', 'pcmc', 'sm_permission', 'login', '1', null, '0:0:0:0:0:0:0:1', null, null);
INSERT INTO `pcmc_log` VALUES ('4028814853883b5d0153883b5d1f0001', '40288009530b9c8901530bb1a1830005', '2016-03-18 13:38:24', '2016-03-18 13:38:25', 'pcmc', 'sm_permission', 'login', '1', null, '0:0:0:0:0:0:0:1', null, null);
INSERT INTO `pcmc_log` VALUES ('4028814853883b5d0153883f79320003', '1', '2016-03-18 13:42:54', '2016-03-18 13:42:54', 'pcmc', 'sm_permission', 'login', '1', null, '0:0:0:0:0:0:0:1', null, null);
INSERT INTO `pcmc_log` VALUES ('4028814853883b5d015388421ae50005', '1', '2016-03-18 13:45:46', '2016-03-18 13:45:46', 'pcmc', 'sm_permission', 'login', '1', null, '0:0:0:0:0:0:0:1', null, null);
INSERT INTO `pcmc_log` VALUES ('4028814853883b5d0153884305e70007', '40288009530b9c8901530bb1a1830005', '2016-03-18 13:46:47', '2016-03-18 13:46:47', 'pcmc', 'sm_permission', 'login', '1', null, '0:0:0:0:0:0:0:1', null, null);
INSERT INTO `pcmc_log` VALUES ('4028814853972cb90153972cb9f90001', '1', '2016-03-21 11:16:43', '2016-03-21 11:16:44', 'pcmc', 'sm_permission', 'login', '1', null, '0:0:0:0:0:0:0:1', null, null);
INSERT INTO `pcmc_log` VALUES ('4028814853972cb90153972d170c0003', '40288009530b9c8901530bb1a1830005', '2016-03-21 11:17:07', '2016-03-21 11:17:07', 'pcmc', 'sm_permission', 'login', '1', null, '0:0:0:0:0:0:0:1', null, null);
INSERT INTO `pcmc_log` VALUES ('4028814853972cb901539848973c0006', '40288009530b9c8901530bb1a1830005', '2016-03-21 16:26:47', '2016-03-21 16:26:47', 'pcmc', 'sm_permission', 'login', '1', null, '0:0:0:0:0:0:0:1', null, null);
INSERT INTO `pcmc_log` VALUES ('402881485398829f015398829f520001', '40288009530b9c8901530bb1a1830005', '2016-03-21 17:30:10', '2016-03-21 17:30:10', 'pcmc', 'sm_permission', 'login', '1', null, '0:0:0:0:0:0:0:1', null, null);
INSERT INTO `pcmc_log` VALUES ('402881485398829f01539885c1510003', '40288009530b9c8901530bb1a1830005', '2016-03-21 17:33:35', '2016-03-21 17:33:35', 'pcmc', 'sm_permission', 'login', '1', null, '0:0:0:0:0:0:0:1', null, null);
INSERT INTO `pcmc_log` VALUES ('402881485398829f01539886e9e60005', '40288009530b9c8901530bb1a1830005', '2016-03-21 17:34:51', '2016-03-21 17:34:51', 'pcmc', 'sm_permission', 'login', '1', null, '0:0:0:0:0:0:0:1', null, null);
INSERT INTO `pcmc_log` VALUES ('402881485398829f01539888c6840007', '40288009530b9c8901530bb1a1830005', '2016-03-21 17:36:53', '2016-03-21 17:36:53', 'pcmc', 'sm_permission', 'login', '1', null, '0:0:0:0:0:0:0:1', null, null);
INSERT INTO `pcmc_log` VALUES ('40288148539bed2601539bed26af0001', '40288009530b9c8901530bb1a1830005', '2016-03-22 09:25:23', '2016-03-22 09:25:23', 'pcmc', 'sm_permission', 'login', '1', null, '0:0:0:0:0:0:0:1', null, null);
INSERT INTO `pcmc_log` VALUES ('40288148539c52fe01539c52fe720001', '40288009530b9c8901530bb1a1830005', '2016-03-22 11:16:37', '2016-03-22 11:16:38', 'pcmc', 'sm_permission', 'login', '1', null, '0:0:0:0:0:0:0:1', null, null);
INSERT INTO `pcmc_log` VALUES ('40288148539c52fe01539ce29c670005', '1', '2016-03-22 13:53:30', '2016-03-22 13:53:30', 'pcmc', 'sm_permission', 'login', '1', null, '0:0:0:0:0:0:0:1', null, null);
INSERT INTO `pcmc_log` VALUES ('40288148539c52fe01539d0459020007', '1', '2016-03-22 14:30:20', '2016-03-22 14:30:21', 'pcmc', 'sm_permission', 'login', '1', null, '0:0:0:0:0:0:0:1', null, null);
INSERT INTO `pcmc_log` VALUES ('40288148539c52fe01539d0643bb0009', '1', '2016-03-22 14:32:26', '2016-03-22 14:32:26', 'pcmc', 'sm_permission', 'login', '1', null, '192.168.1.102', null, null);
INSERT INTO `pcmc_log` VALUES ('40288148539c52fe01539d2941c2000b', '1', '2016-03-22 15:10:39', '2016-03-22 15:10:40', 'pcmc', 'sm_permission', 'login', '1', null, '0:0:0:0:0:0:0:1', null, null);
INSERT INTO `pcmc_log` VALUES ('40288148539c52fe01539d746213000d', '1', '2016-03-22 16:32:43', '2016-03-22 16:32:43', 'pcmc', 'sm_permission', 'login', '1', null, '0:0:0:0:0:0:0:1', null, null);
INSERT INTO `pcmc_log` VALUES ('40288148539d763601539d76371e0001', '1', '2016-03-22 16:34:43', '2016-03-22 16:34:43', 'pcmc', 'sm_permission', 'login', '1', null, '0:0:0:0:0:0:0:1', null, null);
INSERT INTO `pcmc_log` VALUES ('40288148539d763601539d7c47220003', '40288009530b9c8901530bb1a1830005', '2016-03-22 16:41:20', '2016-03-22 16:41:20', 'pcmc', 'sm_permission', 'login', '1', null, '0:0:0:0:0:0:0:1', null, null);
INSERT INTO `pcmc_log` VALUES ('40288148539d763601539d7c619a0005', '1', '2016-03-22 16:41:27', '2016-03-22 16:41:27', 'pcmc', 'sm_permission', 'login', '1', null, '0:0:0:0:0:0:0:1', null, null);
INSERT INTO `pcmc_log` VALUES ('40288148539d9a2f01539d9a2f600001', '1', '2016-03-22 17:14:00', '2016-03-22 17:14:00', 'pcmc', 'sm_permission', 'login', '1', null, '0:0:0:0:0:0:0:1', null, null);
INSERT INTO `pcmc_log` VALUES ('40288148539da6bf01539da6bfc80001', '1', '2016-03-22 17:27:44', '2016-03-22 17:27:44', 'pcmc', 'sm_permission', 'login', '1', null, '0:0:0:0:0:0:0:1', null, null);
INSERT INTO `pcmc_log` VALUES ('40288148539dafe001539dafe0e10001', '1', '2016-03-22 17:37:42', '2016-03-22 17:37:42', 'pcmc', 'sm_permission', 'login', '1', null, '0:0:0:0:0:0:0:1', null, null);
INSERT INTO `pcmc_log` VALUES ('40288148539dafe001539db9b80a0004', '40288009530b9c8901530bb1a1830005', '2016-03-22 17:48:27', '2016-03-22 17:48:27', 'pcmc', 'sm_permission', 'login', '1', null, '0:0:0:0:0:0:0:1', null, null);
INSERT INTO `pcmc_log` VALUES ('40288148539dc17801539dc1783c0001', '1', '2016-03-22 17:56:55', '2016-03-22 17:56:55', 'pcmc', 'sm_permission', 'login', '1', null, '0:0:0:0:0:0:0:1', null, null);
INSERT INTO `pcmc_log` VALUES ('40288148539dc17801539dc19ecb0003', '40288009530b9c8901530bb1a1830005', '2016-03-22 17:57:05', '2016-03-22 17:57:05', 'pcmc', 'sm_permission', 'login', '1', null, '0:0:0:0:0:0:0:1', null, null);
INSERT INTO `pcmc_log` VALUES ('4028814853a1445a0153a1445a470001', '1', '2016-03-23 10:18:43', '2016-03-23 10:18:44', 'pcmc', 'sm_permission', 'login', '1', null, '0:0:0:0:0:0:0:1', null, null);
INSERT INTO `pcmc_log` VALUES ('4028814853a1491b0153a1491b550001', '40288009530b9c8901530bb1a1830005', '2016-03-23 10:23:56', '2016-03-23 10:23:56', 'pcmc', 'sm_permission', 'login', '1', null, '0:0:0:0:0:0:0:1', null, null);
INSERT INTO `pcmc_log` VALUES ('4028814853a268030153a26803600001', '40288009530b9c8901530bb1a1830005', '2016-03-23 15:37:18', '2016-03-23 15:37:18', 'pcmc', 'sm_permission', 'login', '1', null, '0:0:0:0:0:0:0:1', null, null);
INSERT INTO `pcmc_log` VALUES ('4028814853a268030153a284fc270003', '1', '2016-03-23 16:08:57', '2016-03-23 16:08:57', 'pcmc', 'sm_permission', 'login', '1', null, '0:0:0:0:0:0:0:1', null, null);
INSERT INTO `pcmc_log` VALUES ('4028814853a268030153a289fd400005', '1', '2016-03-23 16:14:25', '2016-03-23 16:14:25', 'pcmc', 'sm_permission', 'login', '1', null, '0:0:0:0:0:0:0:1', null, null);
INSERT INTO `pcmc_log` VALUES ('4028814853a29fe30153a29fe4120001', '1', '2016-03-23 16:38:20', '2016-03-23 16:38:20', 'pcmc', 'sm_permission', 'login', '1', null, '0:0:0:0:0:0:0:1', null, null);
INSERT INTO `pcmc_log` VALUES ('4028814853a29fe30153a2b814ce0003', '40288009530b9c8901530bb1a1830005', '2016-03-23 17:04:46', '2016-03-23 17:04:46', 'pcmc', 'sm_permission', 'login', '1', null, '0:0:0:0:0:0:0:1', null, null);
INSERT INTO `pcmc_log` VALUES ('4028814853a29fe30153a2b84b690005', '1', '2016-03-23 17:05:00', '2016-03-23 17:05:00', 'pcmc', 'sm_permission', 'login', '1', null, '0:0:0:0:0:0:0:1', null, null);
INSERT INTO `pcmc_log` VALUES ('4028814853a29fe30153a2b8c40c0007', '40288009530b9c8901530bb1a1830005', '2016-03-23 17:05:31', '2016-03-23 17:05:31', 'pcmc', 'sm_permission', 'login', '1', null, '0:0:0:0:0:0:0:1', null, null);
INSERT INTO `pcmc_log` VALUES ('4028814853a29fe30153a2f352f00009', '40288009530b9c8901530bb1a1830005', '2016-03-23 18:09:28', '2016-03-23 18:09:28', 'pcmc', 'sm_permission', 'login', '1', null, '0:0:0:0:0:0:0:1', null, null);
INSERT INTO `pcmc_log` VALUES ('4028814853a6a08c0153a6a08c820001', '40288009530b9c8901530bb1a1830005', '2016-03-24 11:17:32', '2016-03-24 11:17:32', 'pcmc', 'sm_permission', 'login', '1', null, '0:0:0:0:0:0:0:1', null, null);
INSERT INTO `pcmc_log` VALUES ('4028814853a6a08c0153a6b17e620003', '1', '2016-03-24 11:36:03', '2016-03-24 11:36:03', 'pcmc', 'sm_permission', 'login', '1', null, '0:0:0:0:0:0:0:1', null, null);
INSERT INTO `pcmc_log` VALUES ('4028814853a6a08c0153a757da3f0005', '1', '2016-03-24 14:37:45', '2016-03-24 14:37:45', 'pcmc', 'sm_permission', 'login', '1', null, '0:0:0:0:0:0:0:1', null, null);
INSERT INTO `pcmc_log` VALUES ('4028814853a6a08c0153a75bd8540007', '40288009530b9c8901530bb1a1830005', '2016-03-24 14:42:07', '2016-03-24 14:42:07', 'pcmc', 'sm_permission', 'login', '1', null, '0:0:0:0:0:0:0:1', null, null);
INSERT INTO `pcmc_log` VALUES ('4028814853a6a08c0153a772b4b30009', '1', '2016-03-24 15:07:05', '2016-03-24 15:07:05', 'pcmc', 'sm_permission', 'login', '1', null, '0:0:0:0:0:0:0:1', null, null);
INSERT INTO `pcmc_log` VALUES ('4028814853a6a08c0153a79604e0000b', '40288009530b9c8901530bb1a1830005', '2016-03-24 15:45:39', '2016-03-24 15:45:40', 'pcmc', 'sm_permission', 'login', '1', null, '0:0:0:0:0:0:0:1', null, null);
INSERT INTO `pcmc_log` VALUES ('4028814853a7a4150153a7a4159f0001', '1', '2016-03-24 16:01:01', '2016-03-24 16:01:01', 'pcmc', 'sm_permission', 'login', '1', null, '0:0:0:0:0:0:0:1', null, null);
INSERT INTO `pcmc_log` VALUES ('4028814853a7a4150153a7a5be2e0003', '40288009530b9c8901530bb1a1830005', '2016-03-24 16:02:50', '2016-03-24 16:02:50', 'pcmc', 'sm_permission', 'login', '1', null, '0:0:0:0:0:0:0:1', null, null);
INSERT INTO `pcmc_log` VALUES ('4028814853a7ad640153a7ad64ce0001', '40288009530b9c8901530bb1a1830005', '2016-03-24 16:11:11', '2016-03-24 16:11:11', 'pcmc', 'sm_permission', 'login', '1', null, '0:0:0:0:0:0:0:1', null, null);
INSERT INTO `pcmc_log` VALUES ('4028814853a7d8800153a7d880810001', '40288009530b9c8901530bb1a1830005', '2016-03-24 16:58:16', '2016-03-24 16:58:17', 'pcmc', 'sm_permission', 'login', '1', null, '0:0:0:0:0:0:0:1', null, null);
INSERT INTO `pcmc_log` VALUES ('4028814853a7d8800153a8084f7d0003', '1', '2016-03-24 17:50:30', '2016-03-24 17:50:30', 'pcmc', 'sm_permission', 'login', '1', null, '0:0:0:0:0:0:0:1', null, null);
INSERT INTO `pcmc_log` VALUES ('4028814853a7d8800153a80d50570005', '40288009530b9c8901530bb1a1830005', '2016-03-24 17:55:58', '2016-03-24 17:55:58', 'pcmc', 'sm_permission', 'login', '1', null, '0:0:0:0:0:0:0:1', null, null);
INSERT INTO `pcmc_log` VALUES ('4028814853a8225a0153a8225a400001', '40288009530b9c8901530bb1a1830005', '2016-03-24 18:18:56', '2016-03-24 18:18:56', 'pcmc', 'sm_permission', 'login', '1', null, '0:0:0:0:0:0:0:1', null, null);
INSERT INTO `pcmc_log` VALUES ('4028814853ab5be80153ab5be8410001', '1', '2016-03-25 09:20:40', '2016-03-25 09:20:40', 'pcmc', 'sm_permission', 'login', '1', null, '0:0:0:0:0:0:0:1', null, null);
INSERT INTO `pcmc_log` VALUES ('4028814853ab5be80153ab936b4d0003', '1', '2016-03-25 10:21:18', '2016-03-25 10:21:18', 'pcmc', 'sm_permission', 'login', '1', null, '192.168.1.108', null, null);
INSERT INTO `pcmc_log` VALUES ('4028814853abc77d0153abc77d460001', '40288009530b9c8901530bb1a1830005', '2016-03-25 11:18:10', '2016-03-25 11:18:11', 'pcmc', 'sm_permission', 'login', '1', null, '0:0:0:0:0:0:0:1', null, null);
INSERT INTO `pcmc_log` VALUES ('4028814853ac082a0153ac082a830001', '40288009530b9c8901530bb1a1830005', '2016-03-25 12:28:49', '2016-03-25 12:28:49', 'pcmc', 'sm_permission', 'login', '1', null, '0:0:0:0:0:0:0:1', null, null);
INSERT INTO `pcmc_log` VALUES ('4028814853ac1cf80153ac1cf8a50001', '40288009530b9c8901530bb1a1830005', '2016-03-25 12:51:32', '2016-03-25 12:51:33', 'pcmc', 'sm_permission', 'login', '1', null, '0:0:0:0:0:0:0:1', null, null);
INSERT INTO `pcmc_log` VALUES ('4028814853ac1cf80153ac23166d0003', '1', '2016-03-25 12:58:13', '2016-03-25 12:58:13', 'pcmc', 'sm_permission', 'login', '1', null, '0:0:0:0:0:0:0:1', null, null);
INSERT INTO `pcmc_log` VALUES ('4028814853ac1cf80153ac2379f20005', '40288009530b9c8901530bb1a1830005', '2016-03-25 12:58:39', '2016-03-25 12:58:39', 'pcmc', 'sm_permission', 'login', '1', null, '192.168.1.113', null, null);
INSERT INTO `pcmc_log` VALUES ('4028814853ac1cf80153ac24c2600007', '40288009530b9c8901530bb1a1830005', '2016-03-25 13:00:03', '2016-03-25 13:00:03', 'pcmc', 'sm_permission', 'login', '1', null, '192.168.1.113', null, null);
INSERT INTO `pcmc_log` VALUES ('4028814853ac1cf80153ac2816080009', '40288009530b9c8901530bb1a1830005', '2016-03-25 13:03:41', '2016-03-25 13:03:41', 'pcmc', 'sm_permission', 'login', '1', null, '192.168.1.100', null, null);
INSERT INTO `pcmc_log` VALUES ('4028814853ac1cf80153ac2b1763000b', '1', '2016-03-25 13:06:58', '2016-03-25 13:06:58', 'pcmc', 'sm_permission', 'login', '1', null, '192.168.1.200', null, null);
INSERT INTO `pcmc_log` VALUES ('4028814853ac1cf80153ac2b3627000d', '40288009530b9c8901530bb1a1830005', '2016-03-25 13:07:06', '2016-03-25 13:07:06', 'pcmc', 'sm_permission', 'login', '1', null, '192.168.1.200', null, null);
INSERT INTO `pcmc_log` VALUES ('4028814853ac1cf80153ac322509000f', '40288009530b9c8901530bb1a1830005', '2016-03-25 13:14:40', '2016-03-25 13:14:40', 'pcmc', 'sm_permission', 'login', '1', null, '192.168.1.200', null, null);
INSERT INTO `pcmc_log` VALUES ('4028814853baf4290153baf429c90001', '1', '2016-03-28 10:01:16', '2016-03-28 10:01:17', 'pcmc', 'sm_permission', 'login', '1', null, '0:0:0:0:0:0:0:1', null, null);
INSERT INTO `pcmc_log` VALUES ('4028814853baf4290153baf42b500003', '1', '2016-03-28 10:01:17', '2016-03-28 10:01:17', 'pcmc', 'sm_permission', 'login', '1', null, '0:0:0:0:0:0:0:1', null, null);
INSERT INTO `pcmc_log` VALUES ('4028814853bb039b0153bb039bf20001', '1', '2016-03-28 10:18:09', '2016-03-28 10:18:09', 'pcmc', 'sm_permission', 'login', '1', null, '0:0:0:0:0:0:0:1', null, null);
INSERT INTO `pcmc_log` VALUES ('4028814853bb039b0153bb039d000003', '1', '2016-03-28 10:18:09', '2016-03-28 10:18:09', 'pcmc', 'sm_permission', 'login', '1', null, '0:0:0:0:0:0:0:1', null, null);
INSERT INTO `pcmc_log` VALUES ('4028814853bb039b0153bb03bc9a0005', '40288009530b9c8901530bb1a1830005', '2016-03-28 10:18:17', '2016-03-28 10:18:17', 'pcmc', 'sm_permission', 'login', '1', null, '0:0:0:0:0:0:0:1', null, null);
INSERT INTO `pcmc_log` VALUES ('4028814853bb090e0153bb090f050001', '40288009530b9c8901530bb1a1830005', '2016-03-28 10:24:06', '2016-03-28 10:24:06', 'pcmc', 'sm_permission', 'login', '1', null, '0:0:0:0:0:0:0:1', null, null);
INSERT INTO `pcmc_log` VALUES ('4028814853bb090e0153bb2e0c15000b', '40288009530b9c8901530bb1a1830005', '2016-03-28 11:04:30', '2016-03-28 11:04:30', 'pcmc', 'sm_permission', 'login', '1', null, '0:0:0:0:0:0:0:1', null, null);
INSERT INTO `pcmc_log` VALUES ('4028814853bb321e0153bb321ebb0001', '40288009530b9c8901530bb1a1830005', '2016-03-28 11:08:57', '2016-03-28 11:08:57', 'pcmc', 'sm_permission', 'login', '1', null, '0:0:0:0:0:0:0:1', null, null);
INSERT INTO `pcmc_log` VALUES ('4028814853bbbad70153bbbad7dd0001', '40288009530b9c8901530bb1a1830005', '2016-03-28 13:38:17', '2016-03-28 13:38:17', 'pcmc', 'sm_permission', 'login', '1', null, '0:0:0:0:0:0:0:1', null, null);
INSERT INTO `pcmc_log` VALUES ('4028814853bbe9830153bbe9833d0001', '40288009530b9c8901530bb1a1830005', '2016-03-28 14:29:15', '2016-03-28 14:29:16', 'pcmc', 'sm_permission', 'login', '1', null, '0:0:0:0:0:0:0:1', null, null);
INSERT INTO `pcmc_log` VALUES ('4028814853bc3f990153bc3f9a140001', '40288009530b9c8901530bb1a1830005', '2016-03-28 16:03:17', '2016-03-28 16:03:18', 'pcmc', 'sm_permission', 'login', '1', null, '0:0:0:0:0:0:0:1', null, null);
INSERT INTO `pcmc_log` VALUES ('4028814853bc6f4b0153bc6f4b640001', '40288009530b9c8901530bb1a1830005', '2016-03-28 16:55:23', '2016-03-28 16:55:23', 'pcmc', 'sm_permission', 'login', '1', null, '0:0:0:0:0:0:0:1', null, null);
INSERT INTO `pcmc_log` VALUES ('4028814853bc7ee90153bc7ee9900001', '40288009530b9c8901530bb1a1830005', '2016-03-28 17:12:27', '2016-03-28 17:12:27', 'pcmc', 'sm_permission', 'login', '1', null, '0:0:0:0:0:0:0:1', null, null);
INSERT INTO `pcmc_log` VALUES ('4028814853bc84c80153bc84c9240001', '40288009530b9c8901530bb1a1830005', '2016-03-28 17:18:52', '2016-03-28 17:18:52', 'pcmc', 'sm_permission', 'login', '1', null, '0:0:0:0:0:0:0:1', null, null);
INSERT INTO `pcmc_log` VALUES ('4028814853bcab180153bcab184f0001', '40288009530b9c8901530bb1a1830005', '2016-03-28 18:00:42', '2016-03-28 18:00:42', 'pcmc', 'sm_permission', 'login', '1', null, '0:0:0:0:0:0:0:1', null, null);
INSERT INTO `pcmc_log` VALUES ('4028814853bcf8df0153bcf8dfb30001', '40288009530b9c8901530bb1a1830005', '2016-03-28 19:25:39', '2016-03-28 19:25:40', 'pcmc', 'sm_permission', 'login', '1', null, '0:0:0:0:0:0:0:1', null, null);
INSERT INTO `pcmc_log` VALUES ('4028814853bcfd4d0153bcfd4e140001', '40288009530b9c8901530bb1a1830005', '2016-03-28 19:30:30', '2016-03-28 19:30:30', 'pcmc', 'sm_permission', 'login', '1', null, '0:0:0:0:0:0:0:1', null, null);
INSERT INTO `pcmc_log` VALUES ('4028814853bd03f20153bd03f2490001', '40288009530b9c8901530bb1a1830005', '2016-03-28 19:37:45', '2016-03-28 19:37:45', 'pcmc', 'sm_permission', 'login', '1', null, '0:0:0:0:0:0:0:1', null, null);
INSERT INTO `pcmc_log` VALUES ('4028814853bd0a370153bd0a37e70001', '40288009530b9c8901530bb1a1830005', '2016-03-28 19:44:36', '2016-03-28 19:44:36', 'pcmc', 'sm_permission', 'login', '1', null, '0:0:0:0:0:0:0:1', null, null);
INSERT INTO `pcmc_log` VALUES ('4028814853bd11b20153bd11b2540001', '40288009530b9c8901530bb1a1830005', '2016-03-28 19:52:46', '2016-03-28 19:52:46', 'pcmc', 'sm_permission', 'login', '1', null, '0:0:0:0:0:0:0:1', null, null);
INSERT INTO `pcmc_log` VALUES ('4028814853bd1b0d0153bd1b0dac0001', '40288009530b9c8901530bb1a1830005', '2016-03-28 20:02:59', '2016-03-28 20:03:00', 'pcmc', 'sm_permission', 'login', '1', null, '0:0:0:0:0:0:0:1', null, null);
INSERT INTO `pcmc_log` VALUES ('4028814853bd24fb0153bd24fb7a0001', '40288009530b9c8901530bb1a1830005', '2016-03-28 20:13:50', '2016-03-28 20:13:50', 'pcmc', 'sm_permission', 'login', '1', null, '0:0:0:0:0:0:0:1', null, null);
INSERT INTO `pcmc_log` VALUES ('4028814853bd24fb0153bd3ced6d0005', '1', '2016-03-28 20:40:00', '2016-03-28 20:40:00', 'pcmc', 'sm_permission', 'login', '1', null, '0:0:0:0:0:0:0:1', null, null);
INSERT INTO `pcmc_log` VALUES ('4028814853bff01a0153bff01a830001', '40288009530b9c8901530bb1a1830005', '2016-03-29 09:14:56', '2016-03-29 09:14:57', 'pcmc', 'sm_permission', 'login', '1', null, '0:0:0:0:0:0:0:1', null, null);
INSERT INTO `pcmc_log` VALUES ('4028814853bff87e0153bff87e2d0001', '40288009530b9c8901530bb1a1830005', '2016-03-29 09:24:06', '2016-03-29 09:24:06', 'pcmc', 'sm_permission', 'login', '1', null, '0:0:0:0:0:0:0:1', null, null);
INSERT INTO `pcmc_log` VALUES ('4028814853bffc6c0153bffc6c520001', '40288009530b9c8901530bb1a1830005', '2016-03-29 09:28:24', '2016-03-29 09:28:24', 'pcmc', 'sm_permission', 'login', '1', null, '0:0:0:0:0:0:0:1', null, null);
INSERT INTO `pcmc_log` VALUES ('4028814853bffc6c0153c01445f1000f', '1', '2016-03-29 09:54:27', '2016-03-29 09:54:27', 'pcmc', 'sm_permission', 'login', '1', null, '0:0:0:0:0:0:0:1', null, null);
INSERT INTO `pcmc_log` VALUES ('4028814853c018cb0153c018cbd70001', '40288009530b9c8901530bb1a1830005', '2016-03-29 09:59:23', '2016-03-29 09:59:23', 'pcmc', 'sm_permission', 'login', '1', null, '0:0:0:0:0:0:0:1', null, null);
INSERT INTO `pcmc_log` VALUES ('4028814853c018cb0153c03675270005', '1', '2016-03-29 10:31:47', '2016-03-29 10:31:47', 'pcmc', 'sm_permission', 'login', '1', null, '0:0:0:0:0:0:0:1', null, null);
INSERT INTO `pcmc_log` VALUES ('4028814853c040ac0153c040acf80001', '40288009530b9c8901530bb1a1830005', '2016-03-29 10:42:57', '2016-03-29 10:42:57', 'pcmc', 'sm_permission', 'login', '1', null, '0:0:0:0:0:0:0:1', null, null);
INSERT INTO `pcmc_log` VALUES ('4028814853c043f50153c043f5cb0001', '40288009530b9c8901530bb1a1830005', '2016-03-29 10:46:32', '2016-03-29 10:46:32', 'pcmc', 'sm_permission', 'login', '1', null, '0:0:0:0:0:0:0:1', null, null);
INSERT INTO `pcmc_log` VALUES ('4028814853c043f50153c05a43f80004', '1', '2016-03-29 11:10:54', '2016-03-29 11:10:54', 'pcmc', 'sm_permission', 'login', '1', null, '0:0:0:0:0:0:0:1', null, null);
INSERT INTO `pcmc_log` VALUES ('4028814853c0e1c40153c0e1c4ac0001', '40288009530b9c8901530bb1a1830005', '2016-03-29 13:38:54', '2016-03-29 13:38:54', 'pcmc', 'sm_permission', 'login', '1', null, '0:0:0:0:0:0:0:1', null, null);
INSERT INTO `pcmc_log` VALUES ('4028814853c0f0f10153c0f0f1dc0001', '40288009530b9c8901530bb1a1830005', '2016-03-29 13:55:29', '2016-03-29 13:55:29', 'pcmc', 'sm_permission', 'login', '0', null, '0:0:0:0:0:0:0:1', null, null);
INSERT INTO `pcmc_log` VALUES ('4028814853c0f0f10153c0f10e1c0003', '40288009530b9c8901530bb1a1830005', '2016-03-29 13:55:36', '2016-03-29 13:55:36', 'pcmc', 'sm_permission', 'login', '1', null, '0:0:0:0:0:0:0:1', null, null);
INSERT INTO `pcmc_log` VALUES ('4028814853c0ffe20153c0ffe2c30001', '40288009530b9c8901530bb1a1830005', '2016-03-29 14:11:48', '2016-03-29 14:11:48', 'pcmc', 'sm_permission', 'login', '1', null, '0:0:0:0:0:0:0:1', null, null);
INSERT INTO `pcmc_log` VALUES ('4028814853c1017f0153c1017f640001', '40288009530b9c8901530bb1a1830005', '2016-03-29 14:13:34', '2016-03-29 14:13:34', 'pcmc', 'sm_permission', 'login', '1', null, '0:0:0:0:0:0:0:1', null, null);
INSERT INTO `pcmc_log` VALUES ('4028814853c105e50153c105e5320001', '40288009530b9c8901530bb1a1830005', '2016-03-29 14:18:22', '2016-03-29 14:18:22', 'pcmc', 'sm_permission', 'login', '1', null, '0:0:0:0:0:0:0:1', null, null);
INSERT INTO `pcmc_log` VALUES ('4028814853c105e50153c118ba160003', '1', '2016-03-29 14:38:56', '2016-03-29 14:38:56', 'pcmc', 'sm_permission', 'login', '1', null, '0:0:0:0:0:0:0:1', null, null);
INSERT INTO `pcmc_log` VALUES ('4028814853c105e50153c11d337a0005', '40288009530b9c8901530bb1a1830005', '2016-03-29 14:43:49', '2016-03-29 14:43:49', 'pcmc', 'sm_permission', 'login', '1', null, '0:0:0:0:0:0:0:1', null, null);
INSERT INTO `pcmc_log` VALUES ('4028814853c105e50153c12109950007', '1', '2016-03-29 14:48:01', '2016-03-29 14:48:01', 'pcmc', 'sm_permission', 'login', '1', null, '0:0:0:0:0:0:0:1', null, null);
INSERT INTO `pcmc_log` VALUES ('4028814853c105e50153c1229ef0000a', '40288009530b9c8901530bb1a1830005', '2016-03-29 14:49:44', '2016-03-29 14:49:44', 'pcmc', 'sm_permission', 'login', '1', null, '0:0:0:0:0:0:0:1', null, null);
INSERT INTO `pcmc_log` VALUES ('4028814853c125a00153c125a0740001', '40288009530b9c8901530bb1a1830005', '2016-03-29 14:53:01', '2016-03-29 14:53:01', 'pcmc', 'sm_permission', 'login', '1', null, '0:0:0:0:0:0:0:1', null, null);
INSERT INTO `pcmc_log` VALUES ('4028814853c125a00153c12745a10004', '1', '2016-03-29 14:54:49', '2016-03-29 14:54:49', 'pcmc', 'sm_permission', 'login', '1', null, '0:0:0:0:0:0:0:1', null, null);
INSERT INTO `pcmc_log` VALUES ('4028814853c125a00153c12d2bee0006', '1', '2016-03-29 15:01:16', '2016-03-29 15:01:16', 'pcmc', 'sm_permission', 'login', '1', null, '0:0:0:0:0:0:0:1', null, null);
INSERT INTO `pcmc_log` VALUES ('4028814853c125a00153c12e7ecd0008', '40288009530b9c8901530bb1a1830005', '2016-03-29 15:02:43', '2016-03-29 15:02:43', 'pcmc', 'sm_permission', 'login', '1', null, '0:0:0:0:0:0:0:1', null, null);
INSERT INTO `pcmc_log` VALUES ('4028814853c125a00153c130380b000a', '1', '2016-03-29 15:04:36', '2016-03-29 15:04:36', 'pcmc', 'sm_permission', 'login', '1', null, '0:0:0:0:0:0:0:1', null, null);
INSERT INTO `pcmc_log` VALUES ('4028814853c125a00153c133060a000c', '40288009530b9c8901530bb1a1830005', '2016-03-29 15:07:39', '2016-03-29 15:07:39', 'pcmc', 'sm_permission', 'login', '1', null, '0:0:0:0:0:0:0:1', null, null);
INSERT INTO `pcmc_log` VALUES ('4028814853c125a00153c13eb9d6000f', '1', '2016-03-29 15:20:26', '2016-03-29 15:20:26', 'pcmc', 'sm_permission', 'login', '1', null, '0:0:0:0:0:0:0:1', null, null);
INSERT INTO `pcmc_log` VALUES ('4028814853c125a00153c1538c6b0011', '40288009530b9c8901530bb1a1830005', '2016-03-29 15:43:11', '2016-03-29 15:43:11', 'pcmc', 'sm_permission', 'login', '1', null, '0:0:0:0:0:0:0:1', null, null);
INSERT INTO `pcmc_log` VALUES ('4028814853c125a00153c1575fae0015', '1', '2016-03-29 15:47:22', '2016-03-29 15:47:22', 'pcmc', 'sm_permission', 'login', '1', null, '0:0:0:0:0:0:0:1', null, null);
INSERT INTO `pcmc_log` VALUES ('4028814853c125a00153c15ab6fa0017', '40288009530b9c8901530bb1a1830005', '2016-03-29 15:51:01', '2016-03-29 15:51:01', 'pcmc', 'sm_permission', 'login', '1', null, '0:0:0:0:0:0:0:1', null, null);
INSERT INTO `pcmc_log` VALUES ('4028814853c125a00153c160e05c0021', '1', '2016-03-29 15:57:44', '2016-03-29 15:57:44', 'pcmc', 'sm_permission', 'login', '1', null, '0:0:0:0:0:0:0:1', null, null);
INSERT INTO `pcmc_log` VALUES ('4028814853c125a00153c161fadf0023', '40288009530b9c8901530bb1a1830005', '2016-03-29 15:58:57', '2016-03-29 15:58:57', 'pcmc', 'sm_permission', 'login', '1', null, '0:0:0:0:0:0:0:1', null, null);
INSERT INTO `pcmc_log` VALUES ('4028814853c125a00153c16568280028', '1', '2016-03-29 16:02:41', '2016-03-29 16:02:41', 'pcmc', 'sm_permission', 'login', '1', null, '0:0:0:0:0:0:0:1', null, null);
INSERT INTO `pcmc_log` VALUES ('4028814853c125a00153c16ba55a002a', '40288009530b9c8901530bb1a1830005', '2016-03-29 16:09:30', '2016-03-29 16:09:30', 'pcmc', 'sm_permission', 'login', '1', null, '0:0:0:0:0:0:0:1', null, null);
INSERT INTO `pcmc_log` VALUES ('4028814853c125a00153c16cbaae002c', '1', '2016-03-29 16:10:41', '2016-03-29 16:10:41', 'pcmc', 'sm_permission', 'login', '1', null, '0:0:0:0:0:0:0:1', null, null);
INSERT INTO `pcmc_log` VALUES ('4028814853c125a00153c16e180d002e', '40288009530b9c8901530bb1a1830005', '2016-03-29 16:12:11', '2016-03-29 16:12:11', 'pcmc', 'sm_permission', 'login', '1', null, '0:0:0:0:0:0:0:1', null, null);
INSERT INTO `pcmc_log` VALUES ('4028814853c187870153c18787ad0001', '40288009530b9c8901530bb1a1830005', '2016-03-29 16:39:57', '2016-03-29 16:39:58', 'pcmc', 'sm_permission', 'login', '1', null, '0:0:0:0:0:0:0:1', null, null);
INSERT INTO `pcmc_log` VALUES ('4028814853c18b3b0153c18b3b850001', '40288009530b9c8901530bb1a1830005', '2016-03-29 16:44:00', '2016-03-29 16:44:00', 'pcmc', 'sm_permission', 'login', '1', null, '0:0:0:0:0:0:0:1', null, null);
INSERT INTO `pcmc_log` VALUES ('4028814853c18b3b0153c18bfa4e0003', '40288009530b9c8901530bb1a1830005', '2016-03-29 16:44:49', '2016-03-29 16:44:49', 'pcmc', 'sm_permission', 'login', '1', null, '0:0:0:0:0:0:0:1', null, null);
INSERT INTO `pcmc_log` VALUES ('4028814853c18b3b0153c1a01f35001d', '1', '2016-03-29 17:06:49', '2016-03-29 17:06:49', 'pcmc', 'sm_permission', 'login', '1', null, '0:0:0:0:0:0:0:1', null, null);
INSERT INTO `pcmc_log` VALUES ('4028814853c18b3b0153c1a6c231001f', '40288009530b9c8901530bb1a1830005', '2016-03-29 17:14:04', '2016-03-29 17:14:04', 'pcmc', 'sm_permission', 'login', '1', null, '0:0:0:0:0:0:0:1', null, null);
INSERT INTO `pcmc_log` VALUES ('4028814853c18b3b0153c1a7f6030021', '1', '2016-03-29 17:15:23', '2016-03-29 17:15:23', 'pcmc', 'sm_permission', 'login', '1', null, '0:0:0:0:0:0:0:1', null, null);
INSERT INTO `pcmc_log` VALUES ('4028814853c1b1fe0153c1b1ff1b0001', '40288009530b9c8901530bb1a1830005', '2016-03-29 17:26:20', '2016-03-29 17:26:21', 'pcmc', 'sm_permission', 'login', '1', null, '0:0:0:0:0:0:0:1', null, null);
INSERT INTO `pcmc_log` VALUES ('4028814853c1b1fe0153c1c674730026', '40288009530b9c8901530bb1a1830005', '2016-03-29 17:48:41', '2016-03-29 17:48:41', 'pcmc', 'sm_permission', 'login', '1', null, '0:0:0:0:0:0:0:1', null, null);
INSERT INTO `pcmc_log` VALUES ('4028814853c1b1fe0153c1c8357e0028', '1', '2016-03-29 17:50:36', '2016-03-29 17:50:36', 'pcmc', 'sm_permission', 'login', '1', null, '0:0:0:0:0:0:0:1', null, null);
INSERT INTO `pcmc_log` VALUES ('4028814853c1d71c0153c1d71c290001', '40288009530b9c8901530bb1a1830005', '2016-03-29 18:06:53', '2016-03-29 18:06:53', 'pcmc', 'sm_permission', 'login', '1', null, '0:0:0:0:0:0:0:1', null, null);
INSERT INTO `pcmc_log` VALUES ('4028814853c203790153c203799f0001', '40288009530b9c8901530bb1a1830005', '2016-03-29 18:55:20', '2016-03-29 18:55:20', 'pcmc', 'sm_permission', 'login', '1', null, '0:0:0:0:0:0:0:1', null, null);
INSERT INTO `pcmc_log` VALUES ('4028814853c203790153c2329c4d0004', '40288009530b9c8901530bb1a1830005', '2016-03-29 19:46:49', '2016-03-29 19:46:50', 'pcmc', 'sm_permission', 'login', '1', null, '192.168.1.100', null, null);
INSERT INTO `pcmc_log` VALUES ('4028814853c203790153c23bac710006', '1', '2016-03-29 19:56:43', '2016-03-29 19:56:44', 'pcmc', 'sm_permission', 'login', '1', null, '0:0:0:0:0:0:0:1', null, null);
INSERT INTO `pcmc_log` VALUES ('4028814853c203790153c268309d000b', '40288009530b9c8901530bb1a1830005', '2016-03-29 20:45:21', '2016-03-29 20:45:21', 'pcmc', 'sm_permission', 'login', '1', null, '0:0:0:0:0:0:0:1', null, null);
INSERT INTO `pcmc_log` VALUES ('4028814853c270030153c27003700001', '40288009530b9c8901530bb1a1830005', '2016-03-29 20:53:53', '2016-03-29 20:53:54', 'pcmc', 'sm_permission', 'login', '1', null, '0:0:0:0:0:0:0:1', null, null);
INSERT INTO `pcmc_log` VALUES ('4028814853c270030153c2808db00003', '1', '2016-03-29 21:11:58', '2016-03-29 21:11:58', 'pcmc', 'sm_permission', 'login', '1', null, '0:0:0:0:0:0:0:1', null, null);
INSERT INTO `pcmc_log` VALUES ('4028814853c270030153c2b6145d0008', '40288009530b9c8901530bb1a1830005', '2016-03-29 22:10:25', '2016-03-29 22:10:26', 'pcmc', 'sm_permission', 'login', '1', null, '0:0:0:0:0:0:0:1', null, null);
INSERT INTO `pcmc_log` VALUES ('4028814853c2b7300153c2b730280001', '40288009530b9c8901530bb1a1830005', '2016-03-29 22:11:38', '2016-03-29 22:11:38', 'pcmc', 'sm_permission', 'login', '1', null, '0:0:0:0:0:0:0:1', null, null);
INSERT INTO `pcmc_log` VALUES ('4028814853c515500153c515503d0001', '40288009530b9c8901530bb1a1830005', '2016-03-30 09:13:41', '2016-03-30 09:13:41', 'pcmc', 'sm_permission', 'login', '1', null, '0:0:0:0:0:0:0:1', null, null);
INSERT INTO `pcmc_log` VALUES ('4028814853c515500153c515b09f0004', '1', '2016-03-30 09:14:06', '2016-03-30 09:14:06', 'pcmc', 'sm_permission', 'login', '1', null, '0:0:0:0:0:0:0:1', null, null);
INSERT INTO `pcmc_log` VALUES ('4028814853c515500153c533ff3f0007', '40288009530b9c8901530bb1a1830005', '2016-03-30 09:47:12', '2016-03-30 09:47:12', 'pcmc', 'sm_permission', 'login', '1', null, '0:0:0:0:0:0:0:1', null, null);
INSERT INTO `pcmc_log` VALUES ('4028814853c515500153c556ebc10009', '1', '2016-03-30 10:25:21', '2016-03-30 10:25:21', 'pcmc', 'sm_permission', 'login', '1', null, '0:0:0:0:0:0:0:1', null, null);
INSERT INTO `pcmc_log` VALUES ('4028814853c562740153c56274450001', '40288009530b9c8901530bb1a1830005', '2016-03-30 10:37:57', '2016-03-30 10:37:57', 'pcmc', 'sm_permission', 'login', '1', null, '0:0:0:0:0:0:0:1', null, null);
INSERT INTO `pcmc_log` VALUES ('4028814853c562740153c562949e0003', '1', '2016-03-30 10:38:05', '2016-03-30 10:38:05', 'pcmc', 'sm_permission', 'login', '1', null, '0:0:0:0:0:0:0:1', null, null);
INSERT INTO `pcmc_log` VALUES ('4028814853c598570153c598576f0001', '40288009530b9c8901530bb1a1830005', '2016-03-30 11:36:48', '2016-03-30 11:36:48', 'pcmc', 'sm_permission', 'login', '1', null, '0:0:0:0:0:0:0:1', null, null);
INSERT INTO `pcmc_log` VALUES ('4028814853c59d5e0153c59d5e730001', '40288009530b9c8901530bb1a1830005', '2016-03-30 11:42:18', '2016-03-30 11:42:18', 'pcmc', 'sm_permission', 'login', '1', null, '0:0:0:0:0:0:0:1', null, null);
INSERT INTO `pcmc_log` VALUES ('4028814853c5a4f90153c5a4fa020001', '40288009530b9c8901530bb1a1830005', '2016-03-30 11:50:36', '2016-03-30 11:50:36', 'pcmc', 'sm_permission', 'login', '1', null, '0:0:0:0:0:0:0:1', null, null);
INSERT INTO `pcmc_log` VALUES ('4028814853c5c6fc0153c5c6fd060001', '40288009530b9c8901530bb1a1830005', '2016-03-30 12:27:45', '2016-03-30 12:27:45', 'pcmc', 'sm_permission', 'login', '1', null, '0:0:0:0:0:0:0:1', null, null);
INSERT INTO `pcmc_log` VALUES ('4028814853c5cb0b0153c5cb0b390001', '40288009530b9c8901530bb1a1830005', '2016-03-30 12:32:11', '2016-03-30 12:32:11', 'pcmc', 'sm_permission', 'login', '1', null, '0:0:0:0:0:0:0:1', null, null);
INSERT INTO `pcmc_log` VALUES ('4028814853c5d0620153c5d213870005', '40288009530b9c8901530bb1a1830005', '2016-03-30 12:39:52', '2016-03-30 12:39:52', 'pcmc', 'sm_permission', 'login', '1', null, '0:0:0:0:0:0:0:1', null, null);
INSERT INTO `pcmc_log` VALUES ('4028814853c5d66d0153c5d66dcb0001', '1', '2016-03-30 12:44:37', '2016-03-30 12:44:37', 'pcmc', 'sm_permission', 'login', '1', null, '0:0:0:0:0:0:0:1', null, null);
INSERT INTO `pcmc_log` VALUES ('4028814853c5d66d0153c5d684900003', '40288009530b9c8901530bb1a1830005', '2016-03-30 12:44:43', '2016-03-30 12:44:43', 'pcmc', 'sm_permission', 'login', '1', null, '0:0:0:0:0:0:0:1', null, null);
INSERT INTO `pcmc_log` VALUES ('4028814853c617bc0153c617bd150001', '1', '2016-03-30 13:55:57', '2016-03-30 13:55:57', 'pcmc', 'sm_permission', 'login', '1', null, '0:0:0:0:0:0:0:1', null, null);
INSERT INTO `pcmc_log` VALUES ('4028814853c6234a0153c6234a7a0001', '40288009530b9c8901530bb1a1830005', '2016-03-30 14:08:34', '2016-03-30 14:08:34', 'pcmc', 'sm_permission', 'login', '1', null, '0:0:0:0:0:0:0:1', null, null);
INSERT INTO `pcmc_log` VALUES ('4028814853c62fb20153c62fb2ef0001', '1', '2016-03-30 14:22:07', '2016-03-30 14:22:08', 'pcmc', 'sm_permission', 'login', '1', null, '0:0:0:0:0:0:0:1', null, null);
INSERT INTO `pcmc_log` VALUES ('4028814853c63d0f0153c63d0ff90001', '40288009530b9c8901530bb1a1830005', '2016-03-30 14:36:43', '2016-03-30 14:36:43', 'pcmc', 'sm_permission', 'login', '1', null, '0:0:0:0:0:0:0:1', null, null);
INSERT INTO `pcmc_log` VALUES ('4028814853c63d0f0153c63d3c070003', '1', '2016-03-30 14:36:55', '2016-03-30 14:36:55', 'pcmc', 'sm_permission', 'login', '1', null, '0:0:0:0:0:0:0:1', null, null);
INSERT INTO `pcmc_log` VALUES ('4028814853c63ea30153c63ea3f10001', '1', '2016-03-30 14:38:27', '2016-03-30 14:38:27', 'pcmc', 'sm_permission', 'login', '1', null, '0:0:0:0:0:0:0:1', null, null);
INSERT INTO `pcmc_log` VALUES ('4028814853c640db0153c640dbb10001', '40288148532bfee801532c00a0930012', '2016-03-30 14:40:52', '2016-03-30 14:40:52', 'pcmc', 'sm_permission', 'login', '1', null, '0:0:0:0:0:0:0:1', null, null);
INSERT INTO `pcmc_log` VALUES ('4028814853c655660153c65566b70001', '40288148532bfee801532c00a0930012', '2016-03-30 15:03:18', '2016-03-30 15:03:18', 'pcmc', 'sm_permission', 'login', '0', null, '0:0:0:0:0:0:0:1', null, null);
INSERT INTO `pcmc_log` VALUES ('4028814853c655660153c655821b0003', '40288148532bfee801532c00a0930012', '2016-03-30 15:03:25', '2016-03-30 15:03:25', 'pcmc', 'sm_permission', 'login', '1', null, '0:0:0:0:0:0:0:1', null, null);
INSERT INTO `pcmc_log` VALUES ('4028814853c658cd0153c658cdea0001', '40288148532bfee801532c00a0930012', '2016-03-30 15:07:01', '2016-03-30 15:07:01', 'pcmc', 'sm_permission', 'login', '1', null, '0:0:0:0:0:0:0:1', null, null);
INSERT INTO `pcmc_log` VALUES ('4028814853c65bf10153c65bf1580001', '40288148532bfee801532c00a0930012', '2016-03-30 15:10:27', '2016-03-30 15:10:27', 'pcmc', 'sm_permission', 'login', '1', null, '0:0:0:0:0:0:0:1', null, null);
INSERT INTO `pcmc_log` VALUES ('4028814853c65bf10153ca54e27e0049', '40288009530b9c8901530bb1a1830005', '2016-03-31 09:41:13', '2016-03-31 09:41:13', 'pcmc', 'sm_permission', 'login', '1', null, '0:0:0:0:0:0:0:1', null, null);
INSERT INTO `pcmc_log` VALUES ('4028814853c65bf10153ca551d7d004b', '40288148532bfee801532c00a0930012', '2016-03-31 09:41:29', '2016-03-31 09:41:29', 'pcmc', 'sm_permission', 'login', '1', null, '0:0:0:0:0:0:0:1', null, null);
INSERT INTO `pcmc_log` VALUES ('4028814853c65bf10153ca80343b004d', '1', '2016-03-31 10:28:32', '2016-03-31 10:28:32', 'pcmc', 'sm_permission', 'login', '1', null, '0:0:0:0:0:0:0:1', null, null);
INSERT INTO `pcmc_log` VALUES ('4028814853c65bf10153ca8222fa004f', '40288148532bfee801532c00a0930012', '2016-03-31 10:30:39', '2016-03-31 10:30:39', 'pcmc', 'sm_permission', 'login', '1', null, '0:0:0:0:0:0:0:1', null, null);
INSERT INTO `pcmc_log` VALUES ('4028814853c65bf10153ca84293d005d', '40288009530b9c8901530bb1a1830005', '2016-03-31 10:32:52', '2016-03-31 10:32:52', 'pcmc', 'sm_permission', 'login', '1', null, '0:0:0:0:0:0:0:1', null, null);
INSERT INTO `pcmc_log` VALUES ('4028814853c65bf10153ca8836ef005f', '40288148532bfee801532c00a0930012', '2016-03-31 10:37:17', '2016-03-31 10:37:17', 'pcmc', 'sm_permission', 'login', '0', null, '0:0:0:0:0:0:0:1', null, null);
INSERT INTO `pcmc_log` VALUES ('4028814853c65bf10153ca884e4a0061', '40288148532bfee801532c00a0930012', '2016-03-31 10:37:23', '2016-03-31 10:37:23', 'pcmc', 'sm_permission', 'login', '1', null, '0:0:0:0:0:0:0:1', null, null);
INSERT INTO `pcmc_log` VALUES ('4028814853ca96780153ca9678440001', '40288148532bfee801532c00a0930012', '2016-03-31 10:52:51', '2016-03-31 10:52:52', 'pcmc', 'sm_permission', 'login', '0', null, '0:0:0:0:0:0:0:1', null, null);
INSERT INTO `pcmc_log` VALUES ('4028814853ca96780153ca96915a0003', '40288148532bfee801532c00a0930012', '2016-03-31 10:52:58', '2016-03-31 10:52:58', 'pcmc', 'sm_permission', 'login', '1', null, '0:0:0:0:0:0:0:1', null, null);
INSERT INTO `pcmc_log` VALUES ('4028814853caa0f50153caa0f5990001', '40288148532bfee801532c00a0930012', '2016-03-31 11:04:19', '2016-03-31 11:04:19', 'pcmc', 'sm_permission', 'login', '1', null, '0:0:0:0:0:0:0:1', null, null);
INSERT INTO `pcmc_log` VALUES ('4028814853caa0f50153cab6fa690003', '40288009530b9c8901530bb1a1830005', '2016-03-31 11:28:22', '2016-03-31 11:28:22', 'pcmc', 'sm_permission', 'login', '1', null, '0:0:0:0:0:0:0:1', null, null);
INSERT INTO `pcmc_log` VALUES ('4028814853caa0f50153cb328f7b0007', '40288009530b9c8901530bb1a1830005', '2016-03-31 13:43:21', '2016-03-31 13:43:21', 'pcmc', 'sm_permission', 'login', '1', null, '0:0:0:0:0:0:0:1', null, null);
INSERT INTO `pcmc_log` VALUES ('4028814853cb36040153cb36047b0001', '40288009530b9c8901530bb1a1830005', '2016-03-31 13:47:08', '2016-03-31 13:47:08', 'pcmc', 'sm_permission', 'login', '1', null, '0:0:0:0:0:0:0:1', null, null);
INSERT INTO `pcmc_log` VALUES ('4028814853cb36040153cb5a09970003', '40288009530b9c8901530bb1a1830005', '2016-03-31 14:26:28', '2016-03-31 14:26:28', 'pcmc', 'sm_permission', 'login', '1', null, '0:0:0:0:0:0:0:1', null, null);
INSERT INTO `pcmc_log` VALUES ('4028814853cb36040153cb9159ad0005', '40288009530b9c8901530bb1a1830005', '2016-03-31 15:26:53', '2016-03-31 15:26:53', 'pcmc', 'sm_permission', 'login', '1', null, '0:0:0:0:0:0:0:1', null, null);
INSERT INTO `pcmc_log` VALUES ('4028814853cb98680153cb98687b0001', '40288009530b9c8901530bb1a1830005', '2016-03-31 15:34:36', '2016-03-31 15:34:36', 'pcmc', 'sm_permission', 'login', '1', null, '0:0:0:0:0:0:0:1', null, null);
INSERT INTO `pcmc_log` VALUES ('4028814853cba5430153cba543610001', '40288009530b9c8901530bb1a1830005', '2016-03-31 15:48:38', '2016-03-31 15:48:38', 'pcmc', 'sm_permission', 'login', '1', null, '0:0:0:0:0:0:0:1', null, null);
INSERT INTO `pcmc_log` VALUES ('4028814853cbac1c0153cbac1c840001', '40288009530b9c8901530bb1a1830005', '2016-03-31 15:56:07', '2016-03-31 15:56:07', 'pcmc', 'sm_permission', 'login', '1', null, '0:0:0:0:0:0:0:1', null, null);
INSERT INTO `pcmc_log` VALUES ('4028814853cc5b060153cc5b06150001', '40288009530b9c8901530bb1a1830005', '2016-03-31 19:07:10', '2016-03-31 19:07:10', 'pcmc', 'sm_permission', 'login', '1', null, '0:0:0:0:0:0:0:1', null, null);
INSERT INTO `pcmc_log` VALUES ('4028814853cc5b060153cc5b26100003', '1', '2016-03-31 19:07:18', '2016-03-31 19:07:18', 'pcmc', 'sm_permission', 'login', '1', null, '0:0:0:0:0:0:0:1', null, null);
INSERT INTO `pcmc_log` VALUES ('4028814853cc5b060153cc76246e0005', '40288009530b9c8901530bb1a1830005', '2016-03-31 19:36:47', '2016-03-31 19:36:47', 'pcmc', 'sm_permission', 'login', '1', null, '192.168.1.100', null, null);
INSERT INTO `pcmc_log` VALUES ('4028814853cc76db0153cc76dbd00001', '40288009530b9c8901530bb1a1830005', '2016-03-31 19:37:34', '2016-03-31 19:37:34', 'pcmc', 'sm_permission', 'login', '1', null, '192.168.1.100', null, null);
INSERT INTO `pcmc_log` VALUES ('4028814853cc76db0153cc7794770003', '40288009530b9c8901530bb1a1830005', '2016-03-31 19:38:22', '2016-03-31 19:38:22', 'pcmc', 'sm_permission', 'login', '1', null, '192.168.1.100', null, null);
INSERT INTO `pcmc_log` VALUES ('4028814853cc76db0153cc77eb0e0005', '1', '2016-03-31 19:38:44', '2016-03-31 19:38:44', 'pcmc', 'sm_permission', 'login', '1', null, '192.168.1.100', null, null);
INSERT INTO `pcmc_log` VALUES ('4028814853cc76db0153cc78569e0007', '1', '2016-03-31 19:39:11', '2016-03-31 19:39:11', 'pcmc', 'sm_permission', 'login', '1', null, '0:0:0:0:0:0:0:1', null, null);
INSERT INTO `pcmc_log` VALUES ('4028814853cc78be0153cc78bef30001', '40288009530b9c8901530bb1a1830005', '2016-03-31 19:39:38', '2016-03-31 19:39:38', 'pcmc', 'sm_permission', 'login', '1', null, '0:0:0:0:0:0:0:1', null, null);
INSERT INTO `pcmc_log` VALUES ('4028814853cc78be0153cc78db5a0003', '40288009530b9c8901530bb1a1830005', '2016-03-31 19:39:45', '2016-03-31 19:39:45', 'pcmc', 'sm_permission', 'login', '1', null, '192.168.1.100', null, null);
INSERT INTO `pcmc_log` VALUES ('4028814853cc78be0153cc7940770006', '40288009530b9c8901530bb1a1830005', '2016-03-31 19:40:11', '2016-03-31 19:40:11', 'pcmc', 'sm_permission', 'login', '1', null, '192.168.1.100', null, null);
INSERT INTO `pcmc_log` VALUES ('4028814853cc78be0153cc7940960007', '40288009530b9c8901530bb1a1830005', '2016-03-31 19:40:11', '2016-03-31 19:40:11', 'pcmc', 'sm_permission', 'login', '1', null, '192.168.1.100', null, null);
INSERT INTO `pcmc_log` VALUES ('4028814853cc78be0153cc7d91a40009', '40288148532bfee801532c00a0930012', '2016-03-31 19:44:54', '2016-03-31 19:44:54', 'pcmc', 'sm_permission', 'login', '0', null, '192.168.1.100', null, null);
INSERT INTO `pcmc_log` VALUES ('4028814853cc78be0153cc7daa7c000b', '40288148532bfee801532c00a0930012', '2016-03-31 19:45:00', '2016-03-31 19:45:01', 'pcmc', 'sm_permission', 'login', '1', null, '192.168.1.100', null, null);
INSERT INTO `pcmc_log` VALUES ('4028814853cc83aa0153cc83aaa70001', '40288148532bfee801532c00a0930012', '2016-03-31 19:51:34', '2016-03-31 19:51:34', 'pcmc', 'sm_permission', 'login', '1', null, '0:0:0:0:0:0:0:1', null, null);
INSERT INTO `pcmc_log` VALUES ('4028814853cf77780153cf7778370001', '1', '2016-04-01 09:37:06', '2016-04-01 09:37:06', 'pcmc', 'sm_permission', 'login', '1', null, '0:0:0:0:0:0:0:1', null, null);
INSERT INTO `pcmc_log` VALUES ('4028814853cf77780153cf782ba70003', '40288009530b9c8901530bb1a1830005', '2016-04-01 09:37:52', '2016-04-01 09:37:52', 'pcmc', 'sm_permission', 'login', '1', null, '0:0:0:0:0:0:0:1', null, null);
INSERT INTO `pcmc_log` VALUES ('4028814853cf77780153cf78c0080005', '1', '2016-04-01 09:38:30', '2016-04-01 09:38:30', 'pcmc', 'sm_permission', 'login', '1', null, '0:0:0:0:0:0:0:1', null, null);
INSERT INTO `pcmc_log` VALUES ('4028814853cf77780153cf790a770007', '40288009530b9c8901530bb1a1830005', '2016-04-01 09:38:49', '2016-04-01 09:38:49', 'pcmc', 'sm_permission', 'login', '1', null, '0:0:0:0:0:0:0:1', null, null);
INSERT INTO `pcmc_log` VALUES ('4028814853cf82370153cf8237e50001', '40288009530b9c8901530bb1a1830005', '2016-04-01 09:48:50', '2016-04-01 09:48:51', 'pcmc', 'sm_permission', 'login', '1', null, '0:0:0:0:0:0:0:1', null, null);
INSERT INTO `pcmc_log` VALUES ('4028814853cf8a6c0153cf8a6c620001', '40288009530b9c8901530bb1a1830005', '2016-04-01 09:57:48', '2016-04-01 09:57:48', 'pcmc', 'sm_permission', 'login', '1', null, '0:0:0:0:0:0:0:1', null, null);
INSERT INTO `pcmc_log` VALUES ('4028814853cf94790153cf9479a50001', '40288009530b9c8901530bb1a1830005', '2016-04-01 10:08:47', '2016-04-01 10:08:47', 'pcmc', 'sm_permission', 'login', '1', null, '0:0:0:0:0:0:0:1', null, null);
INSERT INTO `pcmc_log` VALUES ('4028814853cfa5b30153cfa5b3fb0001', '1', '2016-04-01 10:27:36', '2016-04-01 10:27:36', 'pcmc', 'sm_permission', 'login', '1', null, '0:0:0:0:0:0:0:1', null, null);
INSERT INTO `pcmc_log` VALUES ('4028814853cfb2a50153cfb2a5bd0001', '40288009530b9c8901530bb1a1830005', '2016-04-01 10:41:44', '2016-04-01 10:41:44', 'pcmc', 'sm_permission', 'login', '1', null, '0:0:0:0:0:0:0:1', null, null);
INSERT INTO `pcmc_log` VALUES ('4028814853cfb5240153cfb524c10001', '40288009530b9c8901530bb1a1830005', '2016-04-01 10:44:28', '2016-04-01 10:44:28', 'pcmc', 'sm_permission', 'login', '1', null, '0:0:0:0:0:0:0:1', null, null);
INSERT INTO `pcmc_log` VALUES ('4028814853cfb88e0153cfb88ed60001', '40288009530b9c8901530bb1a1830005', '2016-04-01 10:48:12', '2016-04-01 10:48:12', 'pcmc', 'sm_permission', 'login', '1', null, '0:0:0:0:0:0:0:1', null, null);
INSERT INTO `pcmc_log` VALUES ('4028814853cfbaf10153cfbaf1fc0001', '40288148532bfee801532c00a0930012', '2016-04-01 10:50:48', '2016-04-01 10:50:48', 'pcmc', 'sm_permission', 'login', '0', null, '0:0:0:0:0:0:0:1', null, null);
INSERT INTO `pcmc_log` VALUES ('4028814853cfbaf10153cfbb0d520003', '40288148532bfee801532c00a0930012', '2016-04-01 10:50:55', '2016-04-01 10:50:55', 'pcmc', 'sm_permission', 'login', '1', null, '0:0:0:0:0:0:0:1', null, null);
INSERT INTO `pcmc_log` VALUES ('4028814853cfc6dd0153cfc6dd3d0001', '40288148532bfee801532c00a0930012', '2016-04-01 11:03:49', '2016-04-01 11:03:49', 'pcmc', 'sm_permission', 'login', '1', null, '0:0:0:0:0:0:0:1', null, null);
INSERT INTO `pcmc_log` VALUES ('4028814853cfd8090153cfd8095f0001', '40288148532bfee801532c00a0930012', '2016-04-01 11:22:35', '2016-04-01 11:22:35', 'pcmc', 'sm_permission', 'login', '1', null, '0:0:0:0:0:0:0:1', null, null);
INSERT INTO `pcmc_log` VALUES ('4028814853cfd8090153cfd844dc0003', '1', '2016-04-01 11:22:50', '2016-04-01 11:22:50', 'pcmc', 'sm_permission', 'login', '1', null, '0:0:0:0:0:0:0:1', null, null);
INSERT INTO `pcmc_log` VALUES ('4028814853cfd8090153cfd9731c0005', '40288148532bfee801532c00a0930012', '2016-04-01 11:24:07', '2016-04-01 11:24:07', 'pcmc', 'sm_permission', 'login', '1', null, '0:0:0:0:0:0:0:1', null, null);
INSERT INTO `pcmc_log` VALUES ('4028814853cfdee70153cfdee7ac0001', '40288148532bfee801532c00a0930012', '2016-04-01 11:30:05', '2016-04-01 11:30:05', 'pcmc', 'sm_permission', 'login', '1', null, '0:0:0:0:0:0:0:1', null, null);
INSERT INTO `pcmc_log` VALUES ('4028814853d020b40153d020b4c80001', '40288148532bfee801532c00a0930012', '2016-04-01 12:41:57', '2016-04-01 12:41:57', 'pcmc', 'sm_permission', 'login', '1', null, '0:0:0:0:0:0:0:1', null, null);
INSERT INTO `pcmc_log` VALUES ('4028814853d051760153d05176ae0001', '40288148532bfee801532c00a0930012', '2016-04-01 13:35:12', '2016-04-01 13:35:13', 'pcmc', 'sm_permission', 'login', '1', null, '0:0:0:0:0:0:0:1', null, null);
INSERT INTO `pcmc_log` VALUES ('4028814853d05b440153d05c76200003', '40288148532bfee801532c00a0930012', '2016-04-01 13:47:13', '2016-04-01 13:47:13', 'pcmc', 'sm_permission', 'login', '1', null, '0:0:0:0:0:0:0:1', null, null);
INSERT INTO `pcmc_log` VALUES ('4028814853d07b560153d07b565f0001', '40288148532bfee801532c00a0930012', '2016-04-01 14:20:57', '2016-04-01 14:20:57', 'pcmc', 'sm_permission', 'login', '1', null, '0:0:0:0:0:0:0:1', null, null);
INSERT INTO `pcmc_log` VALUES ('4028814853d084af0153d084b0150001', '40288148532bfee801532c00a0930012', '2016-04-01 14:31:09', '2016-04-01 14:31:10', 'pcmc', 'sm_permission', 'login', '1', null, '0:0:0:0:0:0:0:1', null, null);
INSERT INTO `pcmc_log` VALUES ('4028814853d084af0153d0b164840032', '40288148532bfee801532c00a0930012', '2016-04-01 15:19:59', '2016-04-01 15:19:59', 'pcmc', 'sm_permission', 'login', '1', null, '192.168.1.100', null, null);
INSERT INTO `pcmc_log` VALUES ('4028814853d0b2df0153d0b2df4e0001', '40288148532bfee801532c00a0930012', '2016-04-01 15:21:36', '2016-04-01 15:21:36', 'pcmc', 'sm_permission', 'login', '1', null, '192.168.1.100', null, null);
INSERT INTO `pcmc_log` VALUES ('4028814853d0b2df0153d0b78ded0009', '40288148532bfee801532c00a0930012', '2016-04-01 15:26:43', '2016-04-01 15:26:43', 'pcmc', 'sm_permission', 'login', '1', null, '0:0:0:0:0:0:0:1', null, null);
INSERT INTO `pcmc_log` VALUES ('4028814853d0b2df0153d0b9068e000c', '40288009530b9c8901530bb1a1830005', '2016-04-01 15:28:20', '2016-04-01 15:28:20', 'pcmc', 'sm_permission', 'login', '1', null, '0:0:0:0:0:0:0:1', null, null);
INSERT INTO `pcmc_log` VALUES ('4028814853d0b2df0153d0b94f65000e', '40288148532bfee801532c00a0930012', '2016-04-01 15:28:38', '2016-04-01 15:28:38', 'pcmc', 'sm_permission', 'login', '1', null, '0:0:0:0:0:0:0:1', null, null);
INSERT INTO `pcmc_log` VALUES ('4028814853d0d5670153d0d567760001', '40288148532bfee801532c00a0930012', '2016-04-01 15:59:19', '2016-04-01 15:59:19', 'pcmc', 'sm_permission', 'login', '1', null, '0:0:0:0:0:0:0:1', null, null);
INSERT INTO `pcmc_log` VALUES ('4028814853d0f39f0153d0f49dec0007', '40288148532bfee801532c00a0930012', '2016-04-01 16:33:25', '2016-04-01 16:33:25', 'pcmc', 'sm_permission', 'login', '1', null, '0:0:0:0:0:0:0:1', null, null);
INSERT INTO `pcmc_log` VALUES ('4028814853d10dc70153d10dc7da0001', '40288148532bfee801532c00a0930012', '2016-04-01 17:00:54', '2016-04-01 17:00:54', 'pcmc', 'sm_permission', 'login', '1', null, '0:0:0:0:0:0:0:1', null, null);
INSERT INTO `pcmc_log` VALUES ('4028814853d10dc70153d11d86480005', '1', '2016-04-01 17:18:06', '2016-04-01 17:18:06', 'pcmc', 'sm_permission', 'login', '1', null, '0:0:0:0:0:0:0:1', null, null);
INSERT INTO `pcmc_log` VALUES ('4028814853d127dc0153d127dc7a0001', '40288148532bfee801532c00a0930012', '2016-04-01 17:29:23', '2016-04-01 17:29:23', 'pcmc', 'sm_permission', 'login', '1', null, '0:0:0:0:0:0:0:1', null, null);
INSERT INTO `pcmc_log` VALUES ('4028814853d12f750153d12f75a20001', '40288148532bfee801532c00a0930012', '2016-04-01 17:37:41', '2016-04-01 17:37:41', 'pcmc', 'sm_permission', 'login', '1', null, '0:0:0:0:0:0:0:1', null, null);
INSERT INTO `pcmc_log` VALUES ('4028814853d145100153d14510ee0001', '40288148532bfee801532c00a0930012', '2016-04-01 18:01:17', '2016-04-01 18:01:17', 'pcmc', 'sm_permission', 'login', '1', null, '0:0:0:0:0:0:0:1', null, null);
INSERT INTO `pcmc_log` VALUES ('4028814853d1473d0153d1473dc20001', '40288148532bfee801532c00a0930012', '2016-04-01 18:03:40', '2016-04-01 18:03:40', 'pcmc', 'sm_permission', 'login', '1', null, '0:0:0:0:0:0:0:1', null, null);
INSERT INTO `pcmc_log` VALUES ('4028814853e9564e0153e9564e3d0001', '40288148532bfee801532c00a0930012', '2016-04-06 10:11:00', '2016-04-06 10:11:00', 'pcmc', 'sm_permission', 'login', '1', null, '0:0:0:0:0:0:0:1', null, null);
INSERT INTO `pcmc_log` VALUES ('4028814853e965a50153e965a56f0001', '40288148532bfee801532c00a0930012', '2016-04-06 10:27:45', '2016-04-06 10:27:46', 'pcmc', 'sm_permission', 'login', '1', null, '0:0:0:0:0:0:0:1', null, null);
INSERT INTO `pcmc_log` VALUES ('4028814853e9726c0153e9726cb90001', '40288148532bfee801532c00a0930012', '2016-04-06 10:41:43', '2016-04-06 10:41:43', 'pcmc', 'sm_permission', 'login', '1', null, '0:0:0:0:0:0:0:1', null, null);
INSERT INTO `pcmc_log` VALUES ('4028814853e9726c0153e99a2e0b0005', '40288148532bfee801532c00a0930012', '2016-04-06 11:25:08', '2016-04-06 11:25:09', 'pcmc', 'sm_permission', 'login', '1', null, '0:0:0:0:0:0:0:1', null, null);
INSERT INTO `pcmc_log` VALUES ('4028814853e9e68b0153e9e68c0b0001', '40288148532bfee801532c00a0930012', '2016-04-06 12:48:33', '2016-04-06 12:48:33', 'pcmc', 'sm_permission', 'login', '1', null, '0:0:0:0:0:0:0:1', null, null);
INSERT INTO `pcmc_log` VALUES ('4028814853ea4daa0153ea7948da0016', '40288148532bfee801532c00a0930012', '2016-04-06 15:28:49', '2016-04-06 15:28:50', 'pcmc', 'sm_permission', 'login', '1', null, '0:0:0:0:0:0:0:1', null, null);
INSERT INTO `pcmc_log` VALUES ('4028814853ea7e6e0153ea7e6e440001', '40288148532bfee801532c00a0930012', '2016-04-06 15:34:27', '2016-04-06 15:34:27', 'pcmc', 'sm_permission', 'login', '1', null, '0:0:0:0:0:0:0:1', null, null);
INSERT INTO `pcmc_log` VALUES ('4028814853ea7e6e0153ea888f080005', '40288148532bfee801532c00a0930012', '2016-04-06 15:45:31', '2016-04-06 15:45:31', 'pcmc', 'sm_permission', 'login', '1', null, '0:0:0:0:0:0:0:1', null, null);
INSERT INTO `pcmc_log` VALUES ('4028814853ea9c480153ea9c48860001', '40288148532bfee801532c00a0930012', '2016-04-06 16:07:03', '2016-04-06 16:07:04', 'pcmc', 'sm_permission', 'login', '1', null, '0:0:0:0:0:0:0:1', null, null);
INSERT INTO `pcmc_log` VALUES ('4028814853eaa1d50153eaa1d5220001', '40288148532bfee801532c00a0930012', '2016-04-06 16:13:07', '2016-04-06 16:13:07', 'pcmc', 'sm_permission', 'login', '1', null, '0:0:0:0:0:0:0:1', null, null);
INSERT INTO `pcmc_log` VALUES ('4028814853eaa1d50153eaa8f8240003', '40288009530b9c8901530bb1a1830005', '2016-04-06 16:20:55', '2016-04-06 16:20:55', 'pcmc', 'sm_permission', 'login', '1', null, '0:0:0:0:0:0:0:1', null, null);
INSERT INTO `pcmc_log` VALUES ('4028814853eaa1d50153eabcd2e60005', '40288148532bfee801532c00a0930012', '2016-04-06 16:42:36', '2016-04-06 16:42:36', 'pcmc', 'sm_permission', 'login', '1', null, '0:0:0:0:0:0:0:1', null, null);
INSERT INTO `pcmc_log` VALUES ('4028814853eb19b50153eb19b5950001', '40288148532bfee801532c00a0930012', '2016-04-06 18:24:03', '2016-04-06 18:24:03', 'pcmc', 'sm_permission', 'login', '1', null, '0:0:0:0:0:0:0:1', null, null);
INSERT INTO `pcmc_log` VALUES ('4028814853eb19b50153eb2108fd0005', '40288009530b9c8901530bb1a1830005', '2016-04-06 18:32:03', '2016-04-06 18:32:04', 'pcmc', 'sm_permission', 'login', '1', null, '0:0:0:0:0:0:0:1', null, null);
INSERT INTO `pcmc_log` VALUES ('4028814853ee52200153ee5220350001', '40288009530b9c8901530bb1a1830005', '2016-04-07 09:24:32', '2016-04-07 09:24:32', 'pcmc', 'sm_permission', 'login', '1', null, '0:0:0:0:0:0:0:1', null, null);
INSERT INTO `pcmc_log` VALUES ('4028814853ee7f4d0153ee7f4e190001', '1', '2016-04-07 10:13:53', '2016-04-07 10:13:53', 'pcmc', 'sm_permission', 'login', '1', null, '0:0:0:0:0:0:0:1', null, null);
INSERT INTO `pcmc_log` VALUES ('4028814853eeaf550153eeaf55730001', '40288148532bfee801532c00a0930012', '2016-04-07 11:06:21', '2016-04-07 11:06:21', 'pcmc', 'sm_permission', 'login', '1', null, '0:0:0:0:0:0:0:1', null, null);
INSERT INTO `pcmc_log` VALUES ('4028814853eeb5b60153eeb5b6cd0001', '40288148532bfee801532c00a0930012', '2016-04-07 11:13:19', '2016-04-07 11:13:19', 'pcmc', 'sm_permission', 'login', '1', null, '0:0:0:0:0:0:0:1', null, null);
INSERT INTO `pcmc_log` VALUES ('4028814853eec9aa0153eec9aac20001', '40288148532bfee801532c00a0930012', '2016-04-07 11:35:06', '2016-04-07 11:35:07', 'pcmc', 'sm_permission', 'login', '1', null, '0:0:0:0:0:0:0:1', null, null);
INSERT INTO `pcmc_log` VALUES ('4028814853eed9540153eed954f00001', '40288148532bfee801532c00a0930012', '2016-04-07 11:52:13', '2016-04-07 11:52:13', 'pcmc', 'sm_permission', 'login', '1', null, '0:0:0:0:0:0:0:1', null, null);
INSERT INTO `pcmc_log` VALUES ('4028814853eed9540153ef0604530014', '40288009530b9c8901530bb1a1830005', '2016-04-07 12:41:02', '2016-04-07 12:41:02', 'pcmc', 'sm_permission', 'login', '1', null, '0:0:0:0:0:0:0:1', null, null);
INSERT INTO `pcmc_log` VALUES ('4028814853eed9540153ef0656eb0016', '40288148532bfee801532c00a0930012', '2016-04-07 12:41:23', '2016-04-07 12:41:23', 'pcmc', 'sm_permission', 'login', '1', null, '0:0:0:0:0:0:0:1', null, null);
INSERT INTO `pcmc_log` VALUES ('4028814853eed9540153ef493f75001c', '40288148532bfee801532c00a0930012', '2016-04-07 13:54:28', '2016-04-07 13:54:28', 'pcmc', 'sm_permission', 'login', '1', null, '0:0:0:0:0:0:0:1', null, null);
INSERT INTO `pcmc_log` VALUES ('4028814853f39e1d0153f3a172e90003', '40288148532bfee801532c00a0930012', '2016-04-08 10:09:17', '2016-04-08 10:09:17', 'pcmc', 'sm_permission', 'login', '1', null, '0:0:0:0:0:0:0:1', null, null);
INSERT INTO `pcmc_log` VALUES ('4028814853f3b2430153f3b2440e0001', '40288009530b9c8901530bb1a1830005', '2016-04-08 10:27:39', '2016-04-08 10:27:39', 'pcmc', 'sm_permission', 'login', '1', null, '0:0:0:0:0:0:0:1', null, null);
INSERT INTO `pcmc_log` VALUES ('4028814853f3b2430153f3b2b1890003', '40288148532bfee801532c00a0930012', '2016-04-08 10:28:07', '2016-04-08 10:28:07', 'pcmc', 'sm_permission', 'login', '1', null, '0:0:0:0:0:0:0:1', null, null);
INSERT INTO `pcmc_log` VALUES ('4028814853f429b50153f429b53c0001', '40288009530b9c8901530bb1a1830005', '2016-04-08 12:38:07', '2016-04-08 12:38:07', 'pcmc', 'sm_permission', 'login', '1', null, '0:0:0:0:0:0:0:1', null, null);
INSERT INTO `pcmc_log` VALUES ('4028814853f429b50153f492b41a0003', '40288009530b9c8901530bb1a1830005', '2016-04-08 14:32:48', '2016-04-08 14:32:48', 'pcmc', 'sm_permission', 'login', '1', null, '192.168.1.100', null, null);
INSERT INTO `pcmc_log` VALUES ('4028814853f429b50153f493425b0005', '1', '2016-04-08 14:33:24', '2016-04-08 14:33:24', 'pcmc', 'sm_permission', 'login', '1', null, '192.168.1.100', null, null);
INSERT INTO `pcmc_log` VALUES ('4028814853f429b50153f49401e50007', '40288009530b9c8901530bb1a1830005', '2016-04-08 14:34:13', '2016-04-08 14:34:13', 'pcmc', 'sm_permission', 'login', '1', null, '192.168.1.100', null, null);
INSERT INTO `pcmc_log` VALUES ('4028814853f429b50153f495928b0009', '1', '2016-04-08 14:35:56', '2016-04-08 14:35:56', 'pcmc', 'sm_permission', 'login', '1', null, '192.168.1.100', null, null);
INSERT INTO `pcmc_log` VALUES ('4028814853f50e7c0153f50e7c980001', '40288009530b9c8901530bb1a1830005', '2016-04-08 16:48:00', '2016-04-08 16:48:00', 'pcmc', 'sm_permission', 'login', '1', null, '0:0:0:0:0:0:0:1', null, null);
INSERT INTO `pcmc_log` VALUES ('40288148540351be01540351be590001', '40288009530b9c8901530bb1a1830005', '2016-04-11 11:16:09', '2016-04-11 11:16:09', 'pcmc', 'sm_permission', 'login', '1', null, '0:0:0:0:0:0:0:1', null, null);
INSERT INTO `pcmc_log` VALUES ('40288148540438950154043895350001', '40288009530b9c8901530bb1a1830005', '2016-04-11 15:28:17', '2016-04-11 15:28:17', 'pcmc', 'sm_permission', 'login', '1', null, '0:0:0:0:0:0:0:1', null, null);
INSERT INTO `pcmc_log` VALUES ('40288148540438950154047384bf0003', '40288009530b9c8901530bb1a1830005', '2016-04-11 16:32:39', '2016-04-11 16:32:40', 'pcmc', 'sm_permission', 'login', '1', null, '0:0:0:0:0:0:0:1', null, null);
INSERT INTO `pcmc_log` VALUES ('402881485409184b015409184b470001', '40288009530b9c8901530bb1a1830005', '2016-04-12 14:11:07', '2016-04-12 14:11:07', 'pcmc', 'sm_permission', 'login', '1', null, '0:0:0:0:0:0:0:1', null, null);
INSERT INTO `pcmc_log` VALUES ('40288148540934bb01540934bb6d0001', '40288009530b9c8901530bb1a1830005', '2016-04-12 14:42:11', '2016-04-12 14:42:11', 'pcmc', 'sm_permission', 'login', '1', null, '0:0:0:0:0:0:0:1', null, null);
INSERT INTO `pcmc_log` VALUES ('40288148540934bb01540958396a0003', '40288009530b9c8901530bb1a1830005', '2016-04-12 15:20:57', '2016-04-12 15:20:57', 'pcmc', 'sm_permission', 'login', '1', null, '0:0:0:0:0:0:0:1', null, null);
INSERT INTO `pcmc_log` VALUES ('40288148540934bb0154095f824b0005', '1', '2016-04-12 15:28:54', '2016-04-12 15:28:54', 'pcmc', 'sm_permission', 'login', '1', null, '0:0:0:0:0:0:0:1', null, null);
INSERT INTO `pcmc_log` VALUES ('40288148540934bb015409dd8c0b0007', '40288009530b9c8901530bb1a1830005', '2016-04-12 17:46:34', '2016-04-12 17:46:34', 'pcmc', 'sm_permission', 'login', '1', null, '0:0:0:0:0:0:0:1', null, null);
INSERT INTO `pcmc_log` VALUES ('402881485409e226015409e2262c0001', '40288009530b9c8901530bb1a1830005', '2016-04-12 17:51:36', '2016-04-12 17:51:36', 'pcmc', 'sm_permission', 'login', '1', null, '127.0.0.1', null, null);
INSERT INTO `pcmc_log` VALUES ('402881485409e7c4015409e7c4bc0001', '40288009530b9c8901530bb1a1830005', '2016-04-12 17:57:44', '2016-04-12 17:57:44', 'pcmc', 'sm_permission', 'login', '1', null, '0:0:0:0:0:0:0:1', null, null);
INSERT INTO `pcmc_log` VALUES ('402881485409f056015409f0569b0001', '40288009530b9c8901530bb1a1830005', '2016-04-12 18:07:06', '2016-04-12 18:07:06', 'pcmc', 'sm_permission', 'login', '1', null, '0:0:0:0:0:0:0:1', null, null);
INSERT INTO `pcmc_log` VALUES ('402881485409f2cc015409f2ccd80001', '40288009530b9c8901530bb1a1830005', '2016-04-12 18:09:47', '2016-04-12 18:09:47', 'pcmc', 'sm_permission', 'login', '1', null, '0:0:0:0:0:0:0:1', null, null);
INSERT INTO `pcmc_log` VALUES ('402881485409f2cc015409f9fccf0003', '1', '2016-04-12 18:17:38', '2016-04-12 18:17:38', 'pcmc', 'sm_permission', 'login', '1', null, '0:0:0:0:0:0:0:1', null, null);
INSERT INTO `pcmc_log` VALUES ('40288148540d346401540d3464fc0001', '40288009530b9c8901530bb1a1830005', '2016-04-13 09:20:17', '2016-04-13 09:20:18', 'pcmc', 'sm_permission', 'login', '1', null, '0:0:0:0:0:0:0:1', null, null);
INSERT INTO `pcmc_log` VALUES ('40288148540d346401540d34b7c80003', '1', '2016-04-13 09:20:39', '2016-04-13 09:20:39', 'pcmc', 'sm_permission', 'login', '1', null, '0:0:0:0:0:0:0:1', null, null);
INSERT INTO `pcmc_log` VALUES ('40288148540d346401540d34fb360005', '1', '2016-04-13 09:20:35', '2016-04-13 09:20:56', 'pcmc', 'sm_permission', 'login', '1', null, '0:0:0:0:0:0:0:1', null, null);
INSERT INTO `pcmc_log` VALUES ('40288148540d346401540d49a0d10009', '40288148532bfee801532c00a0930012', '2016-04-13 09:43:29', '2016-04-13 09:43:29', 'pcmc', 'sm_permission', 'login', '1', null, '0:0:0:0:0:0:0:1', null, null);
INSERT INTO `pcmc_log` VALUES ('40288148540d346401540d7448ac0013', '40288009530b9c8901530bb1a1830005', '2016-04-13 10:30:05', '2016-04-13 10:30:05', 'pcmc', 'sm_permission', 'login', '1', null, '0:0:0:0:0:0:0:1', null, null);
INSERT INTO `pcmc_log` VALUES ('40288148540ec9f801540ec9f8670001', '40288009530b9c8901530bb1a1830005', '2016-04-13 16:43:17', '2016-04-13 16:43:17', 'pcmc', 'sm_permission', 'login', '1', null, '192.168.1.200', null, null);
INSERT INTO `pcmc_log` VALUES ('40288148540ec9f801540eca03210003', '40288009530b9c8901530bb1a1830005', '2016-04-13 16:43:20', '2016-04-13 16:43:20', 'pcmc', 'sm_permission', 'login', '1', null, '192.168.1.100', null, null);
INSERT INTO `pcmc_log` VALUES ('40288148540ecb9c01540ecb9cb10001', '40288009530b9c8901530bb1a1830005', '2016-04-13 16:45:05', '2016-04-13 16:45:05', 'pcmc', 'sm_permission', 'login', '1', null, '0:0:0:0:0:0:0:1', null, null);
INSERT INTO `pcmc_log` VALUES ('40288148540ecb9c01540ecba53a0003', '40288009530b9c8901530bb1a1830005', '2016-04-13 16:45:07', '2016-04-13 16:45:07', 'pcmc', 'sm_permission', 'login', '0', null, '192.168.1.100', null, null);
INSERT INTO `pcmc_log` VALUES ('40288148540ecc9401540ecc945f0001', '40288009530b9c8901530bb1a1830005', '2016-04-13 16:46:08', '2016-04-13 16:46:08', 'pcmc', 'sm_permission', 'login', '1', null, '0:0:0:0:0:0:0:1', null, null);
INSERT INTO `pcmc_log` VALUES ('40288148540ecd9d01540ecd9d830001', '1', '2016-04-13 16:47:16', '2016-04-13 16:47:16', 'pcmc', 'sm_permission', 'login', '1', null, '0:0:0:0:0:0:0:1', null, null);
INSERT INTO `pcmc_log` VALUES ('40288148540ece3d01540ece3d970001', '40288009530b9c8901530bb1a1830005', '2016-04-13 16:47:57', '2016-04-13 16:47:57', 'pcmc', 'sm_permission', 'login', '1', null, '0:0:0:0:0:0:0:1', null, null);
INSERT INTO `pcmc_log` VALUES ('40288148540ece3d01540ece5ab40003', '40288009530b9c8901530bb1a1830005', '2016-04-13 16:48:05', '2016-04-13 16:48:05', 'pcmc', 'sm_permission', 'login', '1', null, '192.168.1.100', null, null);
INSERT INTO `pcmc_log` VALUES ('40288148540ede9a01540ede9aa20001', '40288009530b9c8901530bb1a1830005', '2016-04-13 17:05:49', '2016-04-13 17:05:50', 'pcmc', 'sm_permission', 'login', '1', null, '0:0:0:0:0:0:0:1', null, null);
INSERT INTO `pcmc_log` VALUES ('40288148540ede9a01540ee5814f0004', '1', '2016-04-13 17:13:22', '2016-04-13 17:13:22', 'pcmc', 'sm_permission', 'login', '1', null, '0:0:0:0:0:0:0:1', null, null);
INSERT INTO `pcmc_log` VALUES ('40288148540ee62d01540ee62e1c0001', '40288009530b9c8901530bb1a1830005', '2016-04-13 17:14:06', '2016-04-13 17:14:06', 'pcmc', 'sm_permission', 'login', '1', null, '0:0:0:0:0:0:0:1', null, null);
INSERT INTO `pcmc_log` VALUES ('40288148540ee62d01540eeb62450004', '1', '2016-04-13 17:19:47', '2016-04-13 17:19:47', 'pcmc', 'sm_permission', 'login', '1', null, '0:0:0:0:0:0:0:1', null, null);
INSERT INTO `pcmc_log` VALUES ('40288148540ee62d01540eebe3870006', '40288009530b9c8901530bb1a1830005', '2016-04-13 17:20:20', '2016-04-13 17:20:20', 'pcmc', 'sm_permission', 'login', '1', null, '0:0:0:0:0:0:0:1', null, null);
INSERT INTO `pcmc_log` VALUES ('40288148540eecea01540eeceb280001', '40288009530b9c8901530bb1a1830005', '2016-04-13 17:21:28', '2016-04-13 17:21:28', 'pcmc', 'sm_permission', 'login', '1', null, '0:0:0:0:0:0:0:1', null, null);
INSERT INTO `pcmc_log` VALUES ('40288148540f074501540f0745e00001', '40288009530b9c8901530bb1a1830005', '2016-04-13 17:50:15', '2016-04-13 17:50:15', 'pcmc', 'sm_permission', 'login', '1', null, '0:0:0:0:0:0:0:1', null, null);
INSERT INTO `pcmc_log` VALUES ('40288148540f236f01540f2370510001', '40288009530b9c8901530bb1a1830005', '2016-04-13 18:21:01', '2016-04-13 18:21:01', 'pcmc', 'sm_permission', 'login', '1', null, '0:0:0:0:0:0:0:1', null, null);
INSERT INTO `pcmc_log` VALUES ('40288148540f286d01540f286d820001', '40288009530b9c8901530bb1a1830005', '2016-04-13 18:26:28', '2016-04-13 18:26:28', 'pcmc', 'sm_permission', 'login', '1', null, '0:0:0:0:0:0:0:1', null, null);
INSERT INTO `pcmc_log` VALUES ('40288148540f2a0701540f2a07360001', '40288009530b9c8901530bb1a1830005', '2016-04-13 18:28:13', '2016-04-13 18:28:13', 'pcmc', 'sm_permission', 'login', '1', null, '0:0:0:0:0:0:0:1', null, null);
INSERT INTO `pcmc_log` VALUES ('40288148540f359201540f3592360001', '40288009530b9c8901530bb1a1830005', '2016-04-13 18:40:49', '2016-04-13 18:40:49', 'pcmc', 'sm_permission', 'login', '1', null, '0:0:0:0:0:0:0:1', null, null);
INSERT INTO `pcmc_log` VALUES ('40288148541254900154125490d40001', '40288009530b9c8901530bb1a1830005', '2016-04-14 09:13:32', '2016-04-14 09:13:32', 'pcmc', 'sm_permission', 'login', '1', null, '0:0:0:0:0:0:0:1', null, null);
INSERT INTO `pcmc_log` VALUES ('402881485412549001541254a5480003', '1', '2016-04-14 09:13:37', '2016-04-14 09:13:37', 'pcmc', 'sm_permission', 'login', '1', null, '0:0:0:0:0:0:0:1', null, null);
INSERT INTO `pcmc_log` VALUES ('40288148541296da01541296da7c0001', '40288009530b9c8901530bb1a1830005', '2016-04-14 10:25:56', '2016-04-14 10:25:56', 'pcmc', 'sm_permission', 'login', '1', null, '0:0:0:0:0:0:0:1', null, null);
INSERT INTO `pcmc_log` VALUES ('402881485412a9c3015412a9c3f60001', '40288009530b9c8901530bb1a1830005', '2016-04-14 10:46:36', '2016-04-14 10:46:36', 'pcmc', 'sm_permission', 'login', '1', null, '0:0:0:0:0:0:0:1', null, null);
INSERT INTO `pcmc_log` VALUES ('402881485412c28f015412c28f610001', '40288009530b9c8901530bb1a1830005', '2016-04-14 11:13:40', '2016-04-14 11:13:41', 'pcmc', 'sm_permission', 'login', '1', null, '0:0:0:0:0:0:0:1', null, null);
INSERT INTO `pcmc_log` VALUES ('402881485412dff8015412dff8b80001', '40288009530b9c8901530bb1a1830005', '2016-04-14 11:45:48', '2016-04-14 11:45:48', 'pcmc', 'sm_permission', 'login', '1', null, '0:0:0:0:0:0:0:1', null, null);
INSERT INTO `pcmc_log` VALUES ('402881485412dff8015413192fc70011', '1', '2016-04-14 12:48:18', '2016-04-14 12:48:18', 'pcmc', 'sm_permission', 'login', '1', null, '0:0:0:0:0:0:0:1', null, null);
INSERT INTO `pcmc_log` VALUES ('402881485412dff80154131b8cee0014', '1', '2016-04-14 12:50:53', '2016-04-14 12:50:53', 'pcmc', 'userrole', 'addUser', '1', null, '0:0:0:0:0:0:0:1', null, null);
INSERT INTO `pcmc_log` VALUES ('402881485412dff80154131bc4b20016', '402881485412dff80154131b8c820012', '2016-04-14 12:51:07', '2016-04-14 12:51:07', 'pcmc', 'sm_permission', 'login', '1', null, '0:0:0:0:0:0:0:1', null, null);
INSERT INTO `pcmc_log` VALUES ('402881485412dff801541345d0fb0018', '402881485412dff80154131b8c820012', '2016-04-14 13:37:03', '2016-04-14 13:37:03', 'pcmc', 'sm_permission', 'login', '1', null, '0:0:0:0:0:0:0:1', null, null);
INSERT INTO `pcmc_log` VALUES ('402881485412dff80154137454bc001a', '402881485412dff80154131b8c820012', '2016-04-14 14:27:51', '2016-04-14 14:27:51', 'pcmc', 'sm_permission', 'login', '1', null, '0:0:0:0:0:0:0:1', null, null);
INSERT INTO `pcmc_log` VALUES ('402881485412dff8015413747852001c', '40288148532bfee801532c00a0930012', '2016-04-14 14:28:00', '2016-04-14 14:28:00', 'pcmc', 'sm_permission', 'login', '1', null, '0:0:0:0:0:0:0:1', null, null);
INSERT INTO `pcmc_log` VALUES ('4028814854177c0c0154177c0c700001', '40288009530b9c8901530bb1a1830005', '2016-04-15 09:14:45', '2016-04-15 09:14:46', 'pcmc', 'sm_permission', 'login', '1', null, '0:0:0:0:0:0:0:1', null, null);
INSERT INTO `pcmc_log` VALUES ('4028814854177c0c015417b8793f000b', '40288009530b9c8901530bb1a1830005', '2016-04-15 10:20:46', '2016-04-15 10:20:46', 'pcmc', 'sm_permission', 'login', '1', null, '0:0:0:0:0:0:0:1', null, null);
INSERT INTO `pcmc_log` VALUES ('4028814854182c660154182c66620001', '40288009530b9c8901530bb1a1830005', '2016-04-15 12:27:23', '2016-04-15 12:27:23', 'pcmc', 'sm_permission', 'login', '1', null, '0:0:0:0:0:0:0:1', null, null);
INSERT INTO `pcmc_log` VALUES ('4028814854182c660154182cdd040003', '1', '2016-04-15 12:27:53', '2016-04-15 12:27:53', 'pcmc', 'sm_permission', 'login', '1', null, '0:0:0:0:0:0:0:1', null, null);
INSERT INTO `pcmc_log` VALUES ('4028814854182c660154182d88770005', '40288009530b9c8901530bb1a1830005', '2016-04-15 12:28:37', '2016-04-15 12:28:37', 'pcmc', 'sm_permission', 'login', '1', null, '0:0:0:0:0:0:0:1', null, null);
INSERT INTO `pcmc_log` VALUES ('4028814854182c660154183468670008', '1', '2016-04-15 12:36:08', '2016-04-15 12:36:08', 'pcmc', 'sm_permission', 'login', '1', null, '0:0:0:0:0:0:0:1', null, null);
INSERT INTO `pcmc_log` VALUES ('4028814854189d810154189d818e0001', '40288009530b9c8901530bb1a1830005', '2016-04-15 14:30:55', '2016-04-15 14:30:56', 'pcmc', 'sm_permission', 'login', '1', null, '0:0:0:0:0:0:0:1', null, null);
INSERT INTO `pcmc_log` VALUES ('4028814854189d810154189dcb160003', '402881485412dff80154131b8c820012', '2016-04-15 14:31:14', '2016-04-15 14:31:14', 'pcmc', 'sm_permission', 'login', '1', null, '0:0:0:0:0:0:0:1', null, null);
INSERT INTO `pcmc_log` VALUES ('4028814854189d81015418a00f310005', '402881485412dff80154131b8c820012', '2016-04-15 14:33:43', '2016-04-15 14:33:43', 'pcmc', 'sm_permission', 'login', '1', null, '0:0:0:0:0:0:0:1', null, null);
INSERT INTO `pcmc_log` VALUES ('402881485418a7da015418a7da5a0001', '402881485412dff80154131b8c820012', '2016-04-15 14:42:13', '2016-04-15 14:42:14', 'pcmc', 'sm_permission', 'login', '1', null, '0:0:0:0:0:0:0:1', null, null);
INSERT INTO `pcmc_log` VALUES ('402881485418a9d1015418a9d1320001', '40288009530b9c8901530bb1a1830005', '2016-04-15 14:44:22', '2016-04-15 14:44:22', 'pcmc', 'sm_permission', 'login', '1', null, '0:0:0:0:0:0:0:1', null, null);
INSERT INTO `pcmc_log` VALUES ('402881485418a9d1015418aaac0a0003', '1', '2016-04-15 14:45:18', '2016-04-15 14:45:18', 'pcmc', 'sm_permission', 'login', '1', null, '0:0:0:0:0:0:0:1', null, null);
INSERT INTO `pcmc_log` VALUES ('402881485418a9d1015418ab47e20005', '40288148532bfee801532c00a0930012', '2016-04-15 14:45:58', '2016-04-15 14:45:58', 'pcmc', 'sm_permission', 'login', '1', null, '0:0:0:0:0:0:0:1', null, null);
INSERT INTO `pcmc_log` VALUES ('402881485418a9d1015418ab912f0007', '1', '2016-04-15 14:46:17', '2016-04-15 14:46:17', 'pcmc', 'sm_permission', 'login', '1', null, '0:0:0:0:0:0:0:1', null, null);
INSERT INTO `pcmc_log` VALUES ('402881485418a9d1015418b30b930009', '402881485412dff80154131b8c820012', '2016-04-15 14:54:27', '2016-04-15 14:54:27', 'pcmc', 'sm_permission', 'login', '1', null, '0:0:0:0:0:0:0:1', null, null);
INSERT INTO `pcmc_log` VALUES ('402881485418b41a015418b41a8f0001', '402881485412dff80154131b8c820012', '2016-04-15 14:55:36', '2016-04-15 14:55:37', 'pcmc', 'sm_permission', 'login', '1', null, '0:0:0:0:0:0:0:1', null, null);
INSERT INTO `pcmc_log` VALUES ('402881485418b41a015418b4857b0005', '40288148532bfee801532c00a0930012', '2016-04-15 14:56:04', '2016-04-15 14:56:04', 'pcmc', 'sm_permission', 'login', '1', null, '0:0:0:0:0:0:0:1', null, null);
INSERT INTO `pcmc_log` VALUES ('402881485418b41a015418f12828000b', '1', '2016-04-15 16:02:18', '2016-04-15 16:02:18', 'pcmc', 'sm_permission', 'login', '1', null, '0:0:0:0:0:0:0:1', null, null);
INSERT INTO `pcmc_log` VALUES ('4028814854270ea40154270ea4a50001', '1', '2016-04-18 09:49:10', '2016-04-18 09:49:11', 'pcmc', 'sm_permission', 'login', '1', null, '0:0:0:0:0:0:0:1', null, null);
INSERT INTO `pcmc_log` VALUES ('4028814854270f940154270f94ca0001', '40288009530b9c8901530bb1a1830005', '2016-04-18 09:50:13', '2016-04-18 09:50:13', 'pcmc', 'sm_permission', 'login', '1', null, '0:0:0:0:0:0:0:1', null, null);
INSERT INTO `pcmc_log` VALUES ('4028814854271b7b0154271b7bca0001', '40288009530b9c8901530bb1a1830005', '2016-04-18 10:03:12', '2016-04-18 10:03:13', 'pcmc', 'sm_permission', 'login', '1', null, '0:0:0:0:0:0:0:1', null, null);
INSERT INTO `pcmc_log` VALUES ('4028814854271b7b01542732a1a20003', '40288009530b9c8901530bb1a1830005', '2016-04-18 10:28:30', '2016-04-18 10:28:30', 'pcmc', 'sm_permission', 'login', '1', null, '0:0:0:0:0:0:0:1', null, null);
INSERT INTO `pcmc_log` VALUES ('40288148542e03d501542e03d5bc0001', '40288009530b9c8901530bb1a1830005', '2016-04-19 18:14:43', '2016-04-19 18:14:43', 'pcmc', 'sm_permission', 'login', '1', null, '0:0:0:0:0:0:0:1', null, null);
INSERT INTO `pcmc_log` VALUES ('40288148542e03d501542e0520ec0003', '1', '2016-04-19 18:16:08', '2016-04-19 18:16:08', 'pcmc', 'sm_permission', 'login', '1', null, '0:0:0:0:0:0:0:1', null, null);
INSERT INTO `pcmc_log` VALUES ('40288148542e03d501542e064e210005', '40288009530b9c8901530bb1a1830005', '2016-04-19 18:17:25', '2016-04-19 18:17:25', 'pcmc', 'sm_permission', 'login', '1', null, '0:0:0:0:0:0:0:1', null, null);
INSERT INTO `pcmc_log` VALUES ('40288148542e03d501542e0682a10007', '402881485412dff80154131b8c820012', '2016-04-19 18:17:39', '2016-04-19 18:17:39', 'pcmc', 'sm_permission', 'login', '1', null, '0:0:0:0:0:0:0:1', null, null);
INSERT INTO `pcmc_log` VALUES ('40288148542e03d501542e06c9f90009', '1', '2016-04-19 18:17:57', '2016-04-19 18:17:57', 'pcmc', 'sm_permission', 'login', '1', null, '0:0:0:0:0:0:0:1', null, null);
INSERT INTO `pcmc_log` VALUES ('40288148542e03d501542e082501000b', '402881485412dff80154131b8c820012', '2016-04-19 18:19:26', '2016-04-19 18:19:26', 'pcmc', 'sm_permission', 'login', '1', null, '0:0:0:0:0:0:0:1', null, null);
INSERT INTO `pcmc_log` VALUES ('40288148542e03d501542e089d30000d', '1', '2016-04-19 18:19:56', '2016-04-19 18:19:57', 'pcmc', 'sm_permission', 'login', '1', null, '0:0:0:0:0:0:0:1', null, null);
INSERT INTO `pcmc_log` VALUES ('40288148542e03d501542e0942c6000f', '402881485412dff80154131b8c820012', '2016-04-19 18:20:39', '2016-04-19 18:20:39', 'pcmc', 'sm_permission', 'login', '1', null, '0:0:0:0:0:0:0:1', null, null);
INSERT INTO `pcmc_log` VALUES ('40288148542e0a2701542e0a27a80001', '402881485412dff80154131b8c820012', '2016-04-19 18:21:37', '2016-04-19 18:21:38', 'pcmc', 'sm_permission', 'login', '1', null, '0:0:0:0:0:0:0:1', null, null);
INSERT INTO `pcmc_log` VALUES ('40288148542e0a2701542e395bf2000a', '402881485412dff80154131b8c820012', '2016-04-19 19:13:11', '2016-04-19 19:13:11', 'pcmc', 'sm_permission', 'login', '1', null, '0:0:0:0:0:0:0:1', null, null);
INSERT INTO `pcmc_log` VALUES ('40288148542e0a2701542e741fdc000d', '402881485412dff80154131b8c820012', '2016-04-19 20:17:22', '2016-04-19 20:17:22', 'pcmc', 'sm_permission', 'login', '1', null, '0:0:0:0:0:0:0:1', null, null);
INSERT INTO `pcmc_log` VALUES ('402881ec5316755f015316755fae0001', '1', '2016-02-25 11:24:56', '2016-02-25 11:25:04', 'pcmc', 'sm_permission', 'login', '1', null, '127.0.0.1', null, null);
INSERT INTO `pcmc_log` VALUES ('402881ec5316f7d5015316f7d5350001', '1', '2016-02-25 13:47:30', '2016-02-25 13:47:34', 'pcmc', 'sm_permission', 'login', '1', null, '127.0.0.1', null, null);
INSERT INTO `pcmc_log` VALUES ('402881ec532c441d01532c441ddc0001', '1', '2016-02-29 17:02:51', '2016-02-29 17:02:54', 'pcmc', 'sm_permission', 'login', '1', null, '127.0.0.1', null, null);
INSERT INTO `pcmc_log` VALUES ('402881ec532ff7c501532ff7c5c20001', '1', '2016-03-01 10:17:57', '2016-03-01 10:18:00', 'pcmc', 'sm_permission', 'login', '1', null, '127.0.0.1', null, null);
INSERT INTO `pcmc_log` VALUES ('402881ec5330000f0153300010160001', '1', '2016-03-01 10:27:02', '2016-03-01 10:27:03', 'pcmc', 'sm_permission', 'login', '1', null, '127.0.0.1', null, null);
INSERT INTO `pcmc_log` VALUES ('402881ec5330000f0153300510890003', '1', '2016-03-01 10:32:31', '2016-03-01 10:32:31', 'pcmc', 'sm_permission', 'login', '1', null, '127.0.0.1', null, null);
INSERT INTO `pcmc_log` VALUES ('402881ec5330061d015330061d970001', '1', '2016-03-01 10:33:38', '2016-03-01 10:33:40', 'pcmc', 'sm_permission', 'login', '1', null, '127.0.0.1', null, null);
INSERT INTO `pcmc_log` VALUES ('402881ec533007460153300746c40001', '1', '2016-03-01 10:34:54', '2016-03-01 10:34:56', 'pcmc', 'sm_permission', 'login', '1', null, '127.0.0.1', null, null);
INSERT INTO `pcmc_log` VALUES ('402881ec533007f701533007f7f60001', '1', '2016-03-01 10:35:39', '2016-03-01 10:35:41', 'pcmc', 'sm_permission', 'login', '1', null, '127.0.0.1', null, null);
INSERT INTO `pcmc_log` VALUES ('402881ec53300d160153300d16e60001', '1', '2016-03-01 10:41:14', '2016-03-01 10:41:17', 'pcmc', 'sm_permission', 'login', '1', null, '127.0.0.1', null, null);
INSERT INTO `pcmc_log` VALUES ('402881ec53300fb90153300fb99e0001', '1', '2016-03-01 10:44:08', '2016-03-01 10:44:10', 'pcmc', 'sm_permission', 'login', '1', null, '127.0.0.1', null, null);
INSERT INTO `pcmc_log` VALUES ('402881ec53300fb9015330adec1c0021', '1', '2016-03-01 13:36:57', '2016-03-01 13:36:57', 'pcmc', 'sm_permission', 'login', '1', null, '127.0.0.1', null, null);
INSERT INTO `pcmc_log` VALUES ('402881ec53300fb9015330e5bdc50039', '1', '2016-03-01 14:37:55', '2016-03-01 14:37:56', 'pcmc', 'sm_permission', 'login', '1', null, '127.0.0.1', null, null);
INSERT INTO `pcmc_log` VALUES ('402881ec53300fb9015331132701004b', '1', '2016-03-01 15:27:31', '2016-03-01 15:27:32', 'pcmc', 'sm_permission', 'login', '1', null, '127.0.0.1', null, null);
INSERT INTO `pcmc_log` VALUES ('402881ec53311b4e0153311b4f1b0001', '1', '2016-03-01 15:36:22', '2016-03-01 15:36:26', 'pcmc', 'sm_permission', 'login', '1', null, '127.0.0.1', null, null);
INSERT INTO `pcmc_log` VALUES ('402881ec53311b4e01533174d3260005', '1', '2016-03-01 17:14:13', '2016-03-01 17:14:13', 'pcmc', 'sm_permission', 'login', '1', null, '127.0.0.1', null, null);
INSERT INTO `pcmc_log` VALUES ('402881ec5334dccb015334dccbbd0001', '1', '2016-03-02 09:06:35', '2016-03-02 09:06:38', 'pcmc', 'sm_permission', 'login', '1', null, '127.0.0.1', null, null);
INSERT INTO `pcmc_log` VALUES ('402881ec535569b101535569b1ce0001', '1', '2016-03-08 16:48:19', '2016-03-08 16:48:23', 'pcmc', 'sm_permission', 'login', '1', null, '127.0.0.1', null, null);
INSERT INTO `pcmc_log` VALUES ('402881ec535569b1015355812b93000b', '1', '2016-03-08 17:14:01', '2016-03-08 17:14:02', 'pcmc', 'sm_permission', 'login', '1', null, '127.0.0.1', null, null);
INSERT INTO `pcmc_log` VALUES ('402881ec53593eb30153593eb3ce0001', '1', '2016-03-09 10:39:51', '2016-03-09 10:39:54', 'pcmc', 'sm_permission', 'login', '1', null, '127.0.0.1', null, null);
INSERT INTO `pcmc_log` VALUES ('402881ec53593fdd0153593fdd310001', '1', '2016-03-09 10:41:07', '2016-03-09 10:41:10', 'pcmc', 'sm_permission', 'login', '1', null, '127.0.0.1', null, null);
INSERT INTO `pcmc_log` VALUES ('402881ec535942020153594202b60001', '1', '2016-03-09 10:43:28', '2016-03-09 10:43:31', 'pcmc', 'sm_permission', 'login', '1', null, '127.0.0.1', null, null);
INSERT INTO `pcmc_log` VALUES ('402881ec53594a510153594a51c30001', '1', '2016-03-09 10:52:32', '2016-03-09 10:52:36', 'pcmc', 'sm_permission', 'login', '1', null, '127.0.0.1', null, null);
INSERT INTO `pcmc_log` VALUES ('402881ec5359f1ac015359f1ac6a0001', '1', '2016-03-09 13:55:21', '2016-03-09 13:55:23', 'pcmc', 'sm_permission', 'login', '1', null, '127.0.0.1', null, null);
INSERT INTO `pcmc_log` VALUES ('402881ec5359f5ab015359f5ab750001', '1', '2016-03-09 13:59:41', '2016-03-09 13:59:45', 'pcmc', 'sm_permission', 'login', '1', null, '127.0.0.1', null, null);
INSERT INTO `pcmc_log` VALUES ('402881ec5359fc6d015359fc6d800001', '1', '2016-03-09 14:07:05', '2016-03-09 14:07:08', 'pcmc', 'sm_permission', 'login', '1', null, '127.0.0.1', null, null);
INSERT INTO `pcmc_log` VALUES ('402881ec5359fe56015359fe567b0001', '1', '2016-03-09 14:09:10', '2016-03-09 14:09:13', 'pcmc', 'sm_permission', 'login', '1', null, '127.0.0.1', null, null);
INSERT INTO `pcmc_log` VALUES ('402881ec535a0f7801535a0f79180001', '1', '2016-03-09 14:27:53', '2016-03-09 14:27:56', 'pcmc', 'sm_permission', 'login', '1', null, '127.0.0.1', null, null);
INSERT INTO `pcmc_log` VALUES ('402881ec535a168201535a1682b90001', '1', '2016-03-09 14:35:34', '2016-03-09 14:35:38', 'pcmc', 'sm_permission', 'login', '1', null, '127.0.0.1', null, null);
INSERT INTO `pcmc_log` VALUES ('402881ec535a1c1501535a1c15b60001', '1', '2016-03-09 14:41:39', '2016-03-09 14:41:43', 'pcmc', 'sm_permission', 'login', '1', null, '127.0.0.1', null, null);
INSERT INTO `pcmc_log` VALUES ('402881ec535a363a01535a363a8d0001', '1', '2016-03-09 15:10:13', '2016-03-09 15:10:16', 'pcmc', 'sm_permission', 'login', '1', null, '127.0.0.1', null, null);
INSERT INTO `pcmc_log` VALUES ('402881ec535a386301535a3863820001', '1', '2016-03-09 15:12:34', '2016-03-09 15:12:38', 'pcmc', 'sm_permission', 'login', '1', null, '127.0.0.1', null, null);
INSERT INTO `pcmc_log` VALUES ('402881ec535a39ac01535a39acb90001', '1', '2016-03-09 15:13:58', '2016-03-09 15:14:02', 'pcmc', 'sm_permission', 'login', '1', null, '127.0.0.1', null, null);
INSERT INTO `pcmc_log` VALUES ('402881ec535a40e401535a40e5270001', '1', '2016-03-09 15:21:52', '2016-03-09 15:21:55', 'pcmc', 'sm_permission', 'login', '1', null, '127.0.0.1', null, null);
INSERT INTO `pcmc_log` VALUES ('402881ec535a41b301535a41b40d0001', '1', '2016-03-09 15:22:45', '2016-03-09 15:22:48', 'pcmc', 'sm_permission', 'login', '1', null, '127.0.0.1', null, null);
INSERT INTO `pcmc_log` VALUES ('402881ec535a4f7e01535a4f7eec0001', '1', '2016-03-09 15:37:48', '2016-03-09 15:37:52', 'pcmc', 'sm_permission', 'login', '1', null, '127.0.0.1', null, null);
INSERT INTO `pcmc_log` VALUES ('402881ec535a641301535a64137c0001', '1', '2016-03-09 16:00:17', '2016-03-09 16:00:21', 'pcmc', 'sm_permission', 'login', '1', null, '127.0.0.1', null, null);
INSERT INTO `pcmc_log` VALUES ('402881ec535a690401535a6904ee0001', '1', '2016-03-09 16:05:41', '2016-03-09 16:05:45', 'pcmc', 'sm_permission', 'login', '1', null, '127.0.0.1', null, null);
INSERT INTO `pcmc_log` VALUES ('402881ec535a6ae401535a6ae4d70001', '1', '2016-03-09 16:07:44', '2016-03-09 16:07:48', 'pcmc', 'sm_permission', 'login', '1', null, '127.0.0.1', null, null);
INSERT INTO `pcmc_log` VALUES ('402881ec535a6c0301535a6c04100001', '1', '2016-03-09 16:08:58', '2016-03-09 16:09:01', 'pcmc', 'sm_permission', 'login', '1', null, '127.0.0.1', null, null);
INSERT INTO `pcmc_log` VALUES ('402881ec535a796701535a79679f0001', '1', '2016-03-09 16:23:35', '2016-03-09 16:23:39', 'pcmc', 'sm_permission', 'login', '1', null, '127.0.0.1', null, null);
INSERT INTO `pcmc_log` VALUES ('402881ec535e44da01535e44dae40001', '1', '2016-03-10 10:04:40', '2016-03-10 10:04:44', 'pcmc', 'sm_permission', 'login', '1', null, '127.0.0.1', null, null);
INSERT INTO `pcmc_log` VALUES ('402881ec535f0ce001535f0ce0460001', '1', '2016-03-10 13:43:08', '2016-03-10 13:43:12', 'pcmc', 'sm_permission', 'login', '1', null, '127.0.0.1', null, null);
INSERT INTO `pcmc_log` VALUES ('402881ec535f1f4c01535f1f4cc80001', '1', '2016-03-10 14:03:17', '2016-03-10 14:03:20', 'pcmc', 'sm_permission', 'login', '1', null, '127.0.0.1', null, null);
INSERT INTO `pcmc_log` VALUES ('402881ec535f284001535f2840540001', '1', '2016-03-10 14:13:05', '2016-03-10 14:13:06', 'pcmc', 'sm_permission', 'login', '1', null, '127.0.0.1', null, null);
INSERT INTO `pcmc_log` VALUES ('402881ec535f4d5e01535f4d5f400001', '1', '2016-03-10 14:53:35', '2016-03-10 14:53:39', 'pcmc', 'sm_permission', 'login', '1', null, '127.0.0.1', null, null);
INSERT INTO `pcmc_log` VALUES ('402881ec536353da01536353da650001', '1', '2016-03-11 09:39:09', '2016-03-11 09:39:13', 'pcmc', 'sm_permission', 'login', '1', null, '127.0.0.1', null, null);
INSERT INTO `pcmc_log` VALUES ('402881ec5363560501536356055a0001', '1', '2016-03-11 09:41:31', '2016-03-11 09:41:35', 'pcmc', 'sm_permission', 'login', '1', null, '127.0.0.1', null, null);
INSERT INTO `pcmc_log` VALUES ('402881ec5363575001536357511b0001', '1', '2016-03-11 09:42:57', '2016-03-11 09:43:00', 'pcmc', 'sm_permission', 'login', '1', null, '127.0.0.1', null, null);
INSERT INTO `pcmc_log` VALUES ('402881ec536358bf01536358bf850001', '1', '2016-03-11 09:44:30', '2016-03-11 09:44:33', 'pcmc', 'sm_permission', 'login', '1', null, '127.0.0.1', null, null);
INSERT INTO `pcmc_log` VALUES ('402881ec536367390153636739860001', '1', '2016-03-11 10:00:19', '2016-03-11 10:00:22', 'pcmc', 'sm_permission', 'login', '1', null, '127.0.0.1', null, null);
INSERT INTO `pcmc_log` VALUES ('402881ec53636b320153636b32430001', '1', '2016-03-11 10:04:41', '2016-03-11 10:04:42', 'pcmc', 'sm_permission', 'login', '1', null, '127.0.0.1', null, null);
INSERT INTO `pcmc_log` VALUES ('402881ec53636fe50153636fe5b20001', '1', '2016-03-11 10:09:47', '2016-03-11 10:09:51', 'pcmc', 'sm_permission', 'login', '1', null, '127.0.0.1', null, null);
INSERT INTO `pcmc_log` VALUES ('402881ec53636fe50153637b59230003', '1', '2016-03-11 10:22:21', '2016-03-11 10:22:21', 'pcmc', 'sm_permission', 'login', '1', null, '127.0.0.1', null, null);
INSERT INTO `pcmc_log` VALUES ('402881ec536387010153638702020001', '1', '2016-03-11 10:35:01', '2016-03-11 10:35:05', 'pcmc', 'sm_permission', 'login', '1', null, '127.0.0.1', null, null);
INSERT INTO `pcmc_log` VALUES ('402881ec536387010153638c196b0003', '1', '2016-03-11 10:40:39', '2016-03-11 10:40:39', 'pcmc', 'sm_permission', 'login', '1', null, '127.0.0.1', null, null);
INSERT INTO `pcmc_log` VALUES ('402881ec53638de10153638de1f20001', '1', '2016-03-11 10:42:32', '2016-03-11 10:42:36', 'pcmc', 'sm_permission', 'login', '1', null, '127.0.0.1', null, null);
INSERT INTO `pcmc_log` VALUES ('402881ec53638f830153638f83ab0001', '1', '2016-03-11 10:44:20', '2016-03-11 10:44:23', 'pcmc', 'sm_permission', 'login', '1', null, '127.0.0.1', null, null);
INSERT INTO `pcmc_log` VALUES ('402881ec536394ee01536394eec80001', '1', '2016-03-11 10:50:14', '2016-03-11 10:50:18', 'pcmc', 'sm_permission', 'login', '1', null, '127.0.0.1', null, null);
INSERT INTO `pcmc_log` VALUES ('402881ec53648df80153648df8c30001', '1', '2016-03-11 15:22:15', '2016-03-11 15:22:19', 'pcmc', 'sm_permission', 'login', '1', null, '127.0.0.1', null, null);
INSERT INTO `pcmc_log` VALUES ('402881ec536494850153649485850001', '1', '2016-03-11 15:29:25', '2016-03-11 15:29:28', 'pcmc', 'sm_permission', 'login', '1', null, '127.0.0.1', null, null);
INSERT INTO `pcmc_log` VALUES ('402881ec536495a501536495a5d40001', '1', '2016-03-11 15:30:38', '2016-03-11 15:30:42', 'pcmc', 'sm_permission', 'login', '1', null, '127.0.0.1', null, null);
INSERT INTO `pcmc_log` VALUES ('402881ec5364977e015364977ef40001', '1', '2016-03-11 15:32:38', '2016-03-11 15:32:43', 'pcmc', 'sm_permission', 'login', '1', null, '127.0.0.1', null, null);
INSERT INTO `pcmc_log` VALUES ('402881ec5364a57d015364a57dbd0001', '1', '2016-03-11 15:47:57', '2016-03-11 15:48:00', 'pcmc', 'sm_permission', 'login', '1', null, '127.0.0.1', null, null);
INSERT INTO `pcmc_log` VALUES ('402881ec5364a9f9015364a9f9740001', '1', '2016-03-11 15:52:50', '2016-03-11 15:52:54', 'pcmc', 'sm_permission', 'login', '1', null, '127.0.0.1', null, null);
INSERT INTO `pcmc_log` VALUES ('402881ec5364b745015364b745ce0001', '1', '2016-03-11 16:07:22', '2016-03-11 16:07:25', 'pcmc', 'sm_permission', 'login', '1', null, '127.0.0.1', null, null);
INSERT INTO `pcmc_log` VALUES ('402881ec5364c0d2015364c0d28b0001', '1', '2016-03-11 16:17:47', '2016-03-11 16:17:51', 'pcmc', 'sm_permission', 'login', '1', null, '127.0.0.1', null, null);
INSERT INTO `pcmc_log` VALUES ('402881ec5364d307015364d307790001', '1', '2016-03-11 16:37:41', '2016-03-11 16:37:44', 'pcmc', 'sm_permission', 'login', '1', null, '127.0.0.1', null, null);
INSERT INTO `pcmc_log` VALUES ('402881ec5364d4d4015364d4d4720001', '1', '2016-03-11 16:39:39', '2016-03-11 16:39:42', 'pcmc', 'sm_permission', 'login', '1', null, '127.0.0.1', null, null);
INSERT INTO `pcmc_log` VALUES ('402881ec53650b950153650b95540001', '1', '2016-03-11 17:39:27', '2016-03-11 17:39:31', 'pcmc', 'sm_permission', 'login', '1', null, '127.0.0.1', null, null);
INSERT INTO `pcmc_log` VALUES ('402881f15312a000015312a000210001', '1', '2016-02-24 17:33:07', '2016-02-24 17:33:09', 'pcmc', 'sm_permission', 'login', '1', null, '127.0.0.1', null, null);
INSERT INTO `pcmc_log` VALUES ('402881f15312a1cc015312a1cc760001', '1', '2016-02-24 17:35:05', '2016-02-24 17:35:06', 'pcmc', 'sm_permission', 'login', '1', null, '127.0.0.1', null, null);
INSERT INTO `pcmc_log` VALUES ('402881f15312c1cc015312c1cc5f0001', '1', '2016-02-24 18:10:02', '2016-02-24 18:10:03', 'pcmc', 'sm_permission', 'login', '1', null, '127.0.0.1', null, null);
INSERT INTO `pcmc_log` VALUES ('402881f15316165d015316165e050001', '1', '2016-02-25 09:41:16', '2016-02-25 09:41:17', 'pcmc', 'sm_permission', 'login', '0', null, '127.0.0.1', null, null);
INSERT INTO `pcmc_log` VALUES ('402881f15316165d015316167e2f0003', '1', '2016-02-25 09:41:26', '2016-02-25 09:41:26', 'pcmc', 'sm_permission', 'login', '1', null, '127.0.0.1', null, null);
INSERT INTO `pcmc_log` VALUES ('402881f15316240b015316240be80001', '1', '2016-02-25 09:56:13', '2016-02-25 09:56:14', 'pcmc', 'sm_permission', 'login', '1', null, '127.0.0.1', null, null);
INSERT INTO `pcmc_log` VALUES ('402881f15316289d015316289d2f0001', '1', '2016-02-25 10:01:12', '2016-02-25 10:01:13', 'pcmc', 'sm_permission', 'login', '1', null, '127.0.0.1', null, null);
INSERT INTO `pcmc_log` VALUES ('402881f15316289d0153163060b70004', '1', '2016-02-25 10:09:42', '2016-02-25 10:09:42', 'pcmc', 'sm_permission', 'login', '1', null, '127.0.0.1', null, null);
INSERT INTO `pcmc_log` VALUES ('402881f1531635640153163565190001', '1', '2016-02-25 10:15:10', '2016-02-25 10:15:11', 'pcmc', 'sm_permission', 'login', '1', null, '127.0.0.1', null, null);
INSERT INTO `pcmc_log` VALUES ('402881f1531637900153163790e20001', '1', '2016-02-25 10:17:32', '2016-02-25 10:17:33', 'pcmc', 'sm_permission', 'login', '1', null, '127.0.0.1', null, null);
INSERT INTO `pcmc_log` VALUES ('402881f1531641a801531641a8730001', '1', '2016-02-25 10:28:34', '2016-02-25 10:28:35', 'pcmc', 'sm_permission', 'login', '1', null, '127.0.0.1', null, null);
INSERT INTO `pcmc_log` VALUES ('402881f15316462501531646252f0001', '1', '2016-02-25 10:33:28', '2016-02-25 10:33:29', 'pcmc', 'sm_permission', 'login', '1', null, '127.0.0.1', null, null);
INSERT INTO `pcmc_log` VALUES ('402881f1531673ad01531673ad970001', '1', '2016-02-25 11:23:12', '2016-02-25 11:23:13', 'pcmc', 'sm_permission', 'login', '1', null, '127.0.0.1', null, null);
INSERT INTO `pcmc_log` VALUES ('402881f1531673ad0153170da7e30004', '1', '2016-02-25 14:11:24', '2016-02-25 14:11:24', 'pcmc', 'sm_permission', 'login', '1', null, '127.0.0.1', null, null);
INSERT INTO `pcmc_log` VALUES ('402881f1531769570153176957f70001', '1', '2016-02-25 15:51:32', '2016-02-25 15:51:33', 'pcmc', 'sm_permission', 'login', '1', null, '127.0.0.1', null, null);
INSERT INTO `pcmc_log` VALUES ('402881f153176fd50153176fd5c90001', '1', '2016-02-25 15:58:37', '2016-02-25 15:58:38', 'pcmc', 'sm_permission', 'login', '1', null, '127.0.0.1', null, null);
INSERT INTO `pcmc_log` VALUES ('402881f1531774120153177412940001', '1', '2016-02-25 16:03:15', '2016-02-25 16:03:16', 'pcmc', 'sm_permission', 'login', '1', null, '127.0.0.1', null, null);
INSERT INTO `pcmc_log` VALUES ('402881f1531778600153177860980001', '1', '2016-02-25 16:07:57', '2016-02-25 16:07:58', 'pcmc', 'sm_permission', 'login', '1', null, '127.0.0.1', null, null);
INSERT INTO `pcmc_log` VALUES ('402881f1531b6f4901531b6f49b30001', '40288009530b9c8901530bb1a1830005', '2016-02-26 10:36:30', '2016-02-26 10:36:31', 'pcmc', 'sm_permission', 'login', '1', null, '127.0.0.1', null, null);
INSERT INTO `pcmc_log` VALUES ('402881f1531bb27801531bb278c50001', '1', '2016-02-26 11:49:54', '2016-02-26 11:49:54', 'pcmc', 'sm_permission', 'login', '1', null, '127.0.0.1', null, null);
INSERT INTO `pcmc_log` VALUES ('402881f1531bb27801531bb4e8d50003', '40288009530b9c8901530bb1a1830005', '2016-02-26 11:52:34', '2016-02-26 11:52:34', 'pcmc', 'sm_permission', 'login', '1', null, '127.0.0.1', null, null);
INSERT INTO `pcmc_log` VALUES ('402881f1531bb9bd01531bb9bd910001', '40288009530b9c8901530bb1a1830005', '2016-02-26 11:57:50', '2016-02-26 11:57:50', 'pcmc', 'sm_permission', 'login', '1', null, '127.0.0.1', null, null);
INSERT INTO `pcmc_log` VALUES ('402881f1531bb9bd01531bc79b120003', '1', '2016-02-26 12:12:59', '2016-02-26 12:12:59', 'pcmc', 'sm_permission', 'login', '1', null, '127.0.0.1', null, null);
INSERT INTO `pcmc_log` VALUES ('402881f1532b292c01532b292c550001', '1', '2016-02-29 11:53:51', '2016-02-29 11:53:51', 'pcmc', 'sm_permission', 'login', '1', null, '127.0.0.1', null, null);
INSERT INTO `pcmc_log` VALUES ('402881f1532b292c01532b8f9eaa0003', '1', '2016-02-29 13:45:45', '2016-02-29 13:45:45', 'pcmc', 'sm_permission', 'login', '1', null, '127.0.0.1', null, null);
INSERT INTO `pcmc_log` VALUES ('402881f1532b292c01532bb208b60005', '1', '2016-02-29 14:23:21', '2016-02-29 14:23:21', 'pcmc', 'sm_permission', 'login', '1', null, '127.0.0.1', null, null);
INSERT INTO `pcmc_log` VALUES ('402881f1532b292c01532bce16630007', '1', '2016-02-29 14:53:59', '2016-02-29 14:53:59', 'pcmc', 'sm_permission', 'login', '1', null, '127.0.0.1', null, null);
INSERT INTO `pcmc_log` VALUES ('402881f1532befdc01532befdc1d0001', '1', '2016-02-29 15:30:52', '2016-02-29 15:30:53', 'pcmc', 'sm_permission', 'login', '1', null, '127.0.0.1', null, null);
INSERT INTO `pcmc_log` VALUES ('402881f1532bf62e01532bf62ef20001', '1', '2016-02-29 15:37:47', '2016-02-29 15:37:47', 'pcmc', 'sm_permission', 'login', '1', null, '127.0.0.1', null, null);
INSERT INTO `pcmc_log` VALUES ('402881f1532c080801532c0808390001', '1', '2016-02-29 15:57:16', '2016-02-29 15:57:17', 'pcmc', 'sm_permission', 'login', '1', null, '127.0.0.1', null, null);
INSERT INTO `pcmc_log` VALUES ('402881f1532c09e501532c09e5f40001', '1', '2016-02-29 15:59:19', '2016-02-29 15:59:19', 'pcmc', 'sm_permission', 'login', '1', null, '127.0.0.1', null, null);
INSERT INTO `pcmc_log` VALUES ('402881f1532c105d01532c105d9a0001', '1', '2016-02-29 16:06:22', '2016-02-29 16:06:23', 'pcmc', 'sm_permission', 'login', '1', null, '127.0.0.1', null, null);
INSERT INTO `pcmc_log` VALUES ('402881f1532c11d401532c11d4460001', '1', '2016-02-29 16:07:58', '2016-02-29 16:07:59', 'pcmc', 'sm_permission', 'login', '1', null, '127.0.0.1', null, null);
INSERT INTO `pcmc_log` VALUES ('402881f1532c336f01532c336f5b0001', '1', '2016-02-29 16:44:41', '2016-02-29 16:44:41', 'pcmc', 'sm_permission', 'login', '1', null, '127.0.0.1', null, null);
INSERT INTO `pcmc_log` VALUES ('402881f1532c513e01532c513ea30001', '1', '2016-02-29 17:17:14', '2016-02-29 17:17:15', 'pcmc', 'sm_permission', 'login', '1', null, '192.168.1.115', null, null);
INSERT INTO `pcmc_log` VALUES ('402881f1532c513e01532c584c9c0003', '1', '2016-02-29 17:24:57', '2016-02-29 17:24:57', 'pcmc', 'sm_permission', 'login', '1', null, '127.0.0.1', null, null);
INSERT INTO `pcmc_log` VALUES ('402881f1532c513e01532c585d410005', '1', '2016-02-29 17:25:01', '2016-02-29 17:25:01', 'pcmc', 'sm_permission', 'login', '1', null, '127.0.0.1', null, null);
INSERT INTO `pcmc_log` VALUES ('402881f1532c513e01532c587b4b0007', '1', '2016-02-29 17:25:09', '2016-02-29 17:25:09', 'pcmc', 'sm_permission', 'login', '1', null, '127.0.0.1', null, null);
INSERT INTO `pcmc_log` VALUES ('402881f1532c513e01532c58b0a30009', '1', '2016-02-29 17:25:23', '2016-02-29 17:25:23', 'pcmc', 'sm_permission', 'login', '1', null, '127.0.0.1', null, null);
INSERT INTO `pcmc_log` VALUES ('402881f1532c513e01532c58d0b4000b', '1', '2016-02-29 17:25:31', '2016-02-29 17:25:31', 'pcmc', 'sm_permission', 'login', '1', null, '127.0.0.1', null, null);
INSERT INTO `pcmc_log` VALUES ('402881f1532fdc5301532fdc53e90001', '1', '2016-03-01 09:48:01', '2016-03-01 09:48:01', 'pcmc', 'sm_permission', 'login', '1', null, '127.0.0.1', null, null);
INSERT INTO `pcmc_log` VALUES ('402881f1532ff03301532ff033e40001', '1', '2016-03-01 10:09:43', '2016-03-01 10:09:44', 'pcmc', 'sm_permission', 'login', '1', null, '127.0.0.1', null, null);
INSERT INTO `pcmc_log` VALUES ('402881f1532ff03301532ffc44990003', '40288009530b9c8901530bb1a1830005', '2016-03-01 10:22:55', '2016-03-01 10:22:55', 'pcmc', 'sm_permission', 'login', '1', null, '192.168.1.200', null, null);
INSERT INTO `pcmc_log` VALUES ('402881f1532ff03301532ffd0d460005', '1', '2016-03-01 10:23:46', '2016-03-01 10:23:46', 'pcmc', 'sm_permission', 'login', '1', null, '192.168.1.200', null, null);
INSERT INTO `pcmc_log` VALUES ('402881f1532ff03301533042182b0007', '1', '2016-03-01 11:39:11', '2016-03-01 11:39:11', 'pcmc', 'sm_permission', 'login', '1', null, '127.0.0.1', null, null);
INSERT INTO `pcmc_log` VALUES ('402881f1532ff033015330b2579b0009', '40288009530b9c8901530bb1a1830005', '2016-03-01 13:41:47', '2016-03-01 13:41:47', 'pcmc', 'sm_permission', 'login', '1', null, '127.0.0.1', null, null);
INSERT INTO `pcmc_log` VALUES ('402881f1532ff03301533128faca000b', '1', '2016-03-01 15:51:22', '2016-03-01 15:51:22', 'pcmc', 'sm_permission', 'login', '1', null, '127.0.0.1', null, null);
INSERT INTO `pcmc_log` VALUES ('402881f1532ff03301533129367e000d', '40288009530b9c8901530bb1a1830005', '2016-03-01 15:51:37', '2016-03-01 15:51:37', 'pcmc', 'sm_permission', 'login', '1', null, '127.0.0.1', null, null);
INSERT INTO `pcmc_log` VALUES ('402881f1533182060153318206f90001', '40288009530b9c8901530bb1a1830005', '2016-03-01 17:28:37', '2016-03-01 17:28:38', 'pcmc', 'sm_permission', 'login', '1', null, '127.0.0.1', null, null);
INSERT INTO `pcmc_log` VALUES ('402881f15334e7dd015334e7dd480001', '1', '2016-03-02 09:18:43', '2016-03-02 09:18:44', 'pcmc', 'sm_permission', 'login', '1', null, '127.0.0.1', null, null);
INSERT INTO `pcmc_log` VALUES ('402881f15334e7dd015335125ab60003', '40288009530b9c8901530bb1a1830005', '2016-03-02 10:05:08', '2016-03-02 10:05:08', 'pcmc', 'sm_permission', 'login', '1', null, '127.0.0.1', null, null);
INSERT INTO `pcmc_log` VALUES ('402881f15334e7dd015335d99dbc0005', '1', '2016-03-02 13:42:47', '2016-03-02 13:42:47', 'pcmc', 'sm_permission', 'login', '1', null, '127.0.0.1', null, null);
INSERT INTO `pcmc_log` VALUES ('402881f15334e7dd015335da24e50007', '40288009530b9c8901530bb1a1830005', '2016-03-02 13:43:22', '2016-03-02 13:43:22', 'pcmc', 'sm_permission', 'login', '1', null, '127.0.0.1', null, null);
INSERT INTO `pcmc_log` VALUES ('402881f15334e7dd0153360188860009', '40288009530b9c8901530bb1a1830005', '2016-03-02 14:26:23', '2016-03-02 14:26:23', 'pcmc', 'sm_permission', 'login', '1', null, '127.0.0.1', null, null);
INSERT INTO `pcmc_log` VALUES ('402881f15336a301015336a301530001', '40288009530b9c8901530bb1a1830005', '2016-03-02 17:22:45', '2016-03-02 17:22:45', 'pcmc', 'sm_permission', 'login', '1', null, '127.0.0.1', null, null);
INSERT INTO `pcmc_log` VALUES ('402881f1533a1d1801533a1d18b10001', '40288009530b9c8901530bb1a1830005', '2016-03-03 09:34:57', '2016-03-03 09:34:58', 'pcmc', 'sm_permission', 'login', '1', null, '127.0.0.1', null, null);
INSERT INTO `pcmc_log` VALUES ('402881f1533a1d1801533a1e4cab0003', '40288009530b9c8901530bb1a1830005', '2016-03-03 09:36:17', '2016-03-03 09:36:17', 'pcmc', 'sm_permission', 'login', '1', null, '127.0.0.1', null, null);
INSERT INTO `pcmc_log` VALUES ('402881f1533a43d101533a43d18b0001', '40288009530b9c8901530bb1a1830005', '2016-03-03 10:17:16', '2016-03-03 10:17:16', 'pcmc', 'sm_permission', 'login', '1', null, '127.0.0.1', null, null);
INSERT INTO `pcmc_log` VALUES ('402881f1533a4c8701533a4c87570001', '40288009530b9c8901530bb1a1830005', '2016-03-03 10:26:46', '2016-03-03 10:26:47', 'pcmc', 'sm_permission', 'login', '1', null, '127.0.0.1', null, null);
INSERT INTO `pcmc_log` VALUES ('402881f1533a6af401533a6af4bc0001', '40288009530b9c8901530bb1a1830005', '2016-03-03 11:00:00', '2016-03-03 11:00:01', 'pcmc', 'sm_permission', 'login', '1', null, '127.0.0.1', null, null);
INSERT INTO `pcmc_log` VALUES ('402881f1533a6f1a01533a6f1a470001', '40288009530b9c8901530bb1a1830005', '2016-03-03 11:04:32', '2016-03-03 11:04:33', 'pcmc', 'sm_permission', 'login', '1', null, '127.0.0.1', null, null);
INSERT INTO `pcmc_log` VALUES ('402881f1533a70b401533a70b5000001', '40288009530b9c8901530bb1a1830005', '2016-03-03 11:06:17', '2016-03-03 11:06:18', 'pcmc', 'sm_permission', 'login', '1', null, '127.0.0.1', null, null);
INSERT INTO `pcmc_log` VALUES ('402881f1533a740101533a74013c0001', '40288009530b9c8901530bb1a1830005', '2016-03-03 11:09:53', '2016-03-03 11:09:54', 'pcmc', 'sm_permission', 'login', '1', null, '127.0.0.1', null, null);
INSERT INTO `pcmc_log` VALUES ('402881f1533afbdd01533afbdd670001', '40288009530b9c8901530bb1a1830005', '2016-03-03 13:38:17', '2016-03-03 13:38:18', 'pcmc', 'sm_permission', 'login', '1', null, '127.0.0.1', null, null);
INSERT INTO `pcmc_log` VALUES ('402881f1533afbdd01533b88859e0006', '40288148532bfee801532c00a0930012', '2016-03-03 16:11:55', '2016-03-03 16:11:56', 'pcmc', 'sm_permission', 'login', '0', null, '127.0.0.1', null, null);
INSERT INTO `pcmc_log` VALUES ('402881f1533afbdd01533b88d3890008', '40288148532bfee801532c00a0930012', '2016-03-03 16:12:16', '2016-03-03 16:12:16', 'pcmc', 'sm_permission', 'login', '1', null, '127.0.0.1', null, null);
INSERT INTO `pcmc_log` VALUES ('402881f1533b905501533b9055500001', '40288148532bfee801532c00a0930012', '2016-03-03 16:20:27', '2016-03-03 16:20:28', 'pcmc', 'sm_permission', 'login', '0', null, '127.0.0.1', null, null);
INSERT INTO `pcmc_log` VALUES ('402881f1533b905501533b907be90003', '40288148532bfee801532c00a0930012', '2016-03-03 16:20:37', '2016-03-03 16:20:37', 'pcmc', 'sm_permission', 'login', '1', null, '127.0.0.1', null, null);
INSERT INTO `pcmc_log` VALUES ('402881f1533ba0e501533ba0e5a80001', '40288148532bfee801532c00a0930012', '2016-03-03 16:38:33', '2016-03-03 16:38:33', 'pcmc', 'sm_permission', 'login', '1', null, '127.0.0.1', null, null);
INSERT INTO `pcmc_log` VALUES ('402881f1534044560153404456340001', '40288009530b9c8901530bb1a1830005', '2016-03-04 14:15:32', '2016-03-04 14:15:33', 'pcmc', 'sm_permission', 'login', '1', null, '127.0.0.1', null, null);
INSERT INTO `pcmc_log` VALUES ('402881f15340d5b6015340d5b6eb0001', '40288009530b9c8901530bb1a1830005', '2016-03-04 16:54:20', '2016-03-04 16:54:21', 'pcmc', 'sm_permission', 'login', '1', null, '127.0.0.1', null, null);
INSERT INTO `pcmc_log` VALUES ('402881f15340dc57015340dc57640001', '40288009530b9c8901530bb1a1830005', '2016-03-04 17:01:35', '2016-03-04 17:01:35', 'pcmc', 'sm_permission', 'login', '1', null, '127.0.0.1', null, null);
INSERT INTO `pcmc_log` VALUES ('402881f153412fa70153412fa7c30001', '40288009530b9c8901530bb1a1830005', '2016-03-04 18:32:35', '2016-03-04 18:32:35', 'pcmc', 'sm_permission', 'login', '1', null, '127.0.0.1', null, null);
INSERT INTO `pcmc_log` VALUES ('402881f1534edc4d01534edc4dc20001', '40288009530b9c8901530bb1a1830005', '2016-03-07 10:16:13', '2016-03-07 10:16:14', 'pcmc', 'sm_permission', 'login', '1', null, '127.0.0.1', null, null);
INSERT INTO `pcmc_log` VALUES ('402881f1534edc4d01534edf86440003', '40288009530b9c8901530bb1a1830005', '2016-03-07 10:19:45', '2016-03-07 10:19:45', 'pcmc', 'sm_permission', 'login', '1', null, '127.0.0.1', null, null);
INSERT INTO `pcmc_log` VALUES ('402881f1534edc4d01534f9fe7160005', '40288009530b9c8901530bb1a1830005', '2016-03-07 13:49:52', '2016-03-07 13:49:52', 'pcmc', 'sm_permission', 'login', '1', null, '127.0.0.1', null, null);
INSERT INTO `pcmc_log` VALUES ('402881f1534edc4d01534ffdb4d20007', '1', '2016-03-07 15:32:20', '2016-03-07 15:32:20', 'pcmc', 'sm_permission', 'login', '1', null, '192.168.1.200', null, null);
INSERT INTO `pcmc_log` VALUES ('402881f1534edc4d01535000078f0009', '40288009530b9c8901530bb1a1830005', '2016-03-07 15:34:52', '2016-03-07 15:34:52', 'pcmc', 'sm_permission', 'login', '1', null, '192.168.1.200', null, null);
INSERT INTO `pcmc_log` VALUES ('402881f1534edc4d015350082efc000b', '40288009530b9c8901530bb1a1830005', '2016-03-07 15:43:46', '2016-03-07 15:43:46', 'pcmc', 'sm_permission', 'login', '1', null, '127.0.0.1', null, null);
INSERT INTO `pcmc_log` VALUES ('402881f153503db40153503db43d0001', '40288009530b9c8901530bb1a1830005', '2016-03-07 16:42:12', '2016-03-07 16:42:14', 'pcmc', 'sm_permission', 'login', '1', null, '127.0.0.1', null, null);
INSERT INTO `pcmc_log` VALUES ('402881f15350568a015350568aec0001', '40288009530b9c8901530bb1a1830005', '2016-03-07 17:09:21', '2016-03-07 17:09:22', 'pcmc', 'sm_permission', 'login', '1', null, '127.0.0.1', null, null);
INSERT INTO `pcmc_log` VALUES ('402881f1535432870153543287800001', '40288009530b9c8901530bb1a1830005', '2016-03-08 11:08:30', '2016-03-08 11:08:30', 'pcmc', 'sm_permission', 'login', '1', null, '127.0.0.1', null, null);
INSERT INTO `pcmc_log` VALUES ('402881f15354328701535433d3e50003', '40288009530b9c8901530bb1a1830005', '2016-03-08 11:09:55', '2016-03-08 11:09:56', 'pcmc', 'sm_permission', 'login', '1', null, '127.0.0.1', null, null);
INSERT INTO `pcmc_log` VALUES ('402881f1535437030153543703490001', '40288009530b9c8901530bb1a1830005', '2016-03-08 11:13:24', '2016-03-08 11:13:24', 'pcmc', 'sm_permission', 'login', '1', null, '127.0.0.1', null, null);
INSERT INTO `pcmc_log` VALUES ('402881f153543a2d0153543a2dd40001', '40288009530b9c8901530bb1a1830005', '2016-03-08 11:16:51', '2016-03-08 11:16:52', 'pcmc', 'sm_permission', 'login', '1', null, '127.0.0.1', null, null);
INSERT INTO `pcmc_log` VALUES ('402881f153543a2d015354c31f780003', '40288009530b9c8901530bb1a1830005', '2016-03-08 13:46:26', '2016-03-08 13:46:27', 'pcmc', 'sm_permission', 'login', '1', null, '127.0.0.1', null, null);
INSERT INTO `pcmc_log` VALUES ('402881f153552b740153552b744e0001', '40288009530b9c8901530bb1a1830005', '2016-03-08 15:40:23', '2016-03-08 15:40:24', 'pcmc', 'sm_permission', 'login', '1', null, '127.0.0.1', null, null);
INSERT INTO `pcmc_log` VALUES ('402881f15358fb77015358fb774f0001', '40288009530b9c8901530bb1a1830005', '2016-03-09 09:26:27', '2016-03-09 09:26:28', 'pcmc', 'sm_permission', 'login', '1', null, '127.0.0.1', null, null);
INSERT INTO `pcmc_log` VALUES ('402881f15358fb7701535954319e0003', '40288009530b9c8901530bb1a1830005', '2016-03-09 11:03:22', '2016-03-09 11:03:23', 'pcmc', 'sm_permission', 'login', '1', null, '127.0.0.1', null, null);
INSERT INTO `pcmc_log` VALUES ('402881f15359fd06015359fd06ea0001', '40288009530b9c8901530bb1a1830005', '2016-03-09 14:07:47', '2016-03-09 14:07:47', 'pcmc', 'sm_permission', 'login', '1', null, '127.0.0.1', null, null);
INSERT INTO `pcmc_log` VALUES ('402881f1535a18b201535a18b2cd0001', '40288009530b9c8901530bb1a1830005', '2016-03-09 14:38:01', '2016-03-09 14:38:01', 'pcmc', 'sm_permission', 'login', '0', null, '127.0.0.1', null, null);
INSERT INTO `pcmc_log` VALUES ('402881f1535a18b201535a18f0650003', '40288009530b9c8901530bb1a1830005', '2016-03-09 14:38:17', '2016-03-09 14:38:17', 'pcmc', 'sm_permission', 'login', '1', null, '127.0.0.1', null, null);
INSERT INTO `pcmc_log` VALUES ('402881f1535a18b201535a3edd140005', '40288009530b9c8901530bb1a1830005', '2016-03-09 15:19:42', '2016-03-09 15:19:42', 'pcmc', 'sm_permission', 'login', '1', null, '127.0.0.1', null, null);
INSERT INTO `pcmc_log` VALUES ('402881f1535a42a001535a42a0790001', '40288009530b9c8901530bb1a1830005', '2016-03-09 15:23:48', '2016-03-09 15:23:49', 'pcmc', 'sm_permission', 'login', '1', null, '127.0.0.1', null, null);
INSERT INTO `pcmc_log` VALUES ('402881f1535a42a001535a52b6a00003', '40288009530b9c8901530bb1a1830005', '2016-03-09 15:41:23', '2016-03-09 15:41:23', 'pcmc', 'sm_permission', 'login', '1', null, '127.0.0.1', null, null);
INSERT INTO `pcmc_log` VALUES ('402881f1535a5f7201535a5f72a50001', '40288009530b9c8901530bb1a1830005', '2016-03-09 15:55:17', '2016-03-09 15:55:18', 'pcmc', 'sm_permission', 'login', '1', null, '127.0.0.1', null, null);
INSERT INTO `pcmc_log` VALUES ('402881f1535a6a1001535a6a10fb0001', '40288009530b9c8901530bb1a1830005', '2016-03-09 16:06:53', '2016-03-09 16:06:53', 'pcmc', 'sm_permission', 'login', '1', null, '127.0.0.1', null, null);
INSERT INTO `pcmc_log` VALUES ('402881f1535a924f01535a924f930001', '40288009530b9c8901530bb1a1830005', '2016-03-09 16:50:50', '2016-03-09 16:50:51', 'pcmc', 'sm_permission', 'login', '1', null, '127.0.0.1', null, null);
INSERT INTO `pcmc_log` VALUES ('402881f1535a924f01535a9a91a40003', '40288009530b9c8901530bb1a1830005', '2016-03-09 16:59:52', '2016-03-09 16:59:52', 'pcmc', 'sm_permission', 'login', '0', null, '127.0.0.1', null, null);
INSERT INTO `pcmc_log` VALUES ('402881f1535a924f01535a9ab96f0005', '40288009530b9c8901530bb1a1830005', '2016-03-09 17:00:02', '2016-03-09 17:00:02', 'pcmc', 'sm_permission', 'login', '1', null, '127.0.0.1', null, null);
INSERT INTO `pcmc_log` VALUES ('402881f1535aa14401535aa144820001', '40288009530b9c8901530bb1a1830005', '2016-03-09 17:07:11', '2016-03-09 17:07:11', 'pcmc', 'sm_permission', 'login', '1', null, '127.0.0.1', null, null);
INSERT INTO `pcmc_log` VALUES ('402881f1535aa4da01535aa4da2d0001', '40288009530b9c8901530bb1a1830005', '2016-03-09 17:11:06', '2016-03-09 17:11:06', 'pcmc', 'sm_permission', 'login', '1', null, '127.0.0.1', null, null);
INSERT INTO `pcmc_log` VALUES ('402881f1535aa7fa01535aa7fab30001', '40288009530b9c8901530bb1a1830005', '2016-03-09 17:14:31', '2016-03-09 17:14:31', 'pcmc', 'sm_permission', 'login', '1', null, '127.0.0.1', null, null);
INSERT INTO `pcmc_log` VALUES ('402881f1535ac18901535ac1893b0001', '40288009530b9c8901530bb1a1830005', '2016-03-09 17:42:25', '2016-03-09 17:42:26', 'pcmc', 'sm_permission', 'login', '1', null, '127.0.0.1', null, null);
INSERT INTO `pcmc_log` VALUES ('402881f1535e15b201535e15b2c90001', '40288009530b9c8901530bb1a1830005', '2016-03-10 09:13:13', '2016-03-10 09:13:13', 'pcmc', 'sm_permission', 'login', '1', null, '127.0.0.1', null, null);
INSERT INTO `pcmc_log` VALUES ('402881f1535e15b201535e317dec0003', '40288009530b9c8901530bb1a1830005', '2016-03-10 09:43:35', '2016-03-10 09:43:35', 'pcmc', 'sm_permission', 'login', '1', null, '127.0.0.1', null, null);
INSERT INTO `pcmc_log` VALUES ('402881f1535e15b201535e4064530005', '40288009530b9c8901530bb1a1830005', '2016-03-10 09:59:51', '2016-03-10 09:59:51', 'pcmc', 'sm_permission', 'login', '1', null, '127.0.0.1', null, null);
INSERT INTO `pcmc_log` VALUES ('402881f1535e75d401535e75d43f0001', '40288009530b9c8901530bb1a1830005', '2016-03-10 10:58:13', '2016-03-10 10:58:13', 'pcmc', 'sm_permission', 'login', '1', null, '127.0.0.1', null, null);
INSERT INTO `pcmc_log` VALUES ('402881f1535e8a0a01535e8a0afd0001', '40288009530b9c8901530bb1a1830005', '2016-03-10 11:20:18', '2016-03-10 11:20:18', 'pcmc', 'sm_permission', 'login', '1', null, '127.0.0.1', null, null);
INSERT INTO `pcmc_log` VALUES ('402881f1535e8a0a01535f09d1900003', '40288009530b9c8901530bb1a1830005', '2016-03-10 13:39:52', '2016-03-10 13:39:52', 'pcmc', 'sm_permission', 'login', '1', null, '127.0.0.1', null, null);
INSERT INTO `pcmc_log` VALUES ('402881f1535f522d01535f522d8b0001', '40288009530b9c8901530bb1a1830005', '2016-03-10 14:58:53', '2016-03-10 14:58:54', 'pcmc', 'sm_permission', 'login', '1', null, '127.0.0.1', null, null);
INSERT INTO `pcmc_log` VALUES ('402881f1535f522d01535f5606010003', '40288009530b9c8901530bb1a1830005', '2016-03-10 15:03:06', '2016-03-10 15:03:06', 'pcmc', 'sm_permission', 'login', '1', null, '127.0.0.1', null, null);
INSERT INTO `pcmc_log` VALUES ('402881f1535f522d01535f948e640005', '40288009530b9c8901530bb1a1830005', '2016-03-10 16:11:24', '2016-03-10 16:11:24', 'pcmc', 'sm_permission', 'login', '1', null, '127.0.0.1', null, null);
INSERT INTO `pcmc_log` VALUES ('402881f1535fa33101535fa331720001', '40288009530b9c8901530bb1a1830005', '2016-03-10 16:27:23', '2016-03-10 16:27:23', 'pcmc', 'sm_permission', 'login', '1', null, '127.0.0.1', null, null);
INSERT INTO `pcmc_log` VALUES ('402881f1535fa33101535fcdaf960003', '40288009530b9c8901530bb1a1830005', '2016-03-10 17:13:48', '2016-03-10 17:13:48', 'pcmc', 'sm_permission', 'login', '1', null, '127.0.0.1', null, null);
INSERT INTO `pcmc_log` VALUES ('402881f1535fa33101535fd2e9140005', '40288009530b9c8901530bb1a1830005', '2016-03-10 17:19:30', '2016-03-10 17:19:31', 'pcmc', 'sm_permission', 'login', '1', null, '127.0.0.1', null, null);
INSERT INTO `pcmc_log` VALUES ('402881f1536345220153634522740001', '40288009530b9c8901530bb1a1830005', '2016-03-11 09:23:08', '2016-03-11 09:23:08', 'pcmc', 'sm_permission', 'login', '1', null, '127.0.0.1', null, null);
INSERT INTO `pcmc_log` VALUES ('402881f1537328f201537328f3060001', '40288009530b9c8901530bb1a1830005', '2016-03-14 11:26:16', '2016-03-14 11:26:16', 'pcmc', 'sm_permission', 'login', '1', null, '127.0.0.1', null, null);
INSERT INTO `pcmc_log` VALUES ('402881f1537498ae01537498aeac0001', '1', '2016-03-14 18:07:55', '2016-03-14 18:07:56', 'pcmc', 'sm_permission', 'login', '0', null, '192.168.1.113', null, null);
INSERT INTO `pcmc_log` VALUES ('402881f1537498ae01537498c3c60003', '1', '2016-03-14 18:08:01', '2016-03-14 18:08:01', 'pcmc', 'sm_permission', 'login', '1', null, '192.168.1.113', null, null);
INSERT INTO `pcmc_log` VALUES ('402881f1537498ae015374990ea50005', '1', '2016-03-14 18:08:21', '2016-03-14 18:08:21', 'pcmc', 'sm_permission', 'login', '1', null, '192.168.1.113', null, null);
INSERT INTO `pcmc_log` VALUES ('402881f1537498ae0153749bc0ca0007', '40288009530b9c8901530bb1a1830005', '2016-03-14 18:11:17', '2016-03-14 18:11:17', 'pcmc', 'sm_permission', 'login', '1', null, '192.168.1.113', null, null);
INSERT INTO `pcmc_log` VALUES ('402881f1537498ae015374a459570009', '40288009530b9c8901530bb1a1830005', '2016-03-14 18:20:41', '2016-03-14 18:20:41', 'pcmc', 'sm_permission', 'login', '1', null, '192.168.1.113', null, null);
INSERT INTO `pcmc_log` VALUES ('402881f1537498ae015374a919ab000b', '40288009530b9c8901530bb1a1830005', '2016-03-14 18:25:52', '2016-03-14 18:25:52', 'pcmc', 'sm_permission', 'login', '1', null, '192.168.1.113', null, null);
INSERT INTO `pcmc_log` VALUES ('402881f15378244b015378244bc90001', '40288009530b9c8901530bb1a1830005', '2016-03-15 10:39:17', '2016-03-15 10:39:17', 'pcmc', 'sm_permission', 'login', '1', null, '127.0.0.1', null, null);
INSERT INTO `pcmc_log` VALUES ('402881f15378244b01537824d3b50003', '40288009530b9c8901530bb1a1830005', '2016-03-15 10:39:52', '2016-03-15 10:39:52', 'pcmc', 'sm_permission', 'login', '1', null, '127.0.0.1', null, null);
INSERT INTO `pcmc_log` VALUES ('402881f15378244b01537827b01e0005', '40288009530b9c8901530bb1a1830005', '2016-03-15 10:43:00', '2016-03-15 10:43:00', 'pcmc', 'sm_permission', 'login', '1', null, '127.0.0.1', null, null);
INSERT INTO `pcmc_log` VALUES ('402881f15378244b01537828b31e0007', '40288009530b9c8901530bb1a1830005', '2016-03-15 10:44:06', '2016-03-15 10:44:06', 'pcmc', 'sm_permission', 'login', '1', null, '127.0.0.1', null, null);
INSERT INTO `pcmc_log` VALUES ('402881f15378244b0153782a37810009', '40288009530b9c8901530bb1a1830005', '2016-03-15 10:45:45', '2016-03-15 10:45:45', 'pcmc', 'sm_permission', 'login', '1', null, '127.0.0.1', null, null);
INSERT INTO `pcmc_log` VALUES ('402881f15378244b0153782ca81f000b', '40288009530b9c8901530bb1a1830005', '2016-03-15 10:48:25', '2016-03-15 10:48:25', 'pcmc', 'sm_permission', 'login', '1', null, '127.0.0.1', null, null);
INSERT INTO `pcmc_log` VALUES ('402881f15378244b0153782eee9d000d', '40288009530b9c8901530bb1a1830005', '2016-03-15 10:50:54', '2016-03-15 10:50:55', 'pcmc', 'sm_permission', 'login', '1', null, '127.0.0.1', null, null);
INSERT INTO `pcmc_log` VALUES ('402881f15378244b0153782f0348000f', '40288009530b9c8901530bb1a1830005', '2016-03-15 10:51:00', '2016-03-15 10:51:00', 'pcmc', 'sm_permission', 'login', '0', null, '127.0.0.1', null, null);
INSERT INTO `pcmc_log` VALUES ('402881f15378244b0153782f0d8e0011', '40288009530b9c8901530bb1a1830005', '2016-03-15 10:51:02', '2016-03-15 10:51:02', 'pcmc', 'sm_permission', 'login', '0', null, '127.0.0.1', null, null);
INSERT INTO `pcmc_log` VALUES ('402881f15378244b015378308b990013', '40288009530b9c8901530bb1a1830005', '2016-03-15 10:52:40', '2016-03-15 10:52:40', 'pcmc', 'sm_permission', 'login', '1', null, '127.0.0.1', null, null);
INSERT INTO `pcmc_log` VALUES ('402881f15378244b015378324d4f0015', '40288009530b9c8901530bb1a1830005', '2016-03-15 10:54:35', '2016-03-15 10:54:35', 'pcmc', 'sm_permission', 'login', '0', null, '127.0.0.1', null, null);
INSERT INTO `pcmc_log` VALUES ('402881f15378244b0153783280120017', '40288009530b9c8901530bb1a1830005', '2016-03-15 10:54:48', '2016-03-15 10:54:48', 'pcmc', 'sm_permission', 'login', '0', null, '127.0.0.1', null, null);
INSERT INTO `pcmc_log` VALUES ('402881f15378244b01537833928d0019', '40288009530b9c8901530bb1a1830005', '2016-03-15 10:55:59', '2016-03-15 10:55:59', 'pcmc', 'sm_permission', 'login', '1', null, '127.0.0.1', null, null);
INSERT INTO `pcmc_log` VALUES ('402881f15378244b01537833a9bd001b', '40288009530b9c8901530bb1a1830005', '2016-03-15 10:56:04', '2016-03-15 10:56:05', 'pcmc', 'sm_permission', 'login', '0', null, '127.0.0.1', null, null);
INSERT INTO `pcmc_log` VALUES ('402881f15378244b01537833c578001d', '40288009530b9c8901530bb1a1830005', '2016-03-15 10:56:12', '2016-03-15 10:56:12', 'pcmc', 'sm_permission', 'login', '0', null, '127.0.0.1', null, null);
INSERT INTO `pcmc_log` VALUES ('402881f15378244b01537836b661001f', '40288009530b9c8901530bb1a1830005', '2016-03-15 10:59:24', '2016-03-15 10:59:24', 'pcmc', 'sm_permission', 'login', '1', null, '127.0.0.1', null, null);
INSERT INTO `pcmc_log` VALUES ('402881f15378244b01537836d1060021', '40288009530b9c8901530bb1a1830005', '2016-03-15 10:59:31', '2016-03-15 10:59:31', 'pcmc', 'sm_permission', 'login', '0', null, '127.0.0.1', null, null);
INSERT INTO `pcmc_log` VALUES ('402881f15378244b01537837a3a90023', '40288009530b9c8901530bb1a1830005', '2016-03-15 11:00:25', '2016-03-15 11:00:25', 'pcmc', 'sm_permission', 'login', '1', null, '127.0.0.1', null, null);
INSERT INTO `pcmc_log` VALUES ('402881f15378244b01537837b0870025', '40288009530b9c8901530bb1a1830005', '2016-03-15 11:00:28', '2016-03-15 11:00:28', 'pcmc', 'sm_permission', 'login', '0', null, '127.0.0.1', null, null);
INSERT INTO `pcmc_log` VALUES ('402881f15378244b01537837ef9d0027', '40288009530b9c8901530bb1a1830005', '2016-03-15 11:00:44', '2016-03-15 11:00:45', 'pcmc', 'sm_permission', 'login', '0', null, '127.0.0.1', null, null);
INSERT INTO `pcmc_log` VALUES ('402881f15378244b0153783c84140029', '40288009530b9c8901530bb1a1830005', '2016-03-15 11:03:29', '2016-03-15 11:05:45', 'pcmc', 'sm_permission', 'login', '0', null, '127.0.0.1', null, null);
INSERT INTO `pcmc_log` VALUES ('402881f15378244b0153783cc360002b', '40288009530b9c8901530bb1a1830005', '2016-03-15 11:05:59', '2016-03-15 11:06:01', 'pcmc', 'sm_permission', 'login', '1', null, '127.0.0.1', null, null);
INSERT INTO `pcmc_log` VALUES ('402881f15378244b0153783f2087002d', '40288009530b9c8901530bb1a1830005', '2016-03-15 11:06:07', '2016-03-15 11:08:36', 'pcmc', 'sm_permission', 'login', '0', null, '127.0.0.1', null, null);
INSERT INTO `pcmc_log` VALUES ('402881f15378244b01537841c38c002f', '40288009530b9c8901530bb1a1830005', '2016-03-15 11:08:39', '2016-03-15 11:11:29', 'pcmc', 'sm_permission', 'login', '0', null, '127.0.0.1', null, null);
INSERT INTO `pcmc_log` VALUES ('402881f15378244b015378441ca30031', '40288009530b9c8901530bb1a1830005', '2016-03-15 11:14:02', '2016-03-15 11:14:03', 'pcmc', 'sm_permission', 'login', '0', null, '192.168.1.100', null, null);
INSERT INTO `pcmc_log` VALUES ('402881f15378244b0153784640460033', '40288009530b9c8901530bb1a1830005', '2016-03-15 11:15:40', '2016-03-15 11:16:23', 'pcmc', 'sm_permission', 'login', '1', null, '127.0.0.1', null, null);
INSERT INTO `pcmc_log` VALUES ('402881f15378244b0153784766b60035', '40288009530b9c8901530bb1a1830005', '2016-03-15 11:17:02', '2016-03-15 11:17:38', 'pcmc', 'sm_permission', 'login', '0', null, '127.0.0.1', null, null);
INSERT INTO `pcmc_log` VALUES ('402881f15378244b0153784ac9c00037', '40288009530b9c8901530bb1a1830005', '2016-03-15 11:21:16', '2016-03-15 11:21:20', 'pcmc', 'sm_permission', 'login', '0', null, '127.0.0.1', null, null);
INSERT INTO `pcmc_log` VALUES ('402881f15378244b0153784b353d0039', '40288009530b9c8901530bb1a1830005', '2016-03-15 11:21:43', '2016-03-15 11:21:48', 'pcmc', 'sm_permission', 'login', '1', null, '127.0.0.1', null, null);
INSERT INTO `pcmc_log` VALUES ('402881f15378244b0153784b9264003b', '40288009530b9c8901530bb1a1830005', '2016-03-15 11:21:54', '2016-03-15 11:22:11', 'pcmc', 'sm_permission', 'login', '0', null, '127.0.0.1', null, null);
INSERT INTO `pcmc_log` VALUES ('402881f15378244b01537850c792003d', '40288009530b9c8901530bb1a1830005', '2016-03-15 11:27:53', '2016-03-15 11:27:53', 'pcmc', 'sm_permission', 'login', '1', null, '127.0.0.1', null, null);
INSERT INTO `pcmc_log` VALUES ('402881f15378244b01537857f6fa003f', '40288009530b9c8901530bb1a1830005', '2016-03-15 11:35:44', '2016-03-15 11:35:44', 'pcmc', 'sm_permission', 'login', '0', null, '127.0.0.1', null, null);
INSERT INTO `pcmc_log` VALUES ('402881f15378244b015378589a0b0041', '40288009530b9c8901530bb1a1830005', '2016-03-15 11:36:09', '2016-03-15 11:36:25', 'pcmc', 'sm_permission', 'login', '0', null, '127.0.0.1', null, null);
INSERT INTO `pcmc_log` VALUES ('402881f15378244b0153785b90080043', '40288009530b9c8901530bb1a1830005', '2016-03-15 11:39:32', '2016-03-15 11:39:39', 'pcmc', 'sm_permission', 'login', '1', null, '127.0.0.1', null, null);
INSERT INTO `pcmc_log` VALUES ('402881f15378244b0153785bea170045', '40288009530b9c8901530bb1a1830005', '2016-03-15 11:39:58', '2016-03-15 11:40:02', 'pcmc', 'sm_permission', 'login', '0', null, '127.0.0.1', null, null);
INSERT INTO `pcmc_log` VALUES ('402881f15378244b015378691e660047', '40288009530b9c8901530bb1a1830005', '2016-03-15 11:53:31', '2016-03-15 11:54:28', 'pcmc', 'sm_permission', 'login', '0', null, '127.0.0.1', null, null);
INSERT INTO `pcmc_log` VALUES ('402881f15378244b0153786aac050049', '40288009530b9c8901530bb1a1830005', '2016-03-15 11:54:40', '2016-03-15 11:56:10', 'pcmc', 'sm_permission', 'login', '1', null, '127.0.0.1', null, null);
INSERT INTO `pcmc_log` VALUES ('402881f15378244b0153786b6511004b', '40288009530b9c8901530bb1a1830005', '2016-03-15 11:56:19', '2016-03-15 11:56:57', 'pcmc', 'sm_permission', 'login', '0', null, '127.0.0.1', null, null);
INSERT INTO `pcmc_log` VALUES ('402881f15378244b015378704326004d', '40288009530b9c8901530bb1a1830005', '2016-03-15 12:02:12', '2016-03-15 12:02:16', 'pcmc', 'sm_permission', 'login', '0', null, '127.0.0.1', null, null);
INSERT INTO `pcmc_log` VALUES ('402881f15378244b01537870737b004f', '40288009530b9c8901530bb1a1830005', '2016-03-15 12:02:25', '2016-03-15 12:02:28', 'pcmc', 'sm_permission', 'login', '1', null, '127.0.0.1', null, null);
INSERT INTO `pcmc_log` VALUES ('402881f15378244b01537870a7d60051', '40288009530b9c8901530bb1a1830005', '2016-03-15 12:02:34', '2016-03-15 12:02:42', 'pcmc', 'sm_permission', 'login', '1', null, '127.0.0.1', null, null);
INSERT INTO `pcmc_log` VALUES ('402881f15378244b01537884d5190053', '40288009530b9c8901530bb1a1830005', '2016-03-15 12:24:44', '2016-03-15 12:24:44', 'pcmc', 'sm_permission', 'login', '1', null, '127.0.0.1', null, null);
INSERT INTO `pcmc_log` VALUES ('402881f15378244b015378cebd0c0055', '40288009530b9c8901530bb1a1830005', '2016-03-15 13:45:28', '2016-03-15 13:45:28', 'pcmc', 'sm_permission', 'login', '0', null, '127.0.0.1', null, null);
INSERT INTO `pcmc_log` VALUES ('402881f15378244b015378cf44b30057', '40288009530b9c8901530bb1a1830005', '2016-03-15 13:46:02', '2016-03-15 13:46:02', 'pcmc', 'sm_permission', 'login', '1', null, '127.0.0.1', null, null);
INSERT INTO `pcmc_log` VALUES ('402881f15378244b015378cfe1c00059', '40288009530b9c8901530bb1a1830005', '2016-03-15 13:46:42', '2016-03-15 13:46:43', 'pcmc', 'sm_permission', 'login', '1', null, '127.0.0.1', null, null);
INSERT INTO `pcmc_log` VALUES ('402881f15378244b015378d03e72005b', '40288009530b9c8901530bb1a1830005', '2016-03-15 13:47:06', '2016-03-15 13:47:06', 'pcmc', 'sm_permission', 'login', '0', null, '127.0.0.1', null, null);
INSERT INTO `pcmc_log` VALUES ('402881f15378244b015378d04d25005d', '40288009530b9c8901530bb1a1830005', '2016-03-15 13:47:10', '2016-03-15 13:47:10', 'pcmc', 'sm_permission', 'login', '1', null, '127.0.0.1', null, null);
INSERT INTO `pcmc_log` VALUES ('402881f15378244b015378d2328b005f', '40288009530b9c8901530bb1a1830005', '2016-03-15 13:49:14', '2016-03-15 13:49:14', 'pcmc', 'sm_permission', 'login', '0', null, '127.0.0.1', null, null);
INSERT INTO `pcmc_log` VALUES ('402881f15378244b015378d23ed50061', '40288009530b9c8901530bb1a1830005', '2016-03-15 13:49:17', '2016-03-15 13:49:17', 'pcmc', 'sm_permission', 'login', '1', null, '127.0.0.1', null, null);
INSERT INTO `pcmc_log` VALUES ('402881f15378244b015378d24f5e0063', '40288009530b9c8901530bb1a1830005', '2016-03-15 13:49:22', '2016-03-15 13:49:22', 'pcmc', 'sm_permission', 'login', '1', null, '127.0.0.1', null, null);
INSERT INTO `pcmc_log` VALUES ('402881f15378244b015378d309a40065', '40288009530b9c8901530bb1a1830005', '2016-03-15 13:50:09', '2016-03-15 13:50:09', 'pcmc', 'sm_permission', 'login', '1', null, '127.0.0.1', null, null);
INSERT INTO `pcmc_log` VALUES ('402881f15378244b015378d355ba0067', '40288009530b9c8901530bb1a1830005', '2016-03-15 13:50:29', '2016-03-15 13:50:29', 'pcmc', 'sm_permission', 'login', '0', null, '127.0.0.1', null, null);
INSERT INTO `pcmc_log` VALUES ('402881f15378244b015378d3ef100069', '40288009530b9c8901530bb1a1830005', '2016-03-15 13:51:08', '2016-03-15 13:51:08', 'pcmc', 'sm_permission', 'login', '0', null, '127.0.0.1', null, null);
INSERT INTO `pcmc_log` VALUES ('402881f15378244b015378d409f6006b', '40288009530b9c8901530bb1a1830005', '2016-03-15 13:51:15', '2016-03-15 13:51:15', 'pcmc', 'sm_permission', 'login', '1', null, '127.0.0.1', null, null);
INSERT INTO `pcmc_log` VALUES ('402881f15378244b015378d60f78006d', '40288009530b9c8901530bb1a1830005', '2016-03-15 13:53:27', '2016-03-15 13:53:27', 'pcmc', 'sm_permission', 'login', '0', null, '127.0.0.1', null, null);
INSERT INTO `pcmc_log` VALUES ('402881f15378244b015378d6111a006f', '40288009530b9c8901530bb1a1830005', '2016-03-15 13:53:28', '2016-03-15 13:53:28', 'pcmc', 'sm_permission', 'login', '0', null, '127.0.0.1', null, null);
INSERT INTO `pcmc_log` VALUES ('402881f15378244b015378d6b8cb0071', '40288009530b9c8901530bb1a1830005', '2016-03-15 13:54:11', '2016-03-15 13:54:11', 'pcmc', 'sm_permission', 'login', '0', null, '127.0.0.1', null, null);
INSERT INTO `pcmc_log` VALUES ('402881f15378244b015378d6c1290073', '40288009530b9c8901530bb1a1830005', '2016-03-15 13:54:13', '2016-03-15 13:54:13', 'pcmc', 'sm_permission', 'login', '0', null, '127.0.0.1', null, null);
INSERT INTO `pcmc_log` VALUES ('402881f15378244b015378d891660075', '40288009530b9c8901530bb1a1830005', '2016-03-15 13:56:12', '2016-03-15 13:56:12', 'pcmc', 'sm_permission', 'login', '1', null, '127.0.0.1', null, null);
INSERT INTO `pcmc_log` VALUES ('402881f15378244b015378df67de0077', '40288009530b9c8901530bb1a1830005', '2016-03-15 14:03:40', '2016-03-15 14:03:40', 'pcmc', 'sm_permission', 'login', '1', null, '127.0.0.1', null, null);
INSERT INTO `pcmc_log` VALUES ('402881f15378244b015378e01e3f0079', '40288009530b9c8901530bb1a1830005', '2016-03-15 14:04:26', '2016-03-15 14:04:27', 'pcmc', 'sm_permission', 'login', '1', null, '127.0.0.1', null, null);
INSERT INTO `pcmc_log` VALUES ('402881f15378244b015378e11f19007b', '40288009530b9c8901530bb1a1830005', '2016-03-15 14:05:32', '2016-03-15 14:05:32', 'pcmc', 'sm_permission', 'login', '1', null, '192.168.1.100', null, null);
INSERT INTO `pcmc_log` VALUES ('402881f15378244b015378e26d11007d', '40288009530b9c8901530bb1a1830005', '2016-03-15 14:06:58', '2016-03-15 14:06:58', 'pcmc', 'sm_permission', 'login', '1', null, '127.0.0.1', null, null);
INSERT INTO `pcmc_log` VALUES ('402881f15378244b015378eacacd007f', '40288009530b9c8901530bb1a1830005', '2016-03-15 14:16:06', '2016-03-15 14:16:06', 'pcmc', 'sm_permission', 'login', '0', null, '192.168.1.100', null, null);
INSERT INTO `pcmc_log` VALUES ('402881f15378244b015378eb2e5e0081', '40288009530b9c8901530bb1a1830005', '2016-03-15 14:16:31', '2016-03-15 14:16:32', 'pcmc', 'sm_permission', 'login', '1', null, '192.168.1.100', null, null);
INSERT INTO `pcmc_log` VALUES ('402881f1537977d401537977d4d20001', '40288009530b9c8901530bb1a1830005', '2016-03-15 16:50:09', '2016-03-15 16:50:09', 'pcmc', 'sm_permission', 'login', '1', null, '127.0.0.1', null, null);
INSERT INTO `pcmc_log` VALUES ('402881f1537977d40153797d664f0003', '40288009530b9c8901530bb1a1830005', '2016-03-15 16:56:14', '2016-03-15 16:56:14', 'pcmc', 'sm_permission', 'login', '1', null, '127.0.0.1', null, null);
INSERT INTO `pcmc_log` VALUES ('402881f153879ba90153879ba9ce0001', '40288009530b9c8901530bb1a1830005', '2016-03-18 10:43:56', '2016-03-18 10:43:59', 'pcmc', 'sm_permission', 'login', '1', null, '127.0.0.1', null, null);
INSERT INTO `pcmc_log` VALUES ('402881f153879ba90153883a76810003', '40288009530b9c8901530bb1a1830005', '2016-03-18 13:37:26', '2016-03-18 13:37:26', 'pcmc', 'sm_permission', 'login', '1', null, '127.0.0.1', null, null);
INSERT INTO `pcmc_log` VALUES ('402881f153879ba90153883b1a6a0005', '40288009530b9c8901530bb1a1830005', '2016-03-18 13:38:08', '2016-03-18 13:38:08', 'pcmc', 'sm_permission', 'login', '1', null, '127.0.0.1', null, null);
INSERT INTO `pcmc_log` VALUES ('402881f153879ba90153883bd8c60007', '40288009530b9c8901530bb1a1830005', '2016-03-18 13:38:56', '2016-03-18 13:38:56', 'pcmc', 'sm_permission', 'login', '0', null, '127.0.0.1', null, null);
INSERT INTO `pcmc_log` VALUES ('402881f153879ba90153883bf50c0009', '40288009530b9c8901530bb1a1830005', '2016-03-18 13:39:03', '2016-03-18 13:39:04', 'pcmc', 'sm_permission', 'login', '1', null, '127.0.0.1', null, null);
INSERT INTO `pcmc_log` VALUES ('402881f153879ba90153883d0aba000b', '40288009530b9c8901530bb1a1830005', '2016-03-18 13:40:15', '2016-03-18 13:40:15', 'pcmc', 'sm_permission', 'login', '1', null, '127.0.0.1', null, null);
INSERT INTO `pcmc_log` VALUES ('402881f153879ba90153883d1ff6000d', '40288009530b9c8901530bb1a1830005', '2016-03-18 13:40:20', '2016-03-18 13:40:20', 'pcmc', 'sm_permission', 'login', '1', null, '127.0.0.1', null, null);
INSERT INTO `pcmc_log` VALUES ('402881f153879ba901538840cee4000f', '40288009530b9c8901530bb1a1830005', '2016-03-18 13:44:21', '2016-03-18 13:44:21', 'pcmc', 'sm_permission', 'login', '1', null, '127.0.0.1', null, null);
INSERT INTO `pcmc_log` VALUES ('402881f153879ba90153884b2f890011', '40288009530b9c8901530bb1a1830005', '2016-03-18 13:55:42', '2016-03-18 13:55:42', 'pcmc', 'sm_permission', 'login', '1', null, '127.0.0.1', null, null);
INSERT INTO `pcmc_log` VALUES ('402881f153970fac0153970facd10001', '40288009530b9c8901530bb1a1830005', '2016-03-21 10:44:59', '2016-03-21 10:45:00', 'pcmc', 'sm_permission', 'login', '1', null, '127.0.0.1', null, null);
INSERT INTO `pcmc_log` VALUES ('402881f1539726390153972639fa0001', '40288009530b9c8901530bb1a1830005', '2016-03-21 11:09:37', '2016-03-21 11:09:38', 'pcmc', 'sm_permission', 'login', '1', null, '127.0.0.1', null, null);
INSERT INTO `pcmc_log` VALUES ('402881f153973fa50153973fa5f10001', '40288009530b9c8901530bb1a1830005', '2016-03-21 11:37:23', '2016-03-21 11:37:24', 'pcmc', 'sm_permission', 'login', '1', null, '127.0.0.1', null, null);
INSERT INTO `pcmc_log` VALUES ('402881f153973fa5015397b40f5c0003', '40288009530b9c8901530bb1a1830005', '2016-03-21 13:44:33', '2016-03-21 13:44:33', 'pcmc', 'sm_permission', 'login', '1', null, '127.0.0.1', null, null);
INSERT INTO `pcmc_log` VALUES ('402881f153973fa5015397b4569c0005', '40288009530b9c8901530bb1a1830005', '2016-03-21 13:44:51', '2016-03-21 13:44:51', 'pcmc', 'sm_permission', 'login', '1', null, '127.0.0.1', null, null);
INSERT INTO `pcmc_log` VALUES ('402881f15398671001539867104d0001', '40288009530b9c8901530bb1a1830005', '2016-03-21 17:00:04', '2016-03-21 17:00:04', 'pcmc', 'sm_permission', 'login', '1', null, '127.0.0.1', null, null);
INSERT INTO `pcmc_log` VALUES ('402881f1539868b201539868b3200001', '40288009530b9c8901530bb1a1830005', '2016-03-21 17:01:51', '2016-03-21 17:01:51', 'pcmc', 'sm_permission', 'login', '1', null, '127.0.0.1', null, null);
INSERT INTO `pcmc_log` VALUES ('402881f1539868b201539868b5fb0003', '40288009530b9c8901530bb1a1830005', '2016-03-21 17:01:52', '2016-03-21 17:01:52', 'pcmc', 'sm_permission', 'login', '1', null, '127.0.0.1', null, null);
INSERT INTO `pcmc_log` VALUES ('402881f153986baf0153986bafbc0002', '40288009530b9c8901530bb1a1830005', '2016-03-21 17:05:07', '2016-03-21 17:05:07', 'pcmc', 'sm_permission', 'login', '1', null, '127.0.0.1', null, null);
INSERT INTO `pcmc_log` VALUES ('402881f153986baf0153986bafd30003', '40288009530b9c8901530bb1a1830005', '2016-03-21 17:05:07', '2016-03-21 17:05:07', 'pcmc', 'sm_permission', 'login', '1', null, '127.0.0.1', null, null);
INSERT INTO `pcmc_log` VALUES ('402881f153989c890153989c89e30001', '40288009530b9c8901530bb1a1830005', '2016-03-21 17:58:28', '2016-03-21 17:58:29', 'pcmc', 'sm_permission', 'login', '1', null, '127.0.0.1', null, null);
INSERT INTO `pcmc_log` VALUES ('402881f1539be92301539be923d30001', '40288009530b9c8901530bb1a1830005', '2016-03-22 09:21:00', '2016-03-22 09:21:00', 'pcmc', 'sm_permission', 'login', '1', null, '127.0.0.1', null, null);
INSERT INTO `pcmc_log` VALUES ('402881f1539be92301539c481dc70003', '40288009530b9c8901530bb1a1830005', '2016-03-22 11:04:45', '2016-03-22 11:04:45', 'pcmc', 'sm_permission', 'login', '1', null, '127.0.0.1', null, null);
INSERT INTO `pcmc_log` VALUES ('402881f1539be92301539c6ae666000b', '1', '2016-03-22 11:42:44', '2016-03-22 11:42:44', 'pcmc', 'sm_permission', 'login', '1', null, '127.0.0.1', null, null);
INSERT INTO `pcmc_log` VALUES ('402881f1539be92301539cd660bb000d', '1', '2016-03-22 13:40:08', '2016-03-22 13:40:08', 'pcmc', 'sm_permission', 'login', '1', null, '127.0.0.1', null, null);
INSERT INTO `pcmc_log` VALUES ('402881f1539cdb8a01539cdb8a1d0001', '1', '2016-03-22 13:45:46', '2016-03-22 13:45:46', 'pcmc', 'sm_permission', 'login', '1', null, '127.0.0.1', null, null);
INSERT INTO `pcmc_log` VALUES ('402881f1539cdb8a01539d143b7e0003', '1', '2016-03-22 14:47:42', '2016-03-22 14:47:42', 'pcmc', 'sm_permission', 'login', '1', null, '127.0.0.1', null, null);
INSERT INTO `pcmc_log` VALUES ('402881f1539cdb8a01539d18945d0005', '40288009530b9c8901530bb1a1830005', '2016-03-22 14:52:26', '2016-03-22 14:52:27', 'pcmc', 'sm_permission', 'login', '1', null, '127.0.0.1', null, null);
INSERT INTO `pcmc_log` VALUES ('402881f1539cdb8a01539d19168b0007', '1', '2016-03-22 14:53:00', '2016-03-22 14:53:00', 'pcmc', 'sm_permission', 'login', '1', null, '127.0.0.1', null, null);
INSERT INTO `pcmc_log` VALUES ('402881f1539d294101539d2941ef0001', '1', '2016-03-22 15:10:39', '2016-03-22 15:10:40', 'pcmc', 'sm_permission', 'login', '1', null, '127.0.0.1', null, null);
INSERT INTO `pcmc_log` VALUES ('402881f1539d549d01539d549db20001', '1', '2016-03-22 15:58:01', '2016-03-22 15:58:01', 'pcmc', 'sm_permission', 'login', '1', null, '127.0.0.1', null, null);
INSERT INTO `pcmc_log` VALUES ('402881f1539d631e01539d631ed60001', '1', '2016-03-22 16:13:51', '2016-03-22 16:13:52', 'pcmc', 'sm_permission', 'login', '1', null, '127.0.0.1', null, null);
INSERT INTO `pcmc_log` VALUES ('402881f1539d685f01539d685f740001', '1', '2016-03-22 16:19:35', '2016-03-22 16:19:36', 'pcmc', 'sm_permission', 'login', '1', null, '127.0.0.1', null, null);
INSERT INTO `pcmc_log` VALUES ('402881f1539d685f01539d7716fc0003', '1', '2016-03-22 16:35:40', '2016-03-22 16:35:40', 'pcmc', 'sm_permission', 'login', '1', null, '127.0.0.1', null, null);
INSERT INTO `pcmc_log` VALUES ('402881f1539d685f01539d7914230005', '40288009530b9c8901530bb1a1830005', '2016-03-22 16:37:51', '2016-03-22 16:37:51', 'pcmc', 'sm_permission', 'login', '1', null, '127.0.0.1', null, null);
INSERT INTO `pcmc_log` VALUES ('402881f1539d685f01539d7950c50007', '1', '2016-03-22 16:38:06', '2016-03-22 16:38:06', 'pcmc', 'sm_permission', 'login', '1', null, '127.0.0.1', null, null);
INSERT INTO `pcmc_log` VALUES ('402881f1539d7b0901539d7b09240001', '1', '2016-03-22 16:39:59', '2016-03-22 16:39:59', 'pcmc', 'sm_permission', 'login', '1', null, '127.0.0.1', null, null);
INSERT INTO `pcmc_log` VALUES ('402881f1539d7dd201539d7dd25c0001', '1', '2016-03-22 16:43:01', '2016-03-22 16:43:02', 'pcmc', 'sm_permission', 'login', '1', null, '127.0.0.1', null, null);
INSERT INTO `pcmc_log` VALUES ('402881f1539dc94a01539dc94a7f0001', '1', '2016-03-22 18:05:27', '2016-03-22 18:05:28', 'pcmc', 'sm_permission', 'login', '1', null, '127.0.0.1', null, null);
INSERT INTO `pcmc_log` VALUES ('402881f153a114450153a11445890001', '1', '2016-03-23 09:26:13', '2016-03-23 09:26:13', 'pcmc', 'sm_permission', 'login', '1', null, '127.0.0.1', null, null);
INSERT INTO `pcmc_log` VALUES ('402881f153a15a690153a15a6a0b0001', '1', '2016-03-23 10:42:50', '2016-03-23 10:42:50', 'pcmc', 'sm_permission', 'login', '1', null, '127.0.0.1', null, null);
INSERT INTO `pcmc_log` VALUES ('402881f153a15e100153a15e10e80001', '1', '2016-03-23 10:46:49', '2016-03-23 10:46:49', 'pcmc', 'sm_permission', 'login', '1', null, '127.0.0.1', null, null);
INSERT INTO `pcmc_log` VALUES ('402881f153a167c50153a167c5840001', '1', '2016-03-23 10:57:25', '2016-03-23 10:57:25', 'pcmc', 'sm_permission', 'login', '1', null, '127.0.0.1', null, null);
INSERT INTO `pcmc_log` VALUES ('402881f153a167c50153a205c7720003', '1', '2016-03-23 13:50:00', '2016-03-23 13:50:01', 'pcmc', 'sm_permission', 'login', '1', null, '127.0.0.1', null, null);
INSERT INTO `pcmc_log` VALUES ('402881f153a167c50153a26942d80005', '40288009530b9c8901530bb1a1830005', '2016-03-23 15:38:40', '2016-03-23 15:38:40', 'pcmc', 'sm_permission', 'login', '1', null, '127.0.0.1', null, null);
INSERT INTO `pcmc_log` VALUES ('402881f153a167c50153a26c9c590007', '40288009530b9c8901530bb1a1830005', '2016-03-23 15:42:20', '2016-03-23 15:42:20', 'pcmc', 'sm_permission', 'login', '1', null, '192.168.1.100', null, null);
INSERT INTO `pcmc_log` VALUES ('402881f153a167c50153a2710e460009', '40288009530b9c8901530bb1a1830005', '2016-03-23 15:47:11', '2016-03-23 15:47:11', 'pcmc', 'sm_permission', 'login', '1', null, '127.0.0.1', null, null);
INSERT INTO `pcmc_log` VALUES ('402881f153a167c50153a2712d20000b', '40288009530b9c8901530bb1a1830005', '2016-03-23 15:47:19', '2016-03-23 15:47:19', 'pcmc', 'sm_permission', 'login', '1', null, '127.0.0.1', null, null);
INSERT INTO `pcmc_log` VALUES ('402881f153a167c50153a2715745000d', '40288009530b9c8901530bb1a1830005', '2016-03-23 15:47:30', '2016-03-23 15:47:30', 'pcmc', 'sm_permission', 'login', '1', null, '127.0.0.1', null, null);
INSERT INTO `pcmc_log` VALUES ('402881f153a167c50153a277c40a000f', '40288009530b9c8901530bb1a1830005', '2016-03-23 15:54:31', '2016-03-23 15:54:31', 'pcmc', 'sm_permission', 'login', '1', null, '192.168.1.100', null, null);
INSERT INTO `pcmc_log` VALUES ('402881f153a167c50153a277f63a0011', '40288009530b9c8901530bb1a1830005', '2016-03-23 15:54:44', '2016-03-23 15:54:44', 'pcmc', 'sm_permission', 'login', '1', null, '192.168.1.100', null, null);
INSERT INTO `pcmc_log` VALUES ('402881f153a669650153a669658b0001', '40288009530b9c8901530bb1a1830005', '2016-03-24 10:17:17', '2016-03-24 10:17:18', 'pcmc', 'sm_permission', 'login', '1', null, '192.168.1.100', null, null);
INSERT INTO `pcmc_log` VALUES ('402881f153a669650153a669bd5e0003', '40288009530b9c8901530bb1a1830005', '2016-03-24 10:17:40', '2016-03-24 10:17:40', 'pcmc', 'sm_permission', 'login', '1', null, '192.168.1.100', null, null);
INSERT INTO `pcmc_log` VALUES ('402881f153a669650153a66aee400005', '40288009530b9c8901530bb1a1830005', '2016-03-24 10:18:58', '2016-03-24 10:18:59', 'pcmc', 'sm_permission', 'login', '1', null, '192.168.1.100', null, null);
INSERT INTO `pcmc_log` VALUES ('402881f153a669650153a66b43d40007', '40288009530b9c8901530bb1a1830005', '2016-03-24 10:19:20', '2016-03-24 10:19:20', 'pcmc', 'sm_permission', 'login', '0', null, '192.168.1.100', null, null);
INSERT INTO `pcmc_log` VALUES ('402881f153a669650153a66bb5c50009', '40288009530b9c8901530bb1a1830005', '2016-03-24 10:19:50', '2016-03-24 10:19:50', 'pcmc', 'sm_permission', 'login', '0', null, '192.168.1.100', null, null);
INSERT INTO `pcmc_log` VALUES ('402881f153a669650153a66bf40a000b', '40288009530b9c8901530bb1a1830005', '2016-03-24 10:20:05', '2016-03-24 10:20:06', 'pcmc', 'sm_permission', 'login', '1', null, '192.168.1.100', null, null);
INSERT INTO `pcmc_log` VALUES ('402881f153a669650153a66c7524000d', '40288009530b9c8901530bb1a1830005', '2016-03-24 10:20:38', '2016-03-24 10:20:39', 'pcmc', 'sm_permission', 'login', '1', null, '192.168.1.100', null, null);
INSERT INTO `pcmc_log` VALUES ('402881f153a669650153a66d7005000f', '40288009530b9c8901530bb1a1830005', '2016-03-24 10:21:43', '2016-03-24 10:21:43', 'pcmc', 'sm_permission', 'login', '0', null, '192.168.1.100', null, null);
INSERT INTO `pcmc_log` VALUES ('402881f153a669650153a66dc22a0011', '40288009530b9c8901530bb1a1830005', '2016-03-24 10:22:04', '2016-03-24 10:22:04', 'pcmc', 'sm_permission', 'login', '0', null, '192.168.1.100', null, null);
INSERT INTO `pcmc_log` VALUES ('402881f153a669650153a66debb20013', '40288009530b9c8901530bb1a1830005', '2016-03-24 10:22:14', '2016-03-24 10:22:14', 'pcmc', 'sm_permission', 'login', '1', null, '192.168.1.100', null, null);
INSERT INTO `pcmc_log` VALUES ('402881f153bbd2d10153bbd2d1780001', '40288009530b9c8901530bb1a1830005', '2016-03-28 14:04:28', '2016-03-28 14:04:28', 'pcmc', 'sm_permission', 'login', '0', null, '127.0.0.1', null, null);
INSERT INTO `pcmc_log` VALUES ('402881f153bbd2d10153bbd2fa340003', '40288009530b9c8901530bb1a1830005', '2016-03-28 14:04:39', '2016-03-28 14:04:39', 'pcmc', 'sm_permission', 'login', '1', null, '127.0.0.1', null, null);
INSERT INTO `pcmc_log` VALUES ('402881f153bbd8410153bbd841a60001', '40288009530b9c8901530bb1a1830005', '2016-03-28 14:10:24', '2016-03-28 14:10:25', 'pcmc', 'sm_permission', 'login', '1', null, '127.0.0.1', null, null);
INSERT INTO `pcmc_log` VALUES ('402881f153bbd8410153bbde783f0003', '40288009530b9c8901530bb1a1830005', '2016-03-28 14:17:12', '2016-03-28 14:17:12', 'pcmc', 'sm_permission', 'login', '0', null, '127.0.0.1', null, null);
INSERT INTO `pcmc_log` VALUES ('402881f153bbd8410153bbdf6cb60005', '40288009530b9c8901530bb1a1830005', '2016-03-28 14:18:14', '2016-03-28 14:18:15', 'pcmc', 'sm_permission', 'login', '1', null, '127.0.0.1', null, null);
INSERT INTO `pcmc_log` VALUES ('402881f153bbd8410153bbe4438e0007', '40288009530b9c8901530bb1a1830005', '2016-03-28 14:23:32', '2016-03-28 14:23:32', 'pcmc', 'sm_permission', 'login', '0', null, '127.0.0.1', null, null);
INSERT INTO `pcmc_log` VALUES ('402881f153bbd8410153bbe49d560009', '40288009530b9c8901530bb1a1830005', '2016-03-28 14:23:55', '2016-03-28 14:23:55', 'pcmc', 'sm_permission', 'login', '0', null, '127.0.0.1', null, null);
INSERT INTO `pcmc_log` VALUES ('402881f153bbd8410153bbe5667c000b', '40288009530b9c8901530bb1a1830005', '2016-03-28 14:24:46', '2016-03-28 14:24:46', 'pcmc', 'sm_permission', 'login', '0', null, '127.0.0.1', null, null);
INSERT INTO `pcmc_log` VALUES ('402881f153bbd8410153bbe9bf75000d', '40288009530b9c8901530bb1a1830005', '2016-03-28 14:29:31', '2016-03-28 14:29:31', 'pcmc', 'sm_permission', 'login', '1', null, '127.0.0.1', null, null);
INSERT INTO `pcmc_log` VALUES ('402881f153bbedee0153bbedeed00001', '40288009530b9c8901530bb1a1830005', '2016-03-28 14:34:05', '2016-03-28 14:34:05', 'pcmc', 'sm_permission', 'login', '1', null, '127.0.0.1', null, null);
INSERT INTO `pcmc_log` VALUES ('402881f153bbff090153bbff09cb0001', '40288009530b9c8901530bb1a1830005', '2016-03-28 14:52:46', '2016-03-28 14:52:46', 'pcmc', 'sm_permission', 'login', '1', null, '127.0.0.1', null, null);
INSERT INTO `pcmc_log` VALUES ('402881f153bc1c950153bc1c95c30001', '40288009530b9c8901530bb1a1830005', '2016-03-28 15:25:02', '2016-03-28 15:25:03', 'pcmc', 'sm_permission', 'login', '1', null, '127.0.0.1', null, null);
INSERT INTO `pcmc_log` VALUES ('402881f153bc25060153bc2506680001', '40288009530b9c8901530bb1a1830005', '2016-03-28 15:34:15', '2016-03-28 15:34:16', 'pcmc', 'sm_permission', 'login', '1', null, '127.0.0.1', null, null);
INSERT INTO `pcmc_log` VALUES ('402881f153bc25060153bc495d7c0003', '40288009530b9c8901530bb1a1830005', '2016-03-28 16:13:57', '2016-03-28 16:13:58', 'pcmc', 'sm_permission', 'login', '1', null, '127.0.0.1', null, null);
INSERT INTO `pcmc_log` VALUES ('402881f153bc25060153bc6ba8180006', '40288009530b9c8901530bb1a1830005', '2016-03-28 16:51:25', '2016-03-28 16:51:25', 'pcmc', 'sm_permission', 'login', '1', null, '127.0.0.1', null, null);
INSERT INTO `pcmc_log` VALUES ('402881f153bc25060153bca530e70008', '40288009530b9c8901530bb1a1830005', '2016-03-28 17:54:15', '2016-03-28 17:54:15', 'pcmc', 'sm_permission', 'login', '1', null, '127.0.0.1', null, null);
INSERT INTO `pcmc_log` VALUES ('402881f153bffd520153bffd52960001', '40288009530b9c8901530bb1a1830005', '2016-03-29 09:29:22', '2016-03-29 09:29:23', 'pcmc', 'sm_permission', 'login', '1', null, '127.0.0.1', null, null);
INSERT INTO `pcmc_log` VALUES ('402881f153c0169f0153c0169f560001', '40288009530b9c8901530bb1a1830005', '2016-03-29 09:57:00', '2016-03-29 09:57:01', 'pcmc', 'sm_permission', 'login', '1', null, '127.0.0.1', null, null);
INSERT INTO `pcmc_log` VALUES ('402881f153c02d790153c02d7a220001', '40288009530b9c8901530bb1a1830005', '2016-03-29 10:21:58', '2016-03-29 10:21:59', 'pcmc', 'sm_permission', 'login', '1', null, '127.0.0.1', null, null);
INSERT INTO `pcmc_log` VALUES ('402881f153c07c980153c07c98fe0001', '40288009530b9c8901530bb1a1830005', '2016-03-29 11:48:23', '2016-03-29 11:48:24', 'pcmc', 'sm_permission', 'login', '1', null, '127.0.0.1', null, null);
INSERT INTO `pcmc_log` VALUES ('402881f153c085b50153c085b5d20001', '40288009530b9c8901530bb1a1830005', '2016-03-29 11:58:21', '2016-03-29 11:58:21', 'pcmc', 'sm_permission', 'login', '1', null, '127.0.0.1', null, null);
INSERT INTO `pcmc_log` VALUES ('402881f153c085b50153c0e9d48a0003', '40288009530b9c8901530bb1a1830005', '2016-03-29 13:47:42', '2016-03-29 13:47:43', 'pcmc', 'sm_permission', 'login', '1', null, '127.0.0.1', null, null);
INSERT INTO `pcmc_log` VALUES ('402881f153c104fc0153c104fc880001', '40288009530b9c8901530bb1a1830005', '2016-03-29 14:17:22', '2016-03-29 14:17:22', 'pcmc', 'sm_permission', 'login', '1', null, '127.0.0.1', null, null);
INSERT INTO `pcmc_log` VALUES ('402881f153c177280153c17728270001', '40288009530b9c8901530bb1a1830005', '2016-03-29 16:22:04', '2016-03-29 16:22:05', 'pcmc', 'sm_permission', 'login', '1', null, '127.0.0.1', null, null);
INSERT INTO `pcmc_log` VALUES ('402881f153c178e30153c178e3c00001', '40288009530b9c8901530bb1a1830005', '2016-03-29 16:23:58', '2016-03-29 16:23:58', 'pcmc', 'sm_permission', 'login', '1', null, '127.0.0.1', null, null);
INSERT INTO `pcmc_log` VALUES ('402881f153c17dae0153c17daed60001', '40288009530b9c8901530bb1a1830005', '2016-03-29 16:29:12', '2016-03-29 16:29:12', 'pcmc', 'sm_permission', 'login', '0', null, '127.0.0.1', null, null);
INSERT INTO `pcmc_log` VALUES ('402881f153c17dae0153c17dcdfd0003', '40288009530b9c8901530bb1a1830005', '2016-03-29 16:29:20', '2016-03-29 16:29:20', 'pcmc', 'sm_permission', 'login', '1', null, '127.0.0.1', null, null);
INSERT INTO `pcmc_log` VALUES ('402881f153c1af200153c1af206d0001', '40288009530b9c8901530bb1a1830005', '2016-03-29 17:23:12', '2016-03-29 17:23:13', 'pcmc', 'sm_permission', 'login', '1', null, '127.0.0.1', null, null);
INSERT INTO `pcmc_log` VALUES ('402881f153c1d1190153c1d119930001', '40288009530b9c8901530bb1a1830005', '2016-03-29 18:00:19', '2016-03-29 18:00:19', 'pcmc', 'sm_permission', 'login', '1', null, '127.0.0.1', null, null);
INSERT INTO `pcmc_log` VALUES ('402881f153c1d3600153c1d360ed0001', '40288009530b9c8901530bb1a1830005', '2016-03-29 18:02:48', '2016-03-29 18:02:48', 'pcmc', 'sm_permission', 'login', '1', null, '127.0.0.1', null, null);
INSERT INTO `pcmc_log` VALUES ('402881f153c1d3600153c1fe530a0003', '40288009530b9c8901530bb1a1830005', '2016-03-29 18:49:43', '2016-03-29 18:49:43', 'pcmc', 'sm_permission', 'login', '0', null, '127.0.0.1', null, null);
INSERT INTO `pcmc_log` VALUES ('402881f153c1d3600153c1fe80580005', '40288009530b9c8901530bb1a1830005', '2016-03-29 18:49:54', '2016-03-29 18:49:55', 'pcmc', 'sm_permission', 'login', '1', null, '127.0.0.1', null, null);
INSERT INTO `pcmc_log` VALUES ('402881f153c2a8540153c2a854520001', '40288009530b9c8901530bb1a1830005', '2016-03-29 21:55:24', '2016-03-29 21:55:24', 'pcmc', 'sm_permission', 'login', '1', null, '127.0.0.1', null, null);
INSERT INTO `pcmc_log` VALUES ('402881f153c2aa330153c2aa33fe0001', '40288009530b9c8901530bb1a1830005', '2016-03-29 21:57:27', '2016-03-29 21:57:27', 'pcmc', 'sm_permission', 'login', '1', null, '127.0.0.1', null, null);
INSERT INTO `pcmc_log` VALUES ('402881f153c2b2790153c2b279240001', '40288009530b9c8901530bb1a1830005', '2016-03-29 22:06:29', '2016-03-29 22:06:29', 'pcmc', 'sm_permission', 'login', '1', null, '127.0.0.1', null, null);
INSERT INTO `pcmc_log` VALUES ('402881f153c522ab0153c522abce0001', '40288009530b9c8901530bb1a1830005', '2016-03-30 09:28:15', '2016-03-30 09:28:17', 'pcmc', 'sm_permission', 'login', '1', null, '127.0.0.1', null, null);
INSERT INTO `pcmc_log` VALUES ('402881f153c526920153c52692290001', '40288009530b9c8901530bb1a1830005', '2016-03-30 09:32:32', '2016-03-30 09:32:32', 'pcmc', 'sm_permission', 'login', '1', null, '127.0.0.1', null, null);
INSERT INTO `pcmc_log` VALUES ('402881f153c56c020153c56c031d0001', '40288009530b9c8901530bb1a1830005', '2016-03-30 10:48:23', '2016-03-30 10:48:23', 'pcmc', 'sm_permission', 'login', '1', null, '127.0.0.1', null, null);
INSERT INTO `pcmc_log` VALUES ('402881f153c56e8f0153c56e90150001', '40288009530b9c8901530bb1a1830005', '2016-03-30 10:51:10', '2016-03-30 10:51:10', 'pcmc', 'sm_permission', 'login', '1', null, '127.0.0.1', null, null);
INSERT INTO `pcmc_log` VALUES ('402881f153c5701a0153c5701a970001', '40288009530b9c8901530bb1a1830005', '2016-03-30 10:52:51', '2016-03-30 10:52:51', 'pcmc', 'sm_permission', 'login', '1', null, '127.0.0.1', null, null);
INSERT INTO `pcmc_log` VALUES ('402881f153c5701a0153c5ea28d70007', '40288009530b9c8901530bb1a1830005', '2016-03-30 13:06:10', '2016-03-30 13:06:10', 'pcmc', 'sm_permission', 'login', '1', null, '127.0.0.1', null, null);
INSERT INTO `pcmc_log` VALUES ('402881f153c5701a0153c5eaca4d0009', '1', '2016-03-30 13:06:52', '2016-03-30 13:06:52', 'pcmc', 'sm_permission', 'login', '1', null, '127.0.0.1', null, null);
INSERT INTO `pcmc_log` VALUES ('402881f153c61da90153c61daa070001', '40288009530b9c8901530bb1a1830005', '2016-03-30 14:02:25', '2016-03-30 14:02:26', 'pcmc', 'sm_permission', 'login', '1', null, '127.0.0.1', null, null);
INSERT INTO `pcmc_log` VALUES ('402881f153c61da90153c644577d0003', '40288009530b9c8901530bb1a1830005', '2016-03-30 14:44:40', '2016-03-30 14:44:40', 'pcmc', 'sm_permission', 'login', '1', null, '127.0.0.1', null, null);
INSERT INTO `pcmc_log` VALUES ('402881f153c645b80153c645b8790001', '40288009530b9c8901530bb1a1830005', '2016-03-30 14:46:10', '2016-03-30 14:46:11', 'pcmc', 'sm_permission', 'login', '1', null, '127.0.0.1', null, null);
INSERT INTO `pcmc_log` VALUES ('402881f153c645b80153c66e5a650003', '40288148532bfee801532c00a0930012', '2016-03-30 15:30:34', '2016-03-30 15:30:34', 'pcmc', 'sm_permission', 'login', '1', null, '127.0.0.1', null, null);
INSERT INTO `pcmc_log` VALUES ('402881f153c67c240153c67c24a40001', '40288148532bfee801532c00a0930012', '2016-03-30 15:45:37', '2016-03-30 15:45:37', 'pcmc', 'sm_permission', 'login', '0', null, '127.0.0.1', null, null);
INSERT INTO `pcmc_log` VALUES ('402881f153c67c240153c67c3fe60003', '40288148532bfee801532c00a0930012', '2016-03-30 15:45:44', '2016-03-30 15:45:44', 'pcmc', 'sm_permission', 'login', '1', null, '127.0.0.1', null, null);
INSERT INTO `pcmc_log` VALUES ('402881f153c68f340153c68f34760001', '40288148532bfee801532c00a0930012', '2016-03-30 16:06:26', '2016-03-30 16:06:27', 'pcmc', 'sm_permission', 'login', '1', null, '127.0.0.1', null, null);
INSERT INTO `pcmc_log` VALUES ('402881f153c6943e0153c6943f110001', '40288148532bfee801532c00a0930012', '2016-03-30 16:11:57', '2016-03-30 16:11:57', 'pcmc', 'sm_permission', 'login', '1', null, '127.0.0.1', null, null);
INSERT INTO `pcmc_log` VALUES ('402881f153c69c9a0153c69c9a490001', '40288148532bfee801532c00a0930012', '2016-03-30 16:21:04', '2016-03-30 16:21:05', 'pcmc', 'sm_permission', 'login', '1', null, '127.0.0.1', null, null);
INSERT INTO `pcmc_log` VALUES ('402881f153c69c9a0153c6a516360011', '40288148532bfee801532c00a0930012', '2016-03-30 16:30:21', '2016-03-30 16:30:21', 'pcmc', 'sm_permission', 'login', '1', null, '127.0.0.1', null, null);
INSERT INTO `pcmc_log` VALUES ('402881f153c69c9a0153c6a6a59e0013', '40288148532bfee801532c00a0930012', '2016-03-30 16:32:03', '2016-03-30 16:32:03', 'pcmc', 'sm_permission', 'login', '1', null, '127.0.0.1', null, null);
INSERT INTO `pcmc_log` VALUES ('402881f153c69c9a0153c6b7ac30001b', '40288148532bfee801532c00a0930012', '2016-03-30 16:50:39', '2016-03-30 16:50:39', 'pcmc', 'sm_permission', 'login', '1', null, '127.0.0.1', null, null);
INSERT INTO `pcmc_log` VALUES ('402881f153ca43eb0153ca43eb710001', '40288148532bfee801532c00a0930012', '2016-03-31 09:22:37', '2016-03-31 09:22:42', 'pcmc', 'sm_permission', 'login', '1', null, '127.0.0.1', null, null);
INSERT INTO `pcmc_log` VALUES ('402881f153ca43eb0153ca4960d00003', '1', '2016-03-31 09:28:39', '2016-03-31 09:28:39', 'pcmc', 'sm_permission', 'login', '1', null, '127.0.0.1', null, null);
INSERT INTO `pcmc_log` VALUES ('402881f153ca43eb0153ca4f2d620005', '40288009530b9c8901530bb1a1830005', '2016-03-31 09:34:59', '2016-03-31 09:34:59', 'pcmc', 'sm_permission', 'login', '1', null, '127.0.0.1', null, null);
INSERT INTO `pcmc_log` VALUES ('402881f153ca52e70153ca52e75c0001', '40288009530b9c8901530bb1a1830005', '2016-03-31 09:39:03', '2016-03-31 09:39:04', 'pcmc', 'sm_permission', 'login', '1', null, '127.0.0.1', null, null);
INSERT INTO `pcmc_log` VALUES ('402881f153ca52e70153ca56c78c0004', '40288148532bfee801532c00a0930012', '2016-03-31 09:43:18', '2016-03-31 09:43:18', 'pcmc', 'sm_permission', 'login', '1', null, '127.0.0.1', null, null);
INSERT INTO `pcmc_log` VALUES ('402881f153ca973a0153ca973ad40001', '40288148532bfee801532c00a0930012', '2016-03-31 10:53:41', '2016-03-31 10:53:41', 'pcmc', 'sm_permission', 'login', '1', null, '127.0.0.1', null, null);
INSERT INTO `pcmc_log` VALUES ('402881f153ca9f530153ca9f539c0001', '40288148532bfee801532c00a0930012', '2016-03-31 11:02:32', '2016-03-31 11:02:32', 'pcmc', 'sm_permission', 'login', '0', null, '127.0.0.1', null, null);
INSERT INTO `pcmc_log` VALUES ('402881f153ca9f530153ca9f75ab0003', '40288148532bfee801532c00a0930012', '2016-03-31 11:02:41', '2016-03-31 11:02:41', 'pcmc', 'sm_permission', 'login', '1', null, '127.0.0.1', null, null);
INSERT INTO `pcmc_log` VALUES ('402881f153caa92b0153caa92bb20001', '40288148532bfee801532c00a0930012', '2016-03-31 11:13:17', '2016-03-31 11:13:17', 'pcmc', 'sm_permission', 'login', '1', null, '127.0.0.1', null, null);
INSERT INTO `pcmc_log` VALUES ('402881f153cab39b0153cab39b8f0001', '40288148532bfee801532c00a0930012', '2016-03-31 11:24:41', '2016-03-31 11:24:41', 'pcmc', 'sm_permission', 'login', '1', null, '127.0.0.1', null, null);
INSERT INTO `pcmc_log` VALUES ('402881f153cad3050153cad305c00001', '40288148532bfee801532c00a0930012', '2016-03-31 11:59:00', '2016-03-31 11:59:00', 'pcmc', 'sm_permission', 'login', '1', null, '127.0.0.1', null, null);
INSERT INTO `pcmc_log` VALUES ('402881f153cad3050153cb29fcf00003', '40288148532bfee801532c00a0930012', '2016-03-31 13:33:59', '2016-03-31 13:33:59', 'pcmc', 'sm_permission', 'login', '1', null, '127.0.0.1', null, null);
INSERT INTO `pcmc_log` VALUES ('402881f153cad3050153cb2d4d720006', '40288009530b9c8901530bb1a1830005', '2016-03-31 13:37:37', '2016-03-31 13:37:37', 'pcmc', 'sm_permission', 'login', '1', null, '127.0.0.1', null, null);
INSERT INTO `pcmc_log` VALUES ('402881f153cb36700153cb36707c0001', '40288009530b9c8901530bb1a1830005', '2016-03-31 13:47:35', '2016-03-31 13:47:35', 'pcmc', 'sm_permission', 'login', '1', null, '127.0.0.1', null, null);
INSERT INTO `pcmc_log` VALUES ('402881f153cb36700153cb58b6020004', '40288148532bfee801532c00a0930012', '2016-03-31 14:25:01', '2016-03-31 14:25:01', 'pcmc', 'sm_permission', 'login', '1', null, '127.0.0.1', null, null);
INSERT INTO `pcmc_log` VALUES ('402881f153cb64ec0153cb64ecf50001', '40288148532bfee801532c00a0930012', '2016-03-31 14:38:22', '2016-03-31 14:38:22', 'pcmc', 'sm_permission', 'login', '0', null, '127.0.0.1', null, null);
INSERT INTO `pcmc_log` VALUES ('402881f153cb64ec0153cb6510b60003', '40288148532bfee801532c00a0930012', '2016-03-31 14:38:31', '2016-03-31 14:38:31', 'pcmc', 'sm_permission', 'login', '1', null, '127.0.0.1', null, null);
INSERT INTO `pcmc_log` VALUES ('402881f153cb993b0153cb993c030001', '40288148532bfee801532c00a0930012', '2016-03-31 15:35:30', '2016-03-31 15:35:30', 'pcmc', 'sm_permission', 'login', '0', null, '127.0.0.1', null, null);
INSERT INTO `pcmc_log` VALUES ('402881f153cb993b0153cb995bfe0003', '40288148532bfee801532c00a0930012', '2016-03-31 15:35:38', '2016-03-31 15:35:38', 'pcmc', 'sm_permission', 'login', '1', null, '127.0.0.1', null, null);
INSERT INTO `pcmc_log` VALUES ('402881f153cb9bbb0153cb9bbc050001', '40288148532bfee801532c00a0930012', '2016-03-31 15:38:13', '2016-03-31 15:38:14', 'pcmc', 'sm_permission', 'login', '1', null, '127.0.0.1', null, null);
INSERT INTO `pcmc_log` VALUES ('402881f153cbbe6e0153cbbe6e990001', '40288148532bfee801532c00a0930012', '2016-03-31 16:16:07', '2016-03-31 16:16:08', 'pcmc', 'sm_permission', 'login', '0', null, '127.0.0.1', null, null);
INSERT INTO `pcmc_log` VALUES ('402881f153cbbe6e0153cbbe8bf40003', '40288148532bfee801532c00a0930012', '2016-03-31 16:16:15', '2016-03-31 16:16:15', 'pcmc', 'sm_permission', 'login', '1', null, '127.0.0.1', null, null);
INSERT INTO `pcmc_log` VALUES ('402881f153cbd30d0153cbd30d760001', '40288148532bfee801532c00a0930012', '2016-03-31 16:38:39', '2016-03-31 16:38:39', 'pcmc', 'sm_permission', 'login', '0', null, '127.0.0.1', null, null);
INSERT INTO `pcmc_log` VALUES ('402881f153cbd30d0153cbd3304d0003', '40288148532bfee801532c00a0930012', '2016-03-31 16:38:48', '2016-03-31 16:38:48', 'pcmc', 'sm_permission', 'login', '1', null, '127.0.0.1', null, null);
INSERT INTO `pcmc_log` VALUES ('402881f153cbddcf0153cbddcf450001', '40288148532bfee801532c00a0930012', '2016-03-31 16:50:24', '2016-03-31 16:50:24', 'pcmc', 'sm_permission', 'login', '0', null, '127.0.0.1', null, null);
INSERT INTO `pcmc_log` VALUES ('402881f153cbddcf0153cbddee580003', '40288148532bfee801532c00a0930012', '2016-03-31 16:50:32', '2016-03-31 16:50:32', 'pcmc', 'sm_permission', 'login', '1', null, '127.0.0.1', null, null);
INSERT INTO `pcmc_log` VALUES ('402881f153cbdfd50153cbdfd5240001', '40288148532bfee801532c00a0930012', '2016-03-31 16:52:36', '2016-03-31 16:52:37', 'pcmc', 'sm_permission', 'login', '1', null, '127.0.0.1', null, null);
INSERT INTO `pcmc_log` VALUES ('402881f153cbdfd50153cc148fc6001e', '40288148532bfee801532c00a0930012', '2016-03-31 17:50:12', '2016-03-31 17:50:12', 'pcmc', 'sm_permission', 'login', '1', null, '127.0.0.1', null, null);
INSERT INTO `pcmc_log` VALUES ('402881f153cf6e0a0153cf6e0ad90001', '40288148532bfee801532c00a0930012', '2016-04-01 09:26:48', '2016-04-01 09:26:48', 'pcmc', 'sm_permission', 'login', '0', null, '127.0.0.1', null, null);
INSERT INTO `pcmc_log` VALUES ('402881f153cf6e0a0153cf6e2ad80003', '40288148532bfee801532c00a0930012', '2016-04-01 09:26:56', '2016-04-01 09:26:56', 'pcmc', 'sm_permission', 'login', '1', null, '127.0.0.1', null, null);
INSERT INTO `pcmc_log` VALUES ('402881f153cf6e0a0153cf6f43ec0005', '40288148532bfee801532c00a0930012', '2016-04-01 09:28:08', '2016-04-01 09:28:08', 'pcmc', 'sm_permission', 'login', '1', null, '127.0.0.1', null, null);
INSERT INTO `pcmc_log` VALUES ('402881f153cf6e0a0153cfa91db40007', '40288148532bfee801532c00a0930012', '2016-04-01 10:31:20', '2016-04-01 10:31:20', 'pcmc', 'sm_permission', 'login', '1', null, '127.0.0.1', null, null);
INSERT INTO `pcmc_log` VALUES ('402881f153cff5ea0153cff5eb110001', '40288148532bfee801532c00a0930012', '2016-04-01 11:55:13', '2016-04-01 11:55:13', 'pcmc', 'sm_permission', 'login', '1', null, '127.0.0.1', null, null);
INSERT INTO `pcmc_log` VALUES ('402881f153e42c1a0153e42c1a800001', '40288148532bfee801532c00a0930012', '2016-04-05 10:06:48', '2016-04-05 10:06:48', 'pcmc', 'sm_permission', 'login', '1', null, '127.0.0.1', null, null);
INSERT INTO `pcmc_log` VALUES ('402881f153e42c1a0153e4725a080003', '40288148532bfee801532c00a0930012', '2016-04-05 11:23:32', '2016-04-05 11:23:32', 'pcmc', 'sm_permission', 'login', '1', null, '127.0.0.1', null, null);
INSERT INTO `pcmc_log` VALUES ('402881f153e42c1a0153e4ccdcad0010', '40288148532bfee801532c00a0930012', '2016-04-05 13:02:24', '2016-04-05 13:02:24', 'pcmc', 'sm_permission', 'login', '1', null, '127.0.0.1', null, null);
INSERT INTO `pcmc_log` VALUES ('402881f153e53b090153e53b095d0001', '40288148532bfee801532c00a0930012', '2016-04-05 15:02:44', '2016-04-05 15:02:44', 'pcmc', 'sm_permission', 'login', '1', null, '127.0.0.1', null, null);
INSERT INTO `pcmc_log` VALUES ('402881f153e53b090153e56886f700e4', '40288148532bfee801532c00a0930012', '2016-04-05 15:52:26', '2016-04-05 15:52:26', 'pcmc', 'sm_permission', 'login', '1', null, '127.0.0.1', null, null);
INSERT INTO `pcmc_log` VALUES ('402881f153e570380153e57038840001', '40288148532bfee801532c00a0930012', '2016-04-05 16:00:49', '2016-04-05 16:00:50', 'pcmc', 'sm_permission', 'login', '1', null, '127.0.0.1', null, null);
INSERT INTO `pcmc_log` VALUES ('402881f153e574040153e57404250001', '40288148532bfee801532c00a0930012', '2016-04-05 16:04:58', '2016-04-05 16:04:59', 'pcmc', 'sm_permission', 'login', '1', null, '127.0.0.1', null, null);
INSERT INTO `pcmc_log` VALUES ('402881f153e583f40153e583f4830001', '40288148532bfee801532c00a0930012', '2016-04-05 16:22:23', '2016-04-05 16:22:23', 'pcmc', 'sm_permission', 'login', '1', null, '127.0.0.1', null, null);
INSERT INTO `pcmc_log` VALUES ('402881f153e58c060153e58c069d0001', '40288148532bfee801532c00a0930012', '2016-04-05 16:31:12', '2016-04-05 16:31:12', 'pcmc', 'sm_permission', 'login', '1', null, '127.0.0.1', null, null);
INSERT INTO `pcmc_log` VALUES ('402881f153e591340153e591346d0001', '40288148532bfee801532c00a0930012', '2016-04-05 16:36:51', '2016-04-05 16:36:51', 'pcmc', 'sm_permission', 'login', '1', null, '127.0.0.1', null, null);
INSERT INTO `pcmc_log` VALUES ('402881f15408357f0154083580110001', '1', '2016-04-12 10:03:23', '2016-04-12 10:03:24', 'pcmc', 'sm_permission', 'login', '1', null, '127.0.0.1', null, null);
INSERT INTO `pcmc_log` VALUES ('402881f15408357f0154083582f30003', '1', '2016-04-12 10:03:25', '2016-04-12 10:03:25', 'pcmc', 'sm_permission', 'login', '1', null, '127.0.0.1', null, null);
INSERT INTO `pcmc_log` VALUES ('402881f15408357f01540836cfb70005', '40288148532bfee801532c00a0930012', '2016-04-12 10:04:50', '2016-04-12 10:04:50', 'pcmc', 'sm_permission', 'login', '1', null, '127.0.0.1', null, null);
INSERT INTO `pcmc_log` VALUES ('402881f154083f940154083f95140001', '40288148532bfee801532c00a0930012', '2016-04-12 10:14:25', '2016-04-12 10:14:25', 'pcmc', 'sm_permission', 'login', '1', null, '127.0.0.1', null, null);
INSERT INTO `pcmc_log` VALUES ('402881f1540846020154084602720001', '40288148532bfee801532c00a0930012', '2016-04-12 10:21:26', '2016-04-12 10:21:26', 'pcmc', 'sm_permission', 'login', '1', null, '127.0.0.1', null, null);
INSERT INTO `pcmc_log` VALUES ('402881f1540846020154084e12dc0004', '40288148532bfee801532c00a0930012', '2016-04-12 10:30:14', '2016-04-12 10:30:15', 'pcmc', 'sm_permission', 'login', '1', null, '127.0.0.1', null, null);
INSERT INTO `pcmc_log` VALUES ('402881f1540937760154093776e40001', '40288148532bfee801532c00a0930012', '2016-04-12 14:45:10', '2016-04-12 14:45:10', 'pcmc', 'sm_permission', 'login', '1', null, '127.0.0.1', null, null);
INSERT INTO `pcmc_log` VALUES ('402881f1540954970154095497480001', '40288148532bfee801532c00a0930012', '2016-04-12 15:16:58', '2016-04-12 15:16:59', 'pcmc', 'sm_permission', 'login', '1', null, '127.0.0.1', null, null);
INSERT INTO `pcmc_log` VALUES ('402881f1540956400154095640b20001', '40288148532bfee801532c00a0930012', '2016-04-12 15:18:47', '2016-04-12 15:18:48', 'pcmc', 'sm_permission', 'login', '1', null, '127.0.0.1', null, null);
INSERT INTO `pcmc_log` VALUES ('402881f1540956400154097bbbfc0080', '40288148532bfee801532c00a0930012', '2016-04-12 15:59:44', '2016-04-12 15:59:44', 'pcmc', 'sm_permission', 'login', '0', null, '127.0.0.1', null, null);
INSERT INTO `pcmc_log` VALUES ('402881f1540956400154097be19b0082', '40288148532bfee801532c00a0930012', '2016-04-12 15:59:54', '2016-04-12 15:59:54', 'pcmc', 'sm_permission', 'login', '1', null, '127.0.0.1', null, null);
INSERT INTO `pcmc_log` VALUES ('402881f15409f3e8015409f3e8240001', '40288148532bfee801532c00a0930012', '2016-04-12 18:10:59', '2016-04-12 18:11:00', 'pcmc', 'sm_permission', 'login', '1', null, '127.0.0.1', null, null);
INSERT INTO `pcmc_log` VALUES ('402881f1540d37db01540d37dbb30001', '40288148532bfee801532c00a0930012', '2016-04-13 09:24:04', '2016-04-13 09:24:05', 'pcmc', 'sm_permission', 'login', '0', null, '127.0.0.1', null, null);
INSERT INTO `pcmc_log` VALUES ('402881f1540d37db01540d3806fd0003', '40288148532bfee801532c00a0930012', '2016-04-13 09:24:16', '2016-04-13 09:24:16', 'pcmc', 'sm_permission', 'login', '1', null, '127.0.0.1', null, null);
INSERT INTO `pcmc_log` VALUES ('402881f1540ed71901540ed719e20001', '40288148532bfee801532c00a0930012', '2016-04-13 16:57:37', '2016-04-13 16:57:38', 'pcmc', 'sm_permission', 'login', '1', null, '127.0.0.1', null, null);
INSERT INTO `pcmc_log` VALUES ('402881f1540effee01540effee610001', '40288148532bfee801532c00a0930012', '2016-04-13 17:42:13', '2016-04-13 17:42:14', 'pcmc', 'sm_permission', 'login', '1', null, '127.0.0.1', null, null);
INSERT INTO `pcmc_log` VALUES ('402881f1540effee01540f10950d0014', '40288148532bfee801532c00a0930012', '2016-04-13 18:00:25', '2016-04-13 18:00:25', 'pcmc', 'sm_permission', 'login', '1', null, '127.0.0.1', null, null);
INSERT INTO `pcmc_log` VALUES ('402881f1541256d601541256d6fd0001', '40288148532bfee801532c00a0930012', '2016-04-14 09:16:01', '2016-04-14 09:16:01', 'pcmc', 'sm_permission', 'login', '1', null, '127.0.0.1', null, null);
INSERT INTO `pcmc_log` VALUES ('402881f1541256d60154125acb480003', '40288148532bfee801532c00a0930012', '2016-04-14 09:20:20', '2016-04-14 09:20:20', 'pcmc', 'sm_permission', 'login', '1', null, '127.0.0.1', null, null);
INSERT INTO `pcmc_log` VALUES ('402881f1541256d60154127042a10006', '40288148532bfee801532c00a0930012', '2016-04-14 09:43:47', '2016-04-14 09:43:47', 'pcmc', 'sm_permission', 'login', '0', null, '127.0.0.1', null, null);
INSERT INTO `pcmc_log` VALUES ('402881f1541256d6015412705a2e0008', '40288148532bfee801532c00a0930012', '2016-04-14 09:43:53', '2016-04-14 09:43:53', 'pcmc', 'sm_permission', 'login', '1', null, '127.0.0.1', null, null);
INSERT INTO `pcmc_log` VALUES ('402881f15412752501541275255f0001', '40288148532bfee801532c00a0930012', '2016-04-14 09:49:07', '2016-04-14 09:49:07', 'pcmc', 'sm_permission', 'login', '1', null, '127.0.0.1', null, null);
INSERT INTO `pcmc_log` VALUES ('402881f154127525015412786e110006', '40288148532bfee801532c00a0930012', '2016-04-14 09:52:42', '2016-04-14 09:52:43', 'pcmc', 'sm_permission', 'login', '1', null, '127.0.0.1', null, null);
INSERT INTO `pcmc_log` VALUES ('402881f1541286240154128625140001', '40288148532bfee801532c00a0930012', '2016-04-14 10:07:41', '2016-04-14 10:07:41', 'pcmc', 'sm_permission', 'login', '1', null, '127.0.0.1', null, null);
INSERT INTO `pcmc_log` VALUES ('402881f15412a565015412a565400001', '40288148532bfee801532c00a0930012', '2016-04-14 10:41:49', '2016-04-14 10:41:49', 'pcmc', 'sm_permission', 'login', '1', null, '127.0.0.1', null, null);
INSERT INTO `pcmc_log` VALUES ('402881f15412a565015412a621640003', '40288148532bfee801532c00a0930012', '2016-04-14 10:42:37', '2016-04-14 10:42:38', 'pcmc', 'sm_permission', 'login', '1', null, '127.0.0.1', null, null);
INSERT INTO `pcmc_log` VALUES ('402881f15412a56501541307db9f0005', '40288148532bfee801532c00a0930012', '2016-04-14 12:29:22', '2016-04-14 12:29:22', 'pcmc', 'sm_permission', 'login', '1', null, '127.0.0.1', null, null);
INSERT INTO `pcmc_log` VALUES ('402881f15412a5650154130c086a0007', '40288148532bfee801532c00a0930012', '2016-04-14 12:33:56', '2016-04-14 12:33:56', 'pcmc', 'sm_permission', 'login', '1', null, '127.0.0.1', null, null);
INSERT INTO `pcmc_log` VALUES ('402881f15412a56501541354e0f2000a', '40288148532bfee801532c00a0930012', '2016-04-14 13:53:30', '2016-04-14 13:53:30', 'pcmc', 'sm_permission', 'login', '1', null, '127.0.0.1', null, null);
INSERT INTO `pcmc_log` VALUES ('402881f15412a565015413576a30000c', '40288148532bfee801532c00a0930012', '2016-04-14 13:56:16', '2016-04-14 13:56:16', 'pcmc', 'sm_permission', 'login', '1', null, '127.0.0.1', null, null);
INSERT INTO `pcmc_log` VALUES ('402881f1541390bd01541390bda30001', '40288148532bfee801532c00a0930012', '2016-04-14 14:58:53', '2016-04-14 14:58:53', 'pcmc', 'sm_permission', 'login', '1', null, '127.0.0.1', null, null);
INSERT INTO `pcmc_log` VALUES ('402881f1541390bd015413b343860003', '40288148532bfee801532c00a0930012', '2016-04-14 15:36:35', '2016-04-14 15:36:35', 'pcmc', 'sm_permission', 'login', '1', null, '127.0.0.1', null, null);
INSERT INTO `pcmc_log` VALUES ('402881f1541784aa01541784aaec0001', '40288148532bfee801532c00a0930012', '2016-04-15 09:24:10', '2016-04-15 09:24:11', 'pcmc', 'sm_permission', 'login', '1', null, '127.0.0.1', null, null);
INSERT INTO `pcmc_log` VALUES ('402881f15417883f015417883fee0001', '40288148532bfee801532c00a0930012', '2016-04-15 09:28:05', '2016-04-15 09:28:05', 'pcmc', 'sm_permission', 'login', '1', null, '127.0.0.1', null, null);
INSERT INTO `pcmc_log` VALUES ('402881f154179c8e0154179c8e420001', '40288148532bfee801532c00a0930012', '2016-04-15 09:50:16', '2016-04-15 09:50:16', 'pcmc', 'sm_permission', 'login', '1', null, '127.0.0.1', null, null);
INSERT INTO `pcmc_log` VALUES ('402881f154179c8e0154179f58dd0007', '402881485412dff80154131b8c820012', '2016-04-15 09:53:19', '2016-04-15 09:53:19', 'pcmc', 'sm_permission', 'login', '1', null, '127.0.0.1', null, null);
INSERT INTO `pcmc_log` VALUES ('402881f154179c8e015417a214200009', '402881485412dff80154131b8c820012', '2016-04-15 09:56:18', '2016-04-15 09:56:18', 'pcmc', 'sm_permission', 'login', '1', null, '127.0.0.1', null, null);
INSERT INTO `pcmc_log` VALUES ('402881f154179c8e015417a256ba000b', '402881485412dff80154131b8c820012', '2016-04-15 09:56:35', '2016-04-15 09:56:35', 'pcmc', 'sm_permission', 'login', '1', null, '192.168.1.113', null, null);
INSERT INTO `pcmc_log` VALUES ('402881f154179c8e015417a30fa0000d', '402881485412dff80154131b8c820012', '2016-04-15 09:57:22', '2016-04-15 09:57:22', 'pcmc', 'sm_permission', 'login', '1', null, '192.168.1.100', null, null);
INSERT INTO `pcmc_log` VALUES ('402881f154179c8e015417a37614000f', '402881485412dff80154131b8c820012', '2016-04-15 09:57:49', '2016-04-15 09:57:49', 'pcmc', 'sm_permission', 'login', '1', null, '127.0.0.1', null, null);
INSERT INTO `pcmc_log` VALUES ('402881f154179c8e015417a6d5620011', '402881485412dff80154131b8c820012', '2016-04-15 10:01:30', '2016-04-15 10:01:30', 'pcmc', 'sm_permission', 'login', '1', null, '192.168.1.100', null, null);
INSERT INTO `pcmc_log` VALUES ('402881f154179c8e015417a6e93b0013', '402881485412dff80154131b8c820012', '2016-04-15 10:01:35', '2016-04-15 10:01:35', 'pcmc', 'sm_permission', 'login', '1', null, '192.168.1.100', null, null);
INSERT INTO `pcmc_log` VALUES ('402881f154179c8e015417a6f7ba0015', '402881485412dff80154131b8c820012', '2016-04-15 10:01:38', '2016-04-15 10:01:39', 'pcmc', 'sm_permission', 'login', '1', null, '192.168.1.100', null, null);
INSERT INTO `pcmc_log` VALUES ('402881f154179c8e015417a701dd0017', '402881485412dff80154131b8c820012', '2016-04-15 10:01:41', '2016-04-15 10:01:41', 'pcmc', 'sm_permission', 'login', '1', null, '192.168.1.100', null, null);
INSERT INTO `pcmc_log` VALUES ('402881f154179c8e015417abb7870019', '402881485412dff80154131b8c820012', '2016-04-15 10:06:50', '2016-04-15 10:06:50', 'pcmc', 'sm_permission', 'login', '1', null, '192.168.1.113', null, null);
INSERT INTO `pcmc_log` VALUES ('402881f154179c8e015417b10cb0001b', '402881485412dff80154131b8c820012', '2016-04-15 10:12:39', '2016-04-15 10:12:39', 'pcmc', 'sm_permission', 'login', '1', null, '192.168.1.200', null, null);
INSERT INTO `pcmc_log` VALUES ('402881f154179c8e015417b64a81001d', '402881485412dff80154131b8c820012', '2016-04-15 10:18:23', '2016-04-15 10:18:23', 'pcmc', 'sm_permission', 'login', '1', null, '192.168.1.200', null, null);
INSERT INTO `pcmc_log` VALUES ('402881f154179c8e015417b6c579001f', '402881485412dff80154131b8c820012', '2016-04-15 10:18:54', '2016-04-15 10:18:54', 'pcmc', 'sm_permission', 'login', '1', null, '192.168.1.100', null, null);
INSERT INTO `pcmc_log` VALUES ('402881f15417ea37015417ea37bf0001', '402881485412dff80154131b8c820012', '2016-04-15 11:15:05', '2016-04-15 11:15:06', 'pcmc', 'sm_permission', 'login', '1', null, '127.0.0.1', null, null);
INSERT INTO `pcmc_log` VALUES ('402881f15417ea3701541832118e0077', '402881485412dff80154131b8c820012', '2016-04-15 12:33:35', '2016-04-15 12:33:35', 'pcmc', 'sm_permission', 'login', '1', null, '127.0.0.1', null, null);
INSERT INTO `pcmc_log` VALUES ('402881f15417ea3701541870e5bf0093', '402881485412dff80154131b8c820012', '2016-04-15 13:42:12', '2016-04-15 13:42:12', 'pcmc', 'sm_permission', 'login', '1', null, '127.0.0.1', null, null);
INSERT INTO `pcmc_log` VALUES ('402881f154187adb0154187adbe90001', '402881485412dff80154131b8c820012', '2016-04-15 13:53:04', '2016-04-15 13:53:05', 'pcmc', 'sm_permission', 'login', '1', null, '127.0.0.1', null, null);
INSERT INTO `pcmc_log` VALUES ('402881f1541885c701541885c7730001', '402881485412dff80154131b8c820012', '2016-04-15 14:05:00', '2016-04-15 14:05:01', 'pcmc', 'sm_permission', 'login', '1', null, '127.0.0.1', null, null);
INSERT INTO `pcmc_log` VALUES ('402881f1541885c70154188663d40003', '40288148532bfee801532c00a0930012', '2016-04-15 14:05:41', '2016-04-15 14:05:41', 'pcmc', 'sm_permission', 'login', '1', null, '127.0.0.1', null, null);
INSERT INTO `pcmc_log` VALUES ('402881f154188f840154188f844e0001', '402881485412dff80154131b8c820012', '2016-04-15 14:15:38', '2016-04-15 14:15:39', 'pcmc', 'sm_permission', 'login', '1', null, '127.0.0.1', null, null);
INSERT INTO `pcmc_log` VALUES ('402881f1541894d101541894d1e70001', '402881485412dff80154131b8c820012', '2016-04-15 14:21:26', '2016-04-15 14:21:26', 'pcmc', 'sm_permission', 'login', '1', null, '127.0.0.1', null, null);
INSERT INTO `pcmc_log` VALUES ('402881f1541894d1015418959eb80009', '40288148532bfee801532c00a0930012', '2016-04-15 14:22:19', '2016-04-15 14:22:19', 'pcmc', 'sm_permission', 'login', '1', null, '127.0.0.1', null, null);
INSERT INTO `pcmc_log` VALUES ('402881f1541894d1015418b90cac000f', '402881485412dff80154131b8c820012', '2016-04-15 15:01:01', '2016-04-15 15:01:01', 'pcmc', 'sm_permission', 'login', '1', null, '127.0.0.1', null, null);
INSERT INTO `pcmc_log` VALUES ('402881f15418c018015418c018590001', '402881485412dff80154131b8c820012', '2016-04-15 15:08:42', '2016-04-15 15:08:42', 'pcmc', 'sm_permission', 'login', '1', null, '127.0.0.1', null, null);
INSERT INTO `pcmc_log` VALUES ('402881f15418c664015418c664d40001', '402881485412dff80154131b8c820012', '2016-04-15 15:15:35', '2016-04-15 15:15:35', 'pcmc', 'sm_permission', 'login', '1', null, '127.0.0.1', null, null);
INSERT INTO `pcmc_log` VALUES ('402881f15418c664015418ca04f80003', '402881485412dff80154131b8c820012', '2016-04-15 15:19:33', '2016-04-15 15:19:33', 'pcmc', 'sm_permission', 'login', '1', null, '192.168.1.100', null, null);
INSERT INTO `pcmc_log` VALUES ('402881f15418c6640154190deae50013', '40288148532bfee801532c00a0930012', '2016-04-15 16:33:42', '2016-04-15 16:33:43', 'pcmc', 'sm_permission', 'login', '1', null, '127.0.0.1', null, null);
INSERT INTO `pcmc_log` VALUES ('402881f1542719af01542719afe20001', '40288148532bfee801532c00a0930012', '2016-04-18 10:01:14', '2016-04-18 10:01:15', 'pcmc', 'sm_permission', 'login', '1', null, '127.0.0.1', null, null);
INSERT INTO `pcmc_log` VALUES ('402881f1542719af0154274786620033', '402881485412dff80154131b8c820012', '2016-04-18 10:51:19', '2016-04-18 10:51:19', 'pcmc', 'sm_permission', 'login', '1', null, '192.168.1.100', null, null);
INSERT INTO `pcmc_log` VALUES ('402881f1542719af01542748a1d00035', '402881485412dff80154131b8c820012', '2016-04-18 10:52:31', '2016-04-18 10:52:32', 'pcmc', 'sm_permission', 'login', '1', null, '192.168.1.100', null, null);
INSERT INTO `pcmc_log` VALUES ('402881f1542719af01542749ebb30037', '402881485412dff80154131b8c820012', '2016-04-18 10:53:56', '2016-04-18 10:53:56', 'pcmc', 'sm_permission', 'login', '1', null, '192.168.1.100', null, null);
INSERT INTO `pcmc_log` VALUES ('402881f1542719af0154274ac2730039', '402881485412dff80154131b8c820012', '2016-04-18 10:54:51', '2016-04-18 10:54:51', 'pcmc', 'sm_permission', 'login', '1', null, '192.168.1.100', null, null);
INSERT INTO `pcmc_log` VALUES ('402881f1542719af015427529b26003b', '402881485412dff80154131b8c820012', '2016-04-18 11:03:25', '2016-04-18 11:03:25', 'pcmc', 'sm_permission', 'login', '1', null, '192.168.1.100', null, null);
INSERT INTO `pcmc_log` VALUES ('402881f1542719af0154275f91b8003d', '402881485412dff80154131b8c820012', '2016-04-18 11:17:35', '2016-04-18 11:17:35', 'pcmc', 'sm_permission', 'login', '1', null, '192.168.1.100', null, null);
INSERT INTO `pcmc_log` VALUES ('402881f154277b3a0154277b3acc0001', '402881485412dff80154131b8c820012', '2016-04-18 11:47:47', '2016-04-18 11:47:48', 'pcmc', 'sm_permission', 'login', '1', null, '127.0.0.1', null, null);
INSERT INTO `pcmc_log` VALUES ('402881f154277b3a0154277dcfa10032', '402881485412dff80154131b8c820012', '2016-04-18 11:50:37', '2016-04-18 11:50:37', 'pcmc', 'sm_permission', 'login', '1', null, '127.0.0.1', null, null);
INSERT INTO `pcmc_log` VALUES ('402881f154277b3a0154277e1ebb0034', '1', '2016-04-18 11:50:57', '2016-04-18 11:50:57', 'pcmc', 'sm_permission', 'login', '1', null, '127.0.0.1', null, null);
INSERT INTO `pcmc_log` VALUES ('402881f154277b3a015427feb0f20036', '1', '2016-04-18 14:11:23', '2016-04-18 14:11:23', 'pcmc', 'sm_permission', 'login', '1', null, '127.0.0.1', null, null);
INSERT INTO `pcmc_log` VALUES ('402882eb535f4e6701535f4e67700001', '40288009530b9c8901530bb1a1830005', '2016-03-10 14:54:07', '2016-03-10 14:54:47', 'pcmc', 'sm_permission', 'login', '1', null, '127.0.0.1', null, null);
INSERT INTO `pcmc_log` VALUES ('402882eb535f4e6701535f4e72ec0003', '40288009530b9c8901530bb1a1830005', '2016-03-10 14:54:45', '2016-03-10 14:54:50', 'pcmc', 'sm_permission', 'login', '1', null, '127.0.0.1', null, null);
INSERT INTO `pcmc_log` VALUES ('402882eb535f50d901535f50da430001', '40288009530b9c8901530bb1a1830005', '2016-03-10 14:57:18', '2016-03-10 14:57:27', 'pcmc', 'sm_permission', 'login', '1', null, '127.0.0.1', null, null);
INSERT INTO `pcmc_log` VALUES ('402882eb535f50d901535f5228840003', '40288009530b9c8901530bb1a1830005', '2016-03-10 14:58:51', '2016-03-10 14:58:53', 'pcmc', 'sm_permission', 'login', '1', null, '127.0.0.1', null, null);
INSERT INTO `pcmc_log` VALUES ('402882eb535f52c701535f52c7c80001', '40288009530b9c8901530bb1a1830005', '2016-03-10 14:59:31', '2016-03-10 14:59:33', 'pcmc', 'sm_permission', 'login', '1', null, '127.0.0.1', null, null);
INSERT INTO `pcmc_log` VALUES ('402882eb535f537d01535f537e190001', '40288009530b9c8901530bb1a1830005', '2016-03-10 15:00:17', '2016-03-10 15:00:20', 'pcmc', 'sm_permission', 'login', '1', null, '127.0.0.1', null, null);
INSERT INTO `pcmc_log` VALUES ('402882eb535f545601535f54564d0001', '40288009530b9c8901530bb1a1830005', '2016-03-10 15:01:14', '2016-03-10 15:01:15', 'pcmc', 'sm_permission', 'login', '1', null, '127.0.0.1', null, null);
INSERT INTO `pcmc_log` VALUES ('402882eb535f552c01535f552cf00001', '40288009530b9c8901530bb1a1830005', '2016-03-10 15:02:09', '2016-03-10 15:02:10', 'pcmc', 'sm_permission', 'login', '1', null, '127.0.0.1', null, null);
INSERT INTO `pcmc_log` VALUES ('402882eb535f552c01535f55e6b00003', '40288009530b9c8901530bb1a1830005', '2016-03-10 15:02:58', '2016-03-10 15:02:58', 'pcmc', 'sm_permission', 'login', '1', null, '127.0.0.1', null, null);
INSERT INTO `pcmc_log` VALUES ('402882eb535f5e6001535f5e60af0001', '40288009530b9c8901530bb1a1830005', '2016-03-10 15:11:57', '2016-03-10 15:12:13', 'pcmc', 'sm_permission', 'login', '1', null, '127.0.0.1', null, null);
INSERT INTO `pcmc_log` VALUES ('402882eb535f5e6001535f5ea02b0003', '40288009530b9c8901530bb1a1830005', '2016-03-10 15:12:24', '2016-03-10 15:12:30', 'pcmc', 'sm_permission', 'login', '1', null, '127.0.0.1', null, null);
INSERT INTO `pcmc_log` VALUES ('402882eb535f630d01535f630de10001', '1', '2016-03-10 15:17:13', '2016-03-10 15:17:20', 'pcmc', 'sm_permission', 'login', '1', null, '127.0.0.1', null, null);
INSERT INTO `pcmc_log` VALUES ('402882eb535f649301535f64943b0001', '40288009530b9c8901530bb1a1830005', '2016-03-10 15:18:59', '2016-03-10 15:19:00', 'pcmc', 'sm_permission', 'login', '1', null, '127.0.0.1', null, null);
INSERT INTO `pcmc_log` VALUES ('402882eb535f649301535f650d3e0003', '40288009530b9c8901530bb1a1830005', '2016-03-10 15:19:31', '2016-03-10 15:19:31', 'pcmc', 'sm_permission', 'login', '1', null, '127.0.0.1', null, null);
INSERT INTO `pcmc_log` VALUES ('402882eb535fcdb201535fcdb3110001', '40288009530b9c8901530bb1a1830005', '2016-03-10 17:13:32', '2016-03-10 17:13:49', 'pcmc', 'sm_permission', 'login', '1', null, '127.0.0.1', null, null);
INSERT INTO `pcmc_log` VALUES ('402882eb535fd74c01535fd74c930001', '40288009530b9c8901530bb1a1830005', '2016-03-10 17:24:01', '2016-03-10 17:24:18', 'pcmc', 'sm_permission', 'login', '1', null, '127.0.0.1', null, null);

-- ----------------------------
-- Table structure for `pcmc_menu`
-- ----------------------------
DROP TABLE IF EXISTS `pcmc_menu`;
CREATE TABLE `pcmc_menu` (
  `MENUID` bigint(20) NOT NULL COMMENT '菜单ID',
  `SUBSYSID` bigint(20) NOT NULL COMMENT '子系统ID',
  `PMENUID` bigint(20) DEFAULT NULL COMMENT '父菜单ID',
  `LEVELS` smallint(6) NOT NULL COMMENT '层级',
  `MENUNAME` varchar(30) NOT NULL COMMENT '菜单名称',
  `IMGURL` varchar(100) DEFAULT NULL COMMENT '菜单图标地址',
  `LINKURL` varchar(200) DEFAULT NULL COMMENT '菜单地址',
  `ISINTERNET` varchar(1) DEFAULT NULL COMMENT '外网可用',
  `REMARK` varchar(200) DEFAULT NULL COMMENT '备注',
  `ORDERIDX` smallint(6) DEFAULT NULL COMMENT '显示顺序',
  `NEWWIN` varchar(1) DEFAULT NULL COMMENT '打开方式',
  PRIMARY KEY (`MENUID`)
) ENGINE=InnoDB DEFAULT CHARSET=utf8 COMMENT='系统菜单';

-- ----------------------------
-- Records of pcmc_menu
-- ----------------------------
INSERT INTO `pcmc_menu` VALUES ('5', '2', '0', '0', '子系统菜单管理', '', '/pcmc/sm/subsysList.jsp', '0', '', '8', '');
INSERT INTO `pcmc_menu` VALUES ('6', '2', '0', '0', '系统管理', '', '/public/unfinished.html', '0', '', '1', '');
INSERT INTO `pcmc_menu` VALUES ('47', '2', '6', '1', '密码修改', 'key', '/platform/sm/changepwd.jsp', '0', '', '5', '');
INSERT INTO `pcmc_menu` VALUES ('59', '2', '6', '1', '代码维护', 'page-excel', '/platform/sm/paramlist.jsp', '', '', '7', '2');
INSERT INTO `pcmc_menu` VALUES ('61', '2', '6', '1', '系统日志', 'grid', '/platform/sm/querylog.jsp', '', '', '6', '2');
INSERT INTO `pcmc_menu` VALUES ('62', '2', '6', '1', '机构管理', 'brick', '/platform/sm/deptlist.jsp', '0', '', '2', '2');
INSERT INTO `pcmc_menu` VALUES ('63', '2', '6', '1', '角色管理', 'group', '/platform/sm/rolelist.jsp', '', '', '3', '2');
INSERT INTO `pcmc_menu` VALUES ('64', '2', '6', '1', '用户管理', 'user', '/platform/sm/userlist.jsp', '', '', '1', '');
INSERT INTO `pcmc_menu` VALUES ('66', '2', '0', '0', '二次开发', '', '/platform/design/', '', '', '9', '');
INSERT INTO `pcmc_menu` VALUES ('67', '2', '66', '1', 'DB管理', 'grid', '/platform/sm/tabledesigner.jsp', '0', '', '1', '1');
INSERT INTO `pcmc_menu` VALUES ('68', '2', '66', '1', '页面定制', 'report', '/designer/index.jsp', '0', '', '4', '1');
INSERT INTO `pcmc_menu` VALUES ('70', '2', '5', '1', '菜单管理', 'feed', '/platform/sm/sysmenu.jsp', '', '', '2', '2');
INSERT INTO `pcmc_menu` VALUES ('71', '2', '5', '1', '子系统管理', 'award-star-bronze-1', '/platform/sm/subsys.jsp', '', '', '1', '2');
INSERT INTO `pcmc_menu` VALUES ('72', '2', '66', '1', 'Action管理', 'feed', '/platform/sm/oprdesigner.jsp', '', '', '3', '1');
INSERT INTO `pcmc_menu` VALUES ('73', '2', '66', '1', 'OR映射管理', 'disk', '/platform/sm/dbxmldesigner.jsp', '', '', '2', '1');
INSERT INTO `pcmc_menu` VALUES ('74', '2', '0', '0', '认证服务', '', '', '', 'Central Auth Service', '4', '');
INSERT INTO `pcmc_menu` VALUES ('75', '2', '74', '1', '服务管理', 'monitor', '/platform/cas/services.jsp', '', '', '5', '2');
INSERT INTO `pcmc_menu` VALUES ('76', '2', '74', '1', 'Oauth客户端管理', 'brick', '/platform/oauth/clientmgr.jsp', '', '', '1', '0');
INSERT INTO `pcmc_menu` VALUES ('84', '2', '6', '1', '用户类型权限', 'bricks', '/platform/sm/ustyperole.jsp', '', '', '8', '');
INSERT INTO `pcmc_menu` VALUES ('93', '2', '74', '1', 'Client版本管理', 'bricks', '/platform/oauth/version.jsp', '', '', '2', '');
INSERT INTO `pcmc_menu` VALUES ('141', '13', '0', '0', '场景管理', 'flag-blue', '/iot/scene/scene_info.jsp', '', '场景管理模块', '3', '');
INSERT INTO `pcmc_menu` VALUES ('142', '13', '141', '1', '场景列表', 'grid', '/iot/scene/scene_info.jsp', '', '', '1', '');
INSERT INTO `pcmc_menu` VALUES ('143', '13', '0', '0', '教室管理', 'bricks', '/iot/room/room.jsp', '', '', '1', '');
INSERT INTO `pcmc_menu` VALUES ('144', '13', '143', '1', '教室列表', '', '/iot/room/roomlist.jsp', '', '', '1', '');
INSERT INTO `pcmc_menu` VALUES ('145', '13', '143', '1', '教室设备列表', 'grid', '/iot/room/roomdevice.jsp', '', '', '2', '');
INSERT INTO `pcmc_menu` VALUES ('146', '13', '143', '1', '教室场景列表', '', '/iot/room/roomscene.jsp', '', '', '3', '');
INSERT INTO `pcmc_menu` VALUES ('147', '13', '143', '1', '场景列表', '', '/iot/room/room_scene_info.jsp', '', '', '4', '');
INSERT INTO `pcmc_menu` VALUES ('148', '13', '143', '1', '教室定时设置列表', 'grid', '/iot/room/roomcommand.jsp', '', '', '5', '');
INSERT INTO `pcmc_menu` VALUES ('149', '13', '141', '1', '指令集管理', 'book-open', '/iot/scene/scene_command.jsp', '', '', '2', '');
INSERT INTO `pcmc_menu` VALUES ('153', '13', '143', '1', '设备列表', '', '/iot/room/room_device_info.jsp', '', '', '6', '');
INSERT INTO `pcmc_menu` VALUES ('154', '13', '143', '1', '指令列表', '', '/iot/room/room_command_info.jsp', '', '', '7', '');
INSERT INTO `pcmc_menu` VALUES ('155', '13', '0', '0', '设备管理', 'brick', '', '', '', '2', '');
INSERT INTO `pcmc_menu` VALUES ('156', '13', '155', '1', '设备列表', 'grid', '/iot/device/device_info.jsp', '', '', '1', '');
INSERT INTO `pcmc_menu` VALUES ('157', '13', '155', '1', '设备属性管理', 'grid', '/iot/device/device_attribute.jsp', '', '', '2', '');
INSERT INTO `pcmc_menu` VALUES ('158', '13', '155', '1', '指令管理', 'grid', '/iot/device/device_command.jsp', '', '', '3', '');
INSERT INTO `pcmc_menu` VALUES ('159', '13', '0', '0', '监控管理', 'monitor', '', '', '', '4', '');
INSERT INTO `pcmc_menu` VALUES ('160', '13', '159', '1', '设备控制', '', '/iot/ceshi/class_device_control.jsp', '', '', '1', '');
INSERT INTO `pcmc_menu` VALUES ('162', '13', '155', '1', '测试线程', '', '/iot/testThread.jsp', '', '', '4', '');
INSERT INTO `pcmc_menu` VALUES ('163', '13', '159', '1', '教室设备监控', 'key', '/iot/monitor/room_device_list.jsp', '', '', '2', '');
INSERT INTO `pcmc_menu` VALUES ('164', '13', '159', '1', '场景管理(带部门查询)', '', '/iot/scene/scene_list.jsp', '', '', '3', '');
INSERT INTO `pcmc_menu` VALUES ('165', '13', '159', '1', '操作日志', '', '/iot/monitor/exec_log_list.jsp', '', '', '4', '');
INSERT INTO `pcmc_menu` VALUES ('166', '13', '159', '1', '设备使用寿命监控', '', '/iot/monitor/device_life_monitor.jsp', '', '', '5', '');
INSERT INTO `pcmc_menu` VALUES ('167', '13', '159', '1', '教室电量统计', '', '/iot/monitor/room_electric_statistical.jsp', '', '', '6', '');

-- ----------------------------
-- Table structure for `pcmc_messages`
-- ----------------------------
DROP TABLE IF EXISTS `pcmc_messages`;
CREATE TABLE `pcmc_messages` (
  `MESSAGES_ID` varchar(40) NOT NULL COMMENT '消息ID',
  `TITLE` varchar(100) DEFAULT NULL COMMENT '标题',
  `MESSAGE` varchar(400) DEFAULT NULL COMMENT '内容',
  `SENDER` varchar(32) DEFAULT NULL COMMENT '发送人ID',
  `SENDER_NAME` varchar(40) DEFAULT NULL COMMENT '发送人姓名',
  `SEND_TIME` datetime DEFAULT NULL COMMENT '发送时间',
  `SEND_EMAIL` varchar(1) DEFAULT 'N' COMMENT '同步发送Email',
  `SEND_MOBILE` varchar(1) DEFAULT 'N' COMMENT '同步发送手机短信',
  `DEL_FLAG` varchar(1) DEFAULT 'N' COMMENT '删除标识',
  `RECEIVE_NAMES` varchar(4000) DEFAULT NULL COMMENT '接收人姓名',
  PRIMARY KEY (`MESSAGES_ID`)
) ENGINE=InnoDB DEFAULT CHARSET=utf8 COMMENT='系统内部消息';

-- ----------------------------
-- Records of pcmc_messages
-- ----------------------------

-- ----------------------------
-- Table structure for `pcmc_message_receivers`
-- ----------------------------
DROP TABLE IF EXISTS `pcmc_message_receivers`;
CREATE TABLE `pcmc_message_receivers` (
  `RECEIVER_ID` varchar(40) NOT NULL COMMENT '主键',
  `MESSAGES_ID` varchar(40) DEFAULT NULL COMMENT '消息ID',
  `RECEIVER` varchar(32) DEFAULT NULL COMMENT '接收人(用户ID)',
  `RECEIVED_FLAG` varchar(1) DEFAULT 'N' COMMENT '签收标记',
  `RECEIVED_TIME` datetime DEFAULT NULL COMMENT '签收时间',
  `NOTIFY_TIME` datetime DEFAULT NULL COMMENT '通知时间',
  `READ_FLAG` varchar(1) DEFAULT 'N' COMMENT '读取标志',
  `READ_TIME` datetime DEFAULT NULL COMMENT '读取时间',
  `DEL_FLAG` varchar(1) DEFAULT 'N' COMMENT '删除标识',
  PRIMARY KEY (`RECEIVER_ID`)
) ENGINE=InnoDB DEFAULT CHARSET=utf8 COMMENT='消息接收人';

-- ----------------------------
-- Records of pcmc_message_receivers
-- ----------------------------

-- ----------------------------
-- Table structure for `pcmc_organization`
-- ----------------------------
DROP TABLE IF EXISTS `pcmc_organization`;
CREATE TABLE `pcmc_organization` (
  `orgid` varchar(32) NOT NULL COMMENT '部门ID',
  `deptid` varchar(32) DEFAULT NULL COMMENT '单位ID',
  `porgid` varchar(32) DEFAULT NULL COMMENT '父部门ID',
  `orgname` varchar(100) NOT NULL COMMENT '部门名称',
  `orgdesc` varchar(200) DEFAULT NULL COMMENT '部门描述',
  `managerid` varchar(32) DEFAULT NULL COMMENT '部门经理ID',
  `levels` tinyint(4) DEFAULT NULL COMMENT '层级',
  `ordernum` tinyint(4) DEFAULT NULL COMMENT '顺序',
  `state` varchar(1) DEFAULT NULL COMMENT '0:无效 1:有效 9:删除',
  PRIMARY KEY (`orgid`)
) ENGINE=InnoDB DEFAULT CHARSET=utf8 COMMENT='单位部门信息';

-- ----------------------------
-- Records of pcmc_organization
-- ----------------------------

-- ----------------------------
-- Table structure for `pcmc_role`
-- ----------------------------
DROP TABLE IF EXISTS `pcmc_role`;
CREATE TABLE `pcmc_role` (
  `ROLEID` bigint(20) NOT NULL COMMENT '角色ID',
  `SUBSYSID` bigint(20) NOT NULL COMMENT '子系统ID',
  `ROLENAME` varchar(40) NOT NULL COMMENT '角色名称',
  `CREATEUSER` varchar(40) DEFAULT NULL COMMENT '建立用户',
  `REMARK` varchar(200) DEFAULT NULL COMMENT '备注',
  `MROLE` varchar(400) DEFAULT NULL COMMENT '管理角色',
  PRIMARY KEY (`ROLEID`)
) ENGINE=InnoDB DEFAULT CHARSET=utf8 COMMENT='角色信息';

-- ----------------------------
-- Records of pcmc_role
-- ----------------------------
INSERT INTO `pcmc_role` VALUES ('2', '2', '系统管理员', '1', '', '41,2');
INSERT INTO `pcmc_role` VALUES ('41', '13', '物联管理员', '1', '', '41');
INSERT INTO `pcmc_role` VALUES ('42', '13', '物联普通用户', '1', '', '42');

-- ----------------------------
-- Table structure for `pcmc_role_act`
-- ----------------------------
DROP TABLE IF EXISTS `pcmc_role_act`;
CREATE TABLE `pcmc_role_act` (
  `ROLEACTID` bigint(20) NOT NULL COMMENT '主键',
  `ROLEID` bigint(20) NOT NULL COMMENT '角色ID',
  `OPRID` varchar(40) NOT NULL COMMENT '模块ID',
  `ACTION` varchar(40) NOT NULL COMMENT '交易名',
  PRIMARY KEY (`ROLEACTID`)
) ENGINE=InnoDB DEFAULT CHARSET=utf8 COMMENT='角色操作权限表';

-- ----------------------------
-- Records of pcmc_role_act
-- ----------------------------

-- ----------------------------
-- Table structure for `pcmc_role_col`
-- ----------------------------
DROP TABLE IF EXISTS `pcmc_role_col`;
CREATE TABLE `pcmc_role_col` (
  `ROLECOLID` varchar(50) NOT NULL COMMENT '主键',
  `ROLEID` bigint(20) NOT NULL COMMENT '角色ID',
  `SYSNAME` varchar(50) NOT NULL COMMENT 'sysName',
  `OPRNAME` varchar(50) NOT NULL COMMENT 'oprID',
  `ACTNAME` varchar(50) NOT NULL COMMENT 'action',
  `FLDNAME` varchar(50) NOT NULL COMMENT '字段名',
  PRIMARY KEY (`ROLECOLID`)
) ENGINE=InnoDB DEFAULT CHARSET=utf8 COMMENT='角色列权限表';

-- ----------------------------
-- Records of pcmc_role_col
-- ----------------------------
INSERT INTO `pcmc_role_col` VALUES ('402881e42a3c46e4012a3c47f7480001', '2', 'pcmc', 'sm_query', 'getParamDetailList', 'paramdetailid');
INSERT INTO `pcmc_role_col` VALUES ('402881e42a3c46e4012a3c47f7480002', '2', 'pcmc', 'sm_query', 'getParamDetailList', 'paramid');
INSERT INTO `pcmc_role_col` VALUES ('402881e42a3c46e4012a3c47f7480003', '2', 'pcmc', 'sm_query', 'getParamDetailList', 'paramcode');
INSERT INTO `pcmc_role_col` VALUES ('402881e42a3c46e4012a3c47f7480004', '2', 'pcmc', 'sm_query', 'getParamDetailList', 'parammeanings');

-- ----------------------------
-- Table structure for `pcmc_role_menu`
-- ----------------------------
DROP TABLE IF EXISTS `pcmc_role_menu`;
CREATE TABLE `pcmc_role_menu` (
  `ROLEMENUID` bigint(20) NOT NULL COMMENT '主键',
  `ROLEID` bigint(20) NOT NULL COMMENT '角色ID',
  `MENUID` bigint(20) NOT NULL COMMENT '菜单ID',
  PRIMARY KEY (`ROLEMENUID`)
) ENGINE=InnoDB DEFAULT CHARSET=utf8 COMMENT='角色菜单权限';

-- ----------------------------
-- Records of pcmc_role_menu
-- ----------------------------
INSERT INTO `pcmc_role_menu` VALUES ('300', '19', '6');
INSERT INTO `pcmc_role_menu` VALUES ('301', '19', '64');
INSERT INTO `pcmc_role_menu` VALUES ('302', '19', '62');
INSERT INTO `pcmc_role_menu` VALUES ('303', '19', '61');
INSERT INTO `pcmc_role_menu` VALUES ('305', '23', '59');
INSERT INTO `pcmc_role_menu` VALUES ('310', '11', '62');
INSERT INTO `pcmc_role_menu` VALUES ('311', '11', '47');
INSERT INTO `pcmc_role_menu` VALUES ('312', '11', '59');
INSERT INTO `pcmc_role_menu` VALUES ('412', '29', '122');
INSERT INTO `pcmc_role_menu` VALUES ('413', '29', '124');
INSERT INTO `pcmc_role_menu` VALUES ('414', '29', '127');
INSERT INTO `pcmc_role_menu` VALUES ('415', '29', '123');
INSERT INTO `pcmc_role_menu` VALUES ('416', '29', '111');
INSERT INTO `pcmc_role_menu` VALUES ('417', '29', '112');
INSERT INTO `pcmc_role_menu` VALUES ('418', '29', '113');
INSERT INTO `pcmc_role_menu` VALUES ('419', '29', '114');
INSERT INTO `pcmc_role_menu` VALUES ('420', '2', '6');
INSERT INTO `pcmc_role_menu` VALUES ('421', '2', '64');
INSERT INTO `pcmc_role_menu` VALUES ('422', '2', '62');
INSERT INTO `pcmc_role_menu` VALUES ('423', '2', '47');
INSERT INTO `pcmc_role_menu` VALUES ('424', '2', '61');
INSERT INTO `pcmc_role_menu` VALUES ('526', '41', '143');
INSERT INTO `pcmc_role_menu` VALUES ('527', '41', '144');
INSERT INTO `pcmc_role_menu` VALUES ('528', '41', '155');
INSERT INTO `pcmc_role_menu` VALUES ('529', '41', '156');
INSERT INTO `pcmc_role_menu` VALUES ('530', '41', '141');
INSERT INTO `pcmc_role_menu` VALUES ('531', '41', '142');
INSERT INTO `pcmc_role_menu` VALUES ('532', '41', '159');
INSERT INTO `pcmc_role_menu` VALUES ('533', '41', '163');
INSERT INTO `pcmc_role_menu` VALUES ('534', '41', '165');
INSERT INTO `pcmc_role_menu` VALUES ('535', '41', '166');
INSERT INTO `pcmc_role_menu` VALUES ('536', '41', '167');
INSERT INTO `pcmc_role_menu` VALUES ('539', '42', '144');
INSERT INTO `pcmc_role_menu` VALUES ('540', '42', '156');
INSERT INTO `pcmc_role_menu` VALUES ('541', '42', '142');
INSERT INTO `pcmc_role_menu` VALUES ('542', '42', '163');

-- ----------------------------
-- Table structure for `pcmc_role_row`
-- ----------------------------
DROP TABLE IF EXISTS `pcmc_role_row`;
CREATE TABLE `pcmc_role_row` (
  `ROLEROWID` varchar(36) NOT NULL COMMENT '主键',
  `ROLEID` bigint(20) NOT NULL COMMENT '角色ID',
  `SYSNAME` varchar(50) NOT NULL COMMENT '子系统ID',
  `OPRNAME` varchar(50) NOT NULL COMMENT '模块ID',
  `ACTNAME` varchar(50) NOT NULL COMMENT '交易名称',
  `SQLWHERE` varchar(300) DEFAULT NULL COMMENT '限制条件',
  PRIMARY KEY (`ROLEROWID`)
) ENGINE=InnoDB DEFAULT CHARSET=utf8 COMMENT='角色行级权限';

-- ----------------------------
-- Records of pcmc_role_row
-- ----------------------------
INSERT INTO `pcmc_role_row` VALUES ('402881e42a3c46e4012a3c487fa60005', '2', 'pcmc', 'sm_query', 'getParamDetailList', 'paramcode=\'1\'');
INSERT INTO `pcmc_role_row` VALUES ('402881e42a3c876c012a3c876c9f0000', '19', 'pcmc', 'sm_query', 'getParamDetailList', 'paramcode=\'0\'');

-- ----------------------------
-- Table structure for `pcmc_shortcut`
-- ----------------------------
DROP TABLE IF EXISTS `pcmc_shortcut`;
CREATE TABLE `pcmc_shortcut` (
  `SHORTCUTID` bigint(20) NOT NULL COMMENT '主键',
  `USERID` varchar(32) NOT NULL COMMENT '用户ID',
  `MENUID` bigint(20) NOT NULL COMMENT '菜单ID',
  PRIMARY KEY (`SHORTCUTID`)
) ENGINE=InnoDB DEFAULT CHARSET=utf8 COMMENT='用户快捷菜单';

-- ----------------------------
-- Records of pcmc_shortcut
-- ----------------------------

-- ----------------------------
-- Table structure for `pcmc_subsys`
-- ----------------------------
DROP TABLE IF EXISTS `pcmc_subsys`;
CREATE TABLE `pcmc_subsys` (
  `SUBSYSID` bigint(20) NOT NULL COMMENT '子系统ID',
  `SHORTNAME` varchar(10) NOT NULL COMMENT '子系统简称',
  `ENNAME` varchar(40) NOT NULL COMMENT '英文名',
  `CNNAME` varchar(40) NOT NULL COMMENT '中文名',
  `IMGURL` varchar(100) DEFAULT NULL COMMENT '图标地址',
  `LINKURL` varchar(200) NOT NULL COMMENT '子系统主页面地址',
  `PUBINFOURL` varchar(200) DEFAULT NULL COMMENT '公开URL',
  `ORDERIDX` smallint(6) DEFAULT NULL COMMENT '顺序',
  PRIMARY KEY (`SUBSYSID`)
) ENGINE=InnoDB DEFAULT CHARSET=utf8 COMMENT='子系统信息';

-- ----------------------------
-- Records of pcmc_subsys
-- ----------------------------
INSERT INTO `pcmc_subsys` VALUES ('2', 'pcmc', 'portal control management center', '平台管理', '/images/pcmc/menu-10.gif', '/pcmc/main.jsp', '/pcmc/pubinfo.jsp', '90');
INSERT INTO `pcmc_subsys` VALUES ('13', 'iot', 'internet of things', '物联管理', '/images/pcmc/menu-16.gif', '/pcmc/main.jsp', '/pcmc/pubinfo.jsp', '80');

-- ----------------------------
-- Table structure for `pcmc_user`
-- ----------------------------
DROP TABLE IF EXISTS `pcmc_user`;
CREATE TABLE `pcmc_user` (
  `userid` varchar(32) NOT NULL COMMENT '主键',
  `usercode` varchar(32) NOT NULL COMMENT '登录名',
  `username` varchar(100) NOT NULL COMMENT '用户姓名',
  `nickname` varchar(100) DEFAULT NULL COMMENT '昵称',
  `userpwd` varchar(100) DEFAULT NULL COMMENT '密码',
  `portrait` varchar(200) DEFAULT NULL COMMENT '头像',
  `description` varchar(400) DEFAULT NULL COMMENT '个人简介',
  `idnumber` varchar(18) DEFAULT NULL COMMENT '身份证号',
  `email` varchar(100) DEFAULT NULL COMMENT '邮箱',
  `phone` varchar(20) DEFAULT NULL COMMENT '电话号码',
  `mobile` varchar(20) DEFAULT NULL COMMENT '手机号码',
  `pagesize` int(4) DEFAULT NULL,
  `emailbind` tinyint(1) DEFAULT '0' COMMENT '邮箱是否绑定',
  `mobilebind` tinyint(1) DEFAULT '0' COMMENT '手机是否绑定',
  `gender` varchar(1) DEFAULT NULL COMMENT '0:女 1:男 2:未知',
  `usertype` varchar(2) DEFAULT NULL COMMENT '99:平台管理,9:系统管理,1:学生,2:老师,3:家长',
  `usersource` varchar(2) DEFAULT NULL COMMENT '0:系统新增 1:导入 3:注册 4:邀请注册',
  `modifydt` datetime DEFAULT NULL COMMENT '修改时间',
  `state` varchar(2) DEFAULT NULL COMMENT '0:未验证 1:有效 2:无效  8:锁定  9:删除',
  PRIMARY KEY (`userid`)
) ENGINE=InnoDB DEFAULT CHARSET=utf8 COMMENT='用户信息';

-- ----------------------------
-- Records of pcmc_user
-- ----------------------------
INSERT INTO `pcmc_user` VALUES ('1', 'admin', '超级管理员', '超级管理员', 'efb9c8d097161f70', '/images/yuexue/default/t01.jpg', null, null, '', '', '18888888888', '10', '0', '1', null, '99', '0', null, '1');
INSERT INTO `pcmc_user` VALUES ('40288009530b9c8901530bb1a1830005', 'wladmin', '物理管理员', null, 'efb9c8d097161f70', null, null, null, '', '', '', '10', '0', '0', null, '9', null, '2016-02-23 09:15:03', '1');
INSERT INTO `pcmc_user` VALUES ('40288148532bfee801532c00a0930012', 'nsadmin', '南山小学管理员', null, '8d594160edffcb05', null, null, null, '', '', '', null, '0', '0', null, '9', null, '2016-02-29 15:49:11', '1');
INSERT INTO `pcmc_user` VALUES ('40288148533011450153301eecf20018', 'ff', 'ff', '', 'a1c8194e570e5005', '', '', '', '', '', '', null, null, null, '', '9', '', null, '9');
INSERT INTO `pcmc_user` VALUES ('402881485412dff80154131b8c820012', 'nsuser', '南山普通用户', '', 'efb9c8d097161f70', '', '', '', '', '', '', '10', null, null, '', '9', '', null, '1');

-- ----------------------------
-- Table structure for `pcmc_user_dept`
-- ----------------------------
DROP TABLE IF EXISTS `pcmc_user_dept`;
CREATE TABLE `pcmc_user_dept` (
  `userdeptid` varchar(32) NOT NULL COMMENT '主键',
  `deptid` varchar(32) DEFAULT NULL COMMENT '单位ID',
  `userid` varchar(32) DEFAULT NULL COMMENT '用户ID',
  `state` varchar(2) DEFAULT NULL COMMENT '0:无效,1:有效',
  `indate` datetime DEFAULT NULL COMMENT '入职时间',
  `outdate` datetime DEFAULT NULL COMMENT '离职时间',
  PRIMARY KEY (`userdeptid`)
) ENGINE=InnoDB DEFAULT CHARSET=utf8 COMMENT='用户所属单位';

-- ----------------------------
-- Records of pcmc_user_dept
-- ----------------------------
INSERT INTO `pcmc_user_dept` VALUES ('1', '1', '1', '1', null, null);
INSERT INTO `pcmc_user_dept` VALUES ('40288009530b9c8901530bb1a1b60006', '40288009530b9c8901530bb09b750004', '40288009530b9c8901530bb1a1830005', '1', '2016-02-23 09:15:03', null);
INSERT INTO `pcmc_user_dept` VALUES ('40288148532bfee801532c00a0980013', '40288148532b909b01532bfc61190053', '40288148532bfee801532c00a0930012', '1', '2016-02-29 15:49:11', null);
INSERT INTO `pcmc_user_dept` VALUES ('40288148533011450153301eed160019', '8a21b3ab4d23c0a7014d2d754d200057', '40288148533011450153301eecf20018', '1', '2016-03-01 11:00:46', null);
INSERT INTO `pcmc_user_dept` VALUES ('402881485412dff80154131b8c9f0013', '40288148532b909b01532bfc61190053', '402881485412dff80154131b8c820012', '1', '2016-04-14 12:50:53', null);

-- ----------------------------
-- Table structure for `pcmc_user_desktop`
-- ----------------------------
DROP TABLE IF EXISTS `pcmc_user_desktop`;
CREATE TABLE `pcmc_user_desktop` (
  `desktop_id` varchar(36) NOT NULL COMMENT '主键',
  `p_desktop_id` varchar(36) DEFAULT NULL COMMENT '父ID',
  `userid` varchar(36) DEFAULT NULL COMMENT '用户ID',
  `menu_id` varchar(36) DEFAULT NULL COMMENT '菜单ID',
  `menu_ico` varchar(100) DEFAULT NULL COMMENT '菜单图标',
  `menu_name` varchar(40) DEFAULT NULL COMMENT '菜单名称',
  `show_idx` smallint(6) DEFAULT NULL COMMENT '显示顺序',
  PRIMARY KEY (`desktop_id`)
) ENGINE=InnoDB DEFAULT CHARSET=utf8 COMMENT='个人桌面';

-- ----------------------------
-- Records of pcmc_user_desktop
-- ----------------------------

-- ----------------------------
-- Table structure for `pcmc_user_ext`
-- ----------------------------
DROP TABLE IF EXISTS `pcmc_user_ext`;
CREATE TABLE `pcmc_user_ext` (
  `userid` varchar(32) NOT NULL COMMENT '用户ID',
  `birthday` datetime DEFAULT NULL COMMENT '生日',
  `createuser` varchar(32) DEFAULT NULL COMMENT '建立人',
  `pubname` tinyint(1) DEFAULT NULL COMMENT '公开姓名',
  `pubmail` tinyint(1) DEFAULT NULL COMMENT '公开邮箱',
  `pubphone` tinyint(1) DEFAULT NULL,
  `pubbirthday` tinyint(1) DEFAULT NULL COMMENT '公开生日',
  `remark` varchar(400) DEFAULT NULL COMMENT '备注',
  PRIMARY KEY (`userid`)
) ENGINE=InnoDB DEFAULT CHARSET=utf8 COMMENT='用户扩展信息';

-- ----------------------------
-- Records of pcmc_user_ext
-- ----------------------------
INSERT INTO `pcmc_user_ext` VALUES ('40288009530b9c8901530bb1a1830005', null, '1', null, null, null, null, null);
INSERT INTO `pcmc_user_ext` VALUES ('40288148532bfee801532c00a0930012', null, '1', null, null, null, null, null);

-- ----------------------------
-- Table structure for `pcmc_user_login`
-- ----------------------------
DROP TABLE IF EXISTS `pcmc_user_login`;
CREATE TABLE `pcmc_user_login` (
  `userid` varchar(32) NOT NULL COMMENT '用户ID',
  `prelogon` datetime DEFAULT NULL COMMENT '上次离开时间',
  `lastlogon` datetime DEFAULT NULL COMMENT '最后离开时间',
  `lastlogin` datetime DEFAULT NULL COMMENT '最后登录时间',
  `attempttimes` tinyint(4) DEFAULT NULL COMMENT '尝试登录次数',
  PRIMARY KEY (`userid`)
) ENGINE=InnoDB DEFAULT CHARSET=utf8 COMMENT='用户登录错误信息';

-- ----------------------------
-- Records of pcmc_user_login
-- ----------------------------
INSERT INTO `pcmc_user_login` VALUES ('1', '2016-04-19 18:17:57', '2016-04-19 18:19:56', '2016-04-19 18:19:56', '0');
INSERT INTO `pcmc_user_login` VALUES ('40288009530b9c8901530bb1a1830005', '2016-04-19 18:14:43', '2016-04-19 18:17:25', '2016-04-19 18:17:25', '0');
INSERT INTO `pcmc_user_login` VALUES ('40288148532bfee801532c00a0930012', '2016-04-15 16:33:43', '2016-04-18 10:01:15', '2016-04-18 10:01:15', '0');
INSERT INTO `pcmc_user_login` VALUES ('402881485412dff80154131b8c820012', '2016-04-19 19:13:11', '2016-04-19 20:17:22', '2016-04-19 20:17:22', '0');

-- ----------------------------
-- Table structure for `pcmc_user_org`
-- ----------------------------
DROP TABLE IF EXISTS `pcmc_user_org`;
CREATE TABLE `pcmc_user_org` (
  `userorgid` varchar(32) NOT NULL COMMENT '主键',
  `orgid` varchar(32) DEFAULT NULL COMMENT '部门ID',
  `userid` varchar(32) DEFAULT NULL COMMENT '用户ID',
  PRIMARY KEY (`userorgid`)
) ENGINE=InnoDB DEFAULT CHARSET=utf8 COMMENT='用户所属部门';

-- ----------------------------
-- Records of pcmc_user_org
-- ----------------------------

-- ----------------------------
-- Table structure for `pcmc_user_role`
-- ----------------------------
DROP TABLE IF EXISTS `pcmc_user_role`;
CREATE TABLE `pcmc_user_role` (
  `USERROLEID` varchar(32) NOT NULL COMMENT '主键',
  `USERID` varchar(32) NOT NULL COMMENT '用户ID',
  `ROLEID` bigint(20) NOT NULL COMMENT '角色ID',
  PRIMARY KEY (`USERROLEID`)
) ENGINE=InnoDB DEFAULT CHARSET=utf8 COMMENT='用户角色信息';

-- ----------------------------
-- Records of pcmc_user_role
-- ----------------------------
INSERT INTO `pcmc_user_role` VALUES ('2546', '8148', '11');
INSERT INTO `pcmc_user_role` VALUES ('2547', '8149', '11');
INSERT INTO `pcmc_user_role` VALUES ('2556', '8151', '19');
INSERT INTO `pcmc_user_role` VALUES ('2575', '8153', '11');
INSERT INTO `pcmc_user_role` VALUES ('2576', '8153', '19');
INSERT INTO `pcmc_user_role` VALUES ('2579', '8156', '11');
INSERT INTO `pcmc_user_role` VALUES ('2627', '402882e54780de86014780dffb920003', '2');
INSERT INTO `pcmc_user_role` VALUES ('2661', '402881824c27d80b014c34e6f3240051', '2');
INSERT INTO `pcmc_user_role` VALUES ('2662', '402881824c27d80b014c34cc2f530026', '2');
INSERT INTO `pcmc_user_role` VALUES ('2670', '40288148532bfee801532c00a0930012', '41');
INSERT INTO `pcmc_user_role` VALUES ('2671', '40288148533011450153301eecf20018', '2');
INSERT INTO `pcmc_user_role` VALUES ('2682', '40288009530b9c8901530bb1a1830005', '41');
INSERT INTO `pcmc_user_role` VALUES ('2683', '1', '41');
INSERT INTO `pcmc_user_role` VALUES ('2684', '1', '2');
INSERT INTO `pcmc_user_role` VALUES ('2685', '402881485412dff80154131b8c820012', '42');

-- ----------------------------
-- Table structure for `pcmc_user_sequence`
-- ----------------------------
DROP TABLE IF EXISTS `pcmc_user_sequence`;
CREATE TABLE `pcmc_user_sequence` (
  `user_seq` int(10) unsigned NOT NULL AUTO_INCREMENT COMMENT '序列值',
  `createtime` datetime NOT NULL COMMENT '建立时间',
  PRIMARY KEY (`user_seq`)
) ENGINE=InnoDB AUTO_INCREMENT=102 DEFAULT CHARSET=utf8 COMMENT='用户序列';

-- ----------------------------
-- Records of pcmc_user_sequence
-- ----------------------------
INSERT INTO `pcmc_user_sequence` VALUES ('1', '2014-07-28 14:40:46');
INSERT INTO `pcmc_user_sequence` VALUES ('2', '2014-07-28 17:18:16');
INSERT INTO `pcmc_user_sequence` VALUES ('3', '2014-07-29 11:33:23');
INSERT INTO `pcmc_user_sequence` VALUES ('4', '2014-07-29 15:15:28');
INSERT INTO `pcmc_user_sequence` VALUES ('5', '2014-08-11 14:19:37');
INSERT INTO `pcmc_user_sequence` VALUES ('6', '2014-08-14 09:50:48');
INSERT INTO `pcmc_user_sequence` VALUES ('7', '2014-08-14 09:51:41');
INSERT INTO `pcmc_user_sequence` VALUES ('8', '2014-08-14 09:52:22');
INSERT INTO `pcmc_user_sequence` VALUES ('9', '2014-08-14 09:53:14');
INSERT INTO `pcmc_user_sequence` VALUES ('10', '2014-08-14 09:54:04');
INSERT INTO `pcmc_user_sequence` VALUES ('11', '2014-08-14 09:54:47');
INSERT INTO `pcmc_user_sequence` VALUES ('12', '2014-08-14 09:55:39');
INSERT INTO `pcmc_user_sequence` VALUES ('13', '2014-08-14 09:56:29');
INSERT INTO `pcmc_user_sequence` VALUES ('14', '2014-08-14 09:57:05');
INSERT INTO `pcmc_user_sequence` VALUES ('15', '2014-08-14 09:57:41');
INSERT INTO `pcmc_user_sequence` VALUES ('16', '2014-08-14 09:58:14');
INSERT INTO `pcmc_user_sequence` VALUES ('17', '2014-08-14 09:58:48');
INSERT INTO `pcmc_user_sequence` VALUES ('18', '2014-08-14 09:59:21');
INSERT INTO `pcmc_user_sequence` VALUES ('19', '2014-08-14 09:59:56');
INSERT INTO `pcmc_user_sequence` VALUES ('20', '2014-08-14 10:00:34');
INSERT INTO `pcmc_user_sequence` VALUES ('21', '2014-08-14 10:01:05');
INSERT INTO `pcmc_user_sequence` VALUES ('22', '2014-08-14 10:01:38');
INSERT INTO `pcmc_user_sequence` VALUES ('23', '2014-08-14 10:04:33');
INSERT INTO `pcmc_user_sequence` VALUES ('24', '2014-08-14 10:05:08');
INSERT INTO `pcmc_user_sequence` VALUES ('25', '2014-08-14 10:05:59');
INSERT INTO `pcmc_user_sequence` VALUES ('26', '2014-08-14 10:10:01');
INSERT INTO `pcmc_user_sequence` VALUES ('27', '2014-08-14 10:48:14');
INSERT INTO `pcmc_user_sequence` VALUES ('28', '2014-08-14 10:48:54');
INSERT INTO `pcmc_user_sequence` VALUES ('29', '2014-08-14 10:49:27');
INSERT INTO `pcmc_user_sequence` VALUES ('30', '2014-08-14 10:50:07');
INSERT INTO `pcmc_user_sequence` VALUES ('31', '2014-08-14 10:50:37');
INSERT INTO `pcmc_user_sequence` VALUES ('32', '2014-08-14 10:51:12');
INSERT INTO `pcmc_user_sequence` VALUES ('33', '2014-08-14 10:51:45');
INSERT INTO `pcmc_user_sequence` VALUES ('34', '2014-08-14 10:52:18');
INSERT INTO `pcmc_user_sequence` VALUES ('35', '2014-08-14 10:53:01');
INSERT INTO `pcmc_user_sequence` VALUES ('36', '2014-08-14 10:53:31');
INSERT INTO `pcmc_user_sequence` VALUES ('37', '2014-08-14 10:54:06');
INSERT INTO `pcmc_user_sequence` VALUES ('38', '2014-08-14 10:54:35');
INSERT INTO `pcmc_user_sequence` VALUES ('39', '2014-08-14 10:55:19');
INSERT INTO `pcmc_user_sequence` VALUES ('40', '2014-08-14 10:55:45');
INSERT INTO `pcmc_user_sequence` VALUES ('41', '2014-08-14 10:56:16');
INSERT INTO `pcmc_user_sequence` VALUES ('42', '2014-08-14 10:57:00');
INSERT INTO `pcmc_user_sequence` VALUES ('43', '2014-08-14 10:57:34');
INSERT INTO `pcmc_user_sequence` VALUES ('44', '2014-08-14 10:58:05');
INSERT INTO `pcmc_user_sequence` VALUES ('45', '2014-08-14 10:58:34');
INSERT INTO `pcmc_user_sequence` VALUES ('46', '2014-08-14 10:59:08');
INSERT INTO `pcmc_user_sequence` VALUES ('47', '2014-08-14 10:59:47');
INSERT INTO `pcmc_user_sequence` VALUES ('48', '2014-08-14 11:00:17');
INSERT INTO `pcmc_user_sequence` VALUES ('49', '2014-08-14 11:00:54');
INSERT INTO `pcmc_user_sequence` VALUES ('50', '2014-08-14 11:01:23');
INSERT INTO `pcmc_user_sequence` VALUES ('51', '2014-08-14 11:02:03');
INSERT INTO `pcmc_user_sequence` VALUES ('52', '2014-08-14 11:02:35');
INSERT INTO `pcmc_user_sequence` VALUES ('53', '2014-08-14 11:03:08');
INSERT INTO `pcmc_user_sequence` VALUES ('54', '2014-08-14 11:03:38');
INSERT INTO `pcmc_user_sequence` VALUES ('55', '2014-08-14 11:04:11');
INSERT INTO `pcmc_user_sequence` VALUES ('56', '2014-08-14 11:04:43');
INSERT INTO `pcmc_user_sequence` VALUES ('57', '2014-08-14 11:05:13');
INSERT INTO `pcmc_user_sequence` VALUES ('58', '2014-08-14 11:05:40');
INSERT INTO `pcmc_user_sequence` VALUES ('59', '2014-08-20 16:25:39');
INSERT INTO `pcmc_user_sequence` VALUES ('60', '2014-08-20 16:26:16');
INSERT INTO `pcmc_user_sequence` VALUES ('61', '2014-08-20 16:26:52');
INSERT INTO `pcmc_user_sequence` VALUES ('62', '2014-08-20 16:28:33');
INSERT INTO `pcmc_user_sequence` VALUES ('63', '2014-08-20 16:29:20');
INSERT INTO `pcmc_user_sequence` VALUES ('64', '2014-09-03 16:28:06');
INSERT INTO `pcmc_user_sequence` VALUES ('65', '2014-09-03 16:28:34');
INSERT INTO `pcmc_user_sequence` VALUES ('66', '2014-09-03 17:06:35');
INSERT INTO `pcmc_user_sequence` VALUES ('67', '2014-09-05 17:01:45');
INSERT INTO `pcmc_user_sequence` VALUES ('68', '2014-09-05 17:04:20');
INSERT INTO `pcmc_user_sequence` VALUES ('69', '2014-09-20 18:04:06');
INSERT INTO `pcmc_user_sequence` VALUES ('70', '2014-09-20 18:04:46');
INSERT INTO `pcmc_user_sequence` VALUES ('71', '2014-09-27 14:38:57');
INSERT INTO `pcmc_user_sequence` VALUES ('72', '2014-09-27 14:39:46');
INSERT INTO `pcmc_user_sequence` VALUES ('73', '2014-09-27 14:40:18');
INSERT INTO `pcmc_user_sequence` VALUES ('74', '2014-09-27 14:40:49');
INSERT INTO `pcmc_user_sequence` VALUES ('75', '2014-09-27 14:41:21');
INSERT INTO `pcmc_user_sequence` VALUES ('76', '2014-09-27 14:41:57');
INSERT INTO `pcmc_user_sequence` VALUES ('77', '2014-09-27 14:42:32');
INSERT INTO `pcmc_user_sequence` VALUES ('78', '2014-09-27 14:43:13');
INSERT INTO `pcmc_user_sequence` VALUES ('79', '2014-09-27 14:43:55');
INSERT INTO `pcmc_user_sequence` VALUES ('80', '2014-09-27 14:44:27');
INSERT INTO `pcmc_user_sequence` VALUES ('81', '2014-09-27 14:45:02');
INSERT INTO `pcmc_user_sequence` VALUES ('82', '2014-09-27 14:46:16');
INSERT INTO `pcmc_user_sequence` VALUES ('83', '2014-09-27 14:47:24');
INSERT INTO `pcmc_user_sequence` VALUES ('84', '2014-09-27 14:48:14');
INSERT INTO `pcmc_user_sequence` VALUES ('85', '2014-09-27 14:48:40');
INSERT INTO `pcmc_user_sequence` VALUES ('86', '2014-09-27 14:49:24');
INSERT INTO `pcmc_user_sequence` VALUES ('87', '2014-09-27 14:50:18');
INSERT INTO `pcmc_user_sequence` VALUES ('88', '2014-09-27 14:50:50');
INSERT INTO `pcmc_user_sequence` VALUES ('89', '2014-09-27 14:51:22');
INSERT INTO `pcmc_user_sequence` VALUES ('90', '2014-09-27 14:52:27');
INSERT INTO `pcmc_user_sequence` VALUES ('91', '2014-09-27 14:52:54');
INSERT INTO `pcmc_user_sequence` VALUES ('92', '2014-09-27 14:53:22');
INSERT INTO `pcmc_user_sequence` VALUES ('93', '2014-09-27 14:54:00');
INSERT INTO `pcmc_user_sequence` VALUES ('94', '2014-09-27 14:54:39');
INSERT INTO `pcmc_user_sequence` VALUES ('95', '2014-09-27 14:55:32');
INSERT INTO `pcmc_user_sequence` VALUES ('96', '2014-09-27 14:56:04');
INSERT INTO `pcmc_user_sequence` VALUES ('97', '2014-09-27 14:56:32');
INSERT INTO `pcmc_user_sequence` VALUES ('98', '2014-09-27 14:57:07');
INSERT INTO `pcmc_user_sequence` VALUES ('99', '2014-09-27 14:57:37');
INSERT INTO `pcmc_user_sequence` VALUES ('100', '2014-09-27 14:58:22');
INSERT INTO `pcmc_user_sequence` VALUES ('101', '2014-11-17 11:47:31');

-- ----------------------------
-- Table structure for `pcmc_uslogin_log`
-- ----------------------------
DROP TABLE IF EXISTS `pcmc_uslogin_log`;
CREATE TABLE `pcmc_uslogin_log` (
  `uslogid` varchar(32) NOT NULL COMMENT '主键',
  `userid` varchar(32) DEFAULT NULL COMMENT '用户ID',
  `logindt` datetime NOT NULL COMMENT '登录时间',
  `ipaddr` varchar(30) DEFAULT NULL COMMENT 'IP地址',
  `source` varchar(20) DEFAULT NULL COMMENT '客户端类型',
  `state` varchar(2) DEFAULT NULL COMMENT '0:失败 1:成功',
  PRIMARY KEY (`uslogid`)
) ENGINE=InnoDB DEFAULT CHARSET=utf8 COMMENT='用户登录日志';

-- ----------------------------
-- Records of pcmc_uslogin_log
-- ----------------------------
INSERT INTO `pcmc_uslogin_log` VALUES ('2c9ca2865312335c01531279479f0008', '40288009530b9c8901530bb1a1830005', '2016-02-24 16:50:51', '127.0.0.1', '', '0');
INSERT INTO `pcmc_uslogin_log` VALUES ('2c9ca2865312335c015312796743000a', '40288009530b9c8901530bb1a1830005', '2016-02-24 16:50:59', '127.0.0.1', '', '0');
INSERT INTO `pcmc_uslogin_log` VALUES ('2c9ca2865312335c015312798ed3000c', '1', '2016-02-24 16:51:09', '127.0.0.1', '', '1');
INSERT INTO `pcmc_uslogin_log` VALUES ('2c9ca2865312926c015312926cd20000', '1', '2016-02-24 17:18:19', '127.0.0.1', '', '1');
INSERT INTO `pcmc_uslogin_log` VALUES ('2c9ca2865312952b015312952bf60000', '1', '2016-02-24 17:21:19', '127.0.0.1', '', '1');
INSERT INTO `pcmc_uslogin_log` VALUES ('2c9ca2865312984b015312984b300000', '1', '2016-02-24 17:24:43', '127.0.0.1', '', '1');
INSERT INTO `pcmc_uslogin_log` VALUES ('2c9ca28653129e510153129e51c30000', '1', '2016-02-24 17:31:18', '127.0.0.1', '', '1');
INSERT INTO `pcmc_uslogin_log` VALUES ('2c9ca28653129e51015312bbe4a20005', '40288009530b9c8901530bb1a1830005', '2016-02-24 18:03:36', '127.0.0.1', '', '1');
INSERT INTO `pcmc_uslogin_log` VALUES ('2c9ca28653129e51015312cf8eee000f', '1', '2016-02-24 18:25:05', '127.0.0.1', '', '1');
INSERT INTO `pcmc_uslogin_log` VALUES ('2c9ca2865315e7f5015315e7f59d0000', '1', '2016-02-25 08:50:36', '127.0.0.1', '', '1');
INSERT INTO `pcmc_uslogin_log` VALUES ('2c9ca286531609f901531609f9f20000', '1', '2016-02-25 09:27:45', '127.0.0.1', '', '1');
INSERT INTO `pcmc_uslogin_log` VALUES ('2c9ca286531609f90153160c6ff00002', '40288009530b9c8901530bb1a1830005', '2016-02-25 09:30:27', '127.0.0.1', '', '1');
INSERT INTO `pcmc_uslogin_log` VALUES ('2c9ca286531609f90153160d0a960004', '1', '2016-02-25 09:31:06', '127.0.0.1', '', '1');
INSERT INTO `pcmc_uslogin_log` VALUES ('2c9ca286531609f90153160dffe00007', '40288009530b9c8901530bb1a1830005', '2016-02-25 09:32:09', '127.0.0.1', '', '1');
INSERT INTO `pcmc_uslogin_log` VALUES ('2c9ca286531609f90153160e4f590009', '1', '2016-02-25 09:32:29', '127.0.0.1', '', '1');
INSERT INTO `pcmc_uslogin_log` VALUES ('2c9ca286531609f901531632d57d000c', '40288009530b9c8901530bb1a1830005', '2016-02-25 10:12:23', '127.0.0.1', '', '1');
INSERT INTO `pcmc_uslogin_log` VALUES ('2c9ca286531609f9015316361826000e', '1', '2016-02-25 10:15:57', '127.0.0.1', '', '1');
INSERT INTO `pcmc_uslogin_log` VALUES ('2c9ca28653163ccb0153163ccbd00000', '1', '2016-02-25 10:23:16', '127.0.0.1', '', '1');
INSERT INTO `pcmc_uslogin_log` VALUES ('2c9ca28653163ccb0153163cf9fa0002', '1', '2016-02-25 10:23:28', '127.0.0.1', '', '1');
INSERT INTO `pcmc_uslogin_log` VALUES ('2c9ca2865316741701531674172b0000', '1', '2016-02-25 11:23:40', '127.0.0.1', '', '1');
INSERT INTO `pcmc_uslogin_log` VALUES ('2c9ca28853aba76b0153aba76bee0000', '40288009530b9c8901530bb1a1830005', '2016-03-25 10:43:09', '127.0.0.1', '', '1');
INSERT INTO `pcmc_uslogin_log` VALUES ('2c9ca28853abd1390153abd139fe0000', '40288009530b9c8901530bb1a1830005', '2016-03-25 11:28:49', '0:0:0:0:0:0:0:1', '', '1');
INSERT INTO `pcmc_uslogin_log` VALUES ('2c9ca28853ac2cad0153ac2cadc50000', '40288009530b9c8901530bb1a1830005', '2016-03-25 13:08:42', '0:0:0:0:0:0:0:1', '', '1');
INSERT INTO `pcmc_uslogin_log` VALUES ('2c9ca28853ac2cad0153ac2cbaff0002', '40288009530b9c8901530bb1a1830005', '2016-03-25 13:08:45', '0:0:0:0:0:0:0:1', '', '1');
INSERT INTO `pcmc_uslogin_log` VALUES ('2c9ca28853ac2cad0153ac2e0da20004', '40288009530b9c8901530bb1a1830005', '2016-03-25 13:10:12', '0:0:0:0:0:0:0:1', '', '1');
INSERT INTO `pcmc_uslogin_log` VALUES ('2c9ca28853ac2cad0153ac2e20fc0006', '40288009530b9c8901530bb1a1830005', '2016-03-25 13:10:17', '0:0:0:0:0:0:0:1', '', '1');
INSERT INTO `pcmc_uslogin_log` VALUES ('2c9ca28853ac2cad0153ac2e24840008', '40288009530b9c8901530bb1a1830005', '2016-03-25 13:10:18', '0:0:0:0:0:0:0:1', '', '1');
INSERT INTO `pcmc_uslogin_log` VALUES ('2c9ca28853ac2cad0153ac33f223000a', '40288009530b9c8901530bb1a1830005', '2016-03-25 13:16:38', '0:0:0:0:0:0:0:1', '', '1');
INSERT INTO `pcmc_uslogin_log` VALUES ('2c9ca28853ac2cad0153ac386b0b000c', '1', '2016-03-25 13:21:31', '0:0:0:0:0:0:0:1', '', '1');
INSERT INTO `pcmc_uslogin_log` VALUES ('2c9ca28853ac2cad0153ac3dd146000e', '40288009530b9c8901530bb1a1830005', '2016-03-25 13:27:25', '0:0:0:0:0:0:0:1', '', '1');
INSERT INTO `pcmc_uslogin_log` VALUES ('2c9ca28853ac3edd0153ac3edd520000', '40288009530b9c8901530bb1a1830005', '2016-03-25 13:28:34', '0:0:0:0:0:0:0:1', '', '1');
INSERT INTO `pcmc_uslogin_log` VALUES ('40288009535e75b301535e75b3860000', '1', '2016-03-10 10:58:05', '127.0.0.1', '', '1');
INSERT INTO `pcmc_uslogin_log` VALUES ('40288009535e75b301535e75b38e0001', '1', '2016-03-10 10:58:05', '127.0.0.1', '', '0');
INSERT INTO `pcmc_uslogin_log` VALUES ('40288009535e75b301535e75ea9e0004', '1', '2016-03-10 10:58:19', '127.0.0.1', '', '1');
INSERT INTO `pcmc_uslogin_log` VALUES ('40288009535e75b301535e76450d0006', '1', '2016-03-10 10:58:42', '127.0.0.1', '', '1');
INSERT INTO `pcmc_uslogin_log` VALUES ('40288009535e75b301535e7685620008', '40288009530b9c8901530bb1a1830005', '2016-03-10 10:58:59', '127.0.0.1', '', '1');
INSERT INTO `pcmc_uslogin_log` VALUES ('40288009535e75b301535e78a347000a', '1', '2016-03-10 11:01:17', '127.0.0.1', '', '1');
INSERT INTO `pcmc_uslogin_log` VALUES ('40288009535e75b301535e7a1c3d000c', '1', '2016-03-10 11:02:54', '127.0.0.1', '', '1');
INSERT INTO `pcmc_uslogin_log` VALUES ('40288009535f08f301535f08f38e0000', '40288009530b9c8901530bb1a1830005', '2016-03-10 13:38:55', '127.0.0.1', '', '1');
INSERT INTO `pcmc_uslogin_log` VALUES ('40288009535f08f301535f18fc590002', '1', '2016-03-10 13:56:26', '127.0.0.1', '', '1');
INSERT INTO `pcmc_uslogin_log` VALUES ('40288009535f08f301535f19029a0004', '1', '2016-03-10 13:56:27', '127.0.0.1', '', '1');
INSERT INTO `pcmc_uslogin_log` VALUES ('40288009535f1e3301535f1e33d70000', '1', '2016-03-10 14:02:08', '127.0.0.1', '', '1');
INSERT INTO `pcmc_uslogin_log` VALUES ('40288009535f240101535f2401920000', '1', '2016-03-10 14:08:28', '127.0.0.1', '', '1');
INSERT INTO `pcmc_uslogin_log` VALUES ('40288009535f349b01535f349b450000', '1', '2016-03-10 14:26:36', '127.0.0.1', '', '1');
INSERT INTO `pcmc_uslogin_log` VALUES ('40288009535f3d2701535f3d27d90000', '40288009530b9c8901530bb1a1830005', '2016-03-10 14:35:56', '127.0.0.1', '', '1');
INSERT INTO `pcmc_uslogin_log` VALUES ('40288009535f3e4901535f3e49e20000', '40288009530b9c8901530bb1a1830005', '2016-03-10 14:37:10', '127.0.0.1', '', '1');
INSERT INTO `pcmc_uslogin_log` VALUES ('40288009535f414301535f41435f0000', '40288009530b9c8901530bb1a1830005', '2016-03-10 14:40:25', '127.0.0.1', '', '1');
INSERT INTO `pcmc_uslogin_log` VALUES ('40288009535f414301535f41e0850002', '40288009530b9c8901530bb1a1830005', '2016-03-10 14:41:06', '127.0.0.1', '', '1');
INSERT INTO `pcmc_uslogin_log` VALUES ('40288148531229170153127550de0010', '1', '2016-02-24 16:46:31', '0:0:0:0:0:0:0:1', '', '1');
INSERT INTO `pcmc_uslogin_log` VALUES ('4028814853128c030153128c03ba0000', '1', '2016-02-24 17:11:19', '0:0:0:0:0:0:0:1', '', '1');
INSERT INTO `pcmc_uslogin_log` VALUES ('40288148531291ab01531291abc80000', '1', '2016-02-24 17:17:29', '0:0:0:0:0:0:0:1', '', '1');
INSERT INTO `pcmc_uslogin_log` VALUES ('4028814853129d250153129d25430000', '1', '2016-02-24 17:30:01', '0:0:0:0:0:0:0:1', '', '1');
INSERT INTO `pcmc_uslogin_log` VALUES ('402881485312a115015312a115c90000', '1', '2016-02-24 17:34:20', '0:0:0:0:0:0:0:1', '', '1');
INSERT INTO `pcmc_uslogin_log` VALUES ('402881485312acc0015312acc0bb0000', '1', '2016-02-24 17:47:04', '0:0:0:0:0:0:0:1', '', '1');
INSERT INTO `pcmc_uslogin_log` VALUES ('402881485312af23015312af23610000', '1', '2016-02-24 17:49:41', '0:0:0:0:0:0:0:1', '', '1');
INSERT INTO `pcmc_uslogin_log` VALUES ('40288148531609220153160922ce0000', '1', '2016-02-25 09:26:50', '0:0:0:0:0:0:0:1', '', '1');
INSERT INTO `pcmc_uslogin_log` VALUES ('40288148531610400153161040620000', '1', '2016-02-25 09:34:37', '0:0:0:0:0:0:0:1', '', '1');
INSERT INTO `pcmc_uslogin_log` VALUES ('402881485316104001531616b8470002', '1', '2016-02-25 09:41:41', '0:0:0:0:0:0:0:1', '', '1');
INSERT INTO `pcmc_uslogin_log` VALUES ('4028814853161fea0153161feaaf0000', '1', '2016-02-25 09:51:43', '0:0:0:0:0:0:0:1', '', '1');
INSERT INTO `pcmc_uslogin_log` VALUES ('40288148531628a101531628a1be0000', '1', '2016-02-25 10:01:14', '0:0:0:0:0:0:0:1', '', '1');
INSERT INTO `pcmc_uslogin_log` VALUES ('4028814853163c5e0153163c5eca0000', '1', '2016-02-25 10:22:48', '0:0:0:0:0:0:0:1', '', '1');
INSERT INTO `pcmc_uslogin_log` VALUES ('40288148531668a901531668a9af0000', '1', '2016-02-25 11:11:11', '0:0:0:0:0:0:0:1', '', '1');
INSERT INTO `pcmc_uslogin_log` VALUES ('4028814853166e450153166e45560000', '1', '2016-02-25 11:17:18', '0:0:0:0:0:0:0:1', '', '1');
INSERT INTO `pcmc_uslogin_log` VALUES ('40288148531678e401531678e4c80000', '1', '2016-02-25 11:28:54', '0:0:0:0:0:0:0:1', '', '1');
INSERT INTO `pcmc_uslogin_log` VALUES ('40288148531678e401531724dbc30002', '1', '2016-02-25 14:36:44', '0:0:0:0:0:0:0:1', '', '1');
INSERT INTO `pcmc_uslogin_log` VALUES ('4028814853176ecc0153176ecc530000', '1', '2016-02-25 15:57:30', '0:0:0:0:0:0:0:1', '', '1');
INSERT INTO `pcmc_uslogin_log` VALUES ('40288148531773bf01531773bfe10000', '1', '2016-02-25 16:02:55', '0:0:0:0:0:0:0:1', '', '1');
INSERT INTO `pcmc_uslogin_log` VALUES ('402881485317908b015317908bc80000', '1', '2016-02-25 16:34:22', '0:0:0:0:0:0:0:1', '', '1');
INSERT INTO `pcmc_uslogin_log` VALUES ('40288148531794400153179440470000', '1', '2016-02-25 16:38:25', '0:0:0:0:0:0:0:1', '', '1');
INSERT INTO `pcmc_uslogin_log` VALUES ('4028814853179b7e0153179b7e7c0000', '1', '2016-02-25 16:46:19', '0:0:0:0:0:0:0:1', '', '1');
INSERT INTO `pcmc_uslogin_log` VALUES ('4028814853179d820153179d82900000', '1', '2016-02-25 16:48:31', '0:0:0:0:0:0:0:1', '', '1');
INSERT INTO `pcmc_uslogin_log` VALUES ('402881485317ceaf015317ceaffa0000', '1', '2016-02-25 17:42:14', '0:0:0:0:0:0:0:1', '', '1');
INSERT INTO `pcmc_uslogin_log` VALUES ('40288148531b1dea01531b1deaa30000', '1', '2016-02-26 09:07:38', '0:0:0:0:0:0:0:1', '', '1');
INSERT INTO `pcmc_uslogin_log` VALUES ('40288148531b1dea01531b1e3a180002', '40288009530b9c8901530bb1a1830005', '2016-02-26 09:07:59', '0:0:0:0:0:0:0:1', '', '1');
INSERT INTO `pcmc_uslogin_log` VALUES ('40288148531b1dea01531b1edfca0004', '1', '2016-02-26 09:08:41', '0:0:0:0:0:0:0:1', '', '1');
INSERT INTO `pcmc_uslogin_log` VALUES ('40288148531b26ad01531b26ad010000', '1', '2016-02-26 09:17:12', '0:0:0:0:0:0:0:1', '', '1');
INSERT INTO `pcmc_uslogin_log` VALUES ('40288148531b26ad01531b26e0c40002', '40288009530b9c8901530bb1a1830005', '2016-02-26 09:17:26', '0:0:0:0:0:0:0:1', '', '1');
INSERT INTO `pcmc_uslogin_log` VALUES ('40288148531b2c6201531b2c62010000', '1', '2016-02-26 09:23:26', '0:0:0:0:0:0:0:1', '', '1');
INSERT INTO `pcmc_uslogin_log` VALUES ('40288148531b33af01531b33afcd0000', '1', '2016-02-26 09:31:25', '0:0:0:0:0:0:0:1', '', '1');
INSERT INTO `pcmc_uslogin_log` VALUES ('40288148531b33af01531b33eda10002', '40288009530b9c8901530bb1a1830005', '2016-02-26 09:31:41', '0:0:0:0:0:0:0:1', '', '1');
INSERT INTO `pcmc_uslogin_log` VALUES ('40288148531b4cdc01531b4cdc890000', '40288009530b9c8901530bb1a1830005', '2016-02-26 09:58:55', '0:0:0:0:0:0:0:1', '', '1');
INSERT INTO `pcmc_uslogin_log` VALUES ('40288148531b4cdc01531b4ecf110002', '1', '2016-02-26 10:01:02', '0:0:0:0:0:0:0:1', '', '1');
INSERT INTO `pcmc_uslogin_log` VALUES ('40288148531b54ff01531b54ff380000', '1', '2016-02-26 10:07:48', '0:0:0:0:0:0:0:1', '', '1');
INSERT INTO `pcmc_uslogin_log` VALUES ('40288148531b66ca01531b66cad90000', '40288009530b9c8901530bb1a1830005', '2016-02-26 10:27:14', '0:0:0:0:0:0:0:1', '', '1');
INSERT INTO `pcmc_uslogin_log` VALUES ('40288148531b66ca01531b7fe539000a', '1', '2016-02-26 10:54:39', '0:0:0:0:0:0:0:1', '', '1');
INSERT INTO `pcmc_uslogin_log` VALUES ('40288148531b8bf501531b8bf5f70000', '1', '2016-02-26 11:07:50', '0:0:0:0:0:0:0:1', '', '1');
INSERT INTO `pcmc_uslogin_log` VALUES ('40288148531ba11f01531ba11fad0000', '1', '2016-02-26 11:30:57', '0:0:0:0:0:0:0:1', '', '1');
INSERT INTO `pcmc_uslogin_log` VALUES ('40288148531ba11f01531ba205d10002', '40288009530b9c8901530bb1a1830005', '2016-02-26 11:31:56', '0:0:0:0:0:0:0:1', '', '1');
INSERT INTO `pcmc_uslogin_log` VALUES ('40288148531ba11f01531bb900d60015', '1', '2016-02-26 11:57:02', '0:0:0:0:0:0:0:1', '', '1');
INSERT INTO `pcmc_uslogin_log` VALUES ('40288148531bbaa901531bbaa90e0000', '40288009530b9c8901530bb1a1830005', '2016-02-26 11:58:51', '0:0:0:0:0:0:0:1', '', '1');
INSERT INTO `pcmc_uslogin_log` VALUES ('40288148531bbaa901531bbca1ca0002', '1', '2016-02-26 12:01:00', '0:0:0:0:0:0:0:1', '', '1');
INSERT INTO `pcmc_uslogin_log` VALUES ('40288148531bcde401531bcde4240000', '1', '2016-02-26 12:19:51', '0:0:0:0:0:0:0:1', '', '1');
INSERT INTO `pcmc_uslogin_log` VALUES ('40288148531bcde401531c105be00005', '1', '2016-02-26 13:32:27', '0:0:0:0:0:0:0:1', '', '1');
INSERT INTO `pcmc_uslogin_log` VALUES ('40288148531c393d01531c393d420000', '1', '2016-02-26 14:17:06', '0:0:0:0:0:0:0:1', '', '1');
INSERT INTO `pcmc_uslogin_log` VALUES ('40288148531c4a7401531c4a74140000', '1', '2016-02-26 14:35:54', '0:0:0:0:0:0:0:1', '', '1');
INSERT INTO `pcmc_uslogin_log` VALUES ('40288148531c5e5e01531c5e5e300000', '1', '2016-02-26 14:57:39', '0:0:0:0:0:0:0:1', '', '1');
INSERT INTO `pcmc_uslogin_log` VALUES ('40288148531c939801531c9398bf0000', '1', '2016-02-26 15:55:48', '0:0:0:0:0:0:0:1', '', '1');
INSERT INTO `pcmc_uslogin_log` VALUES ('40288148531caa0701531caa07990000', '1', '2016-02-26 16:20:18', '0:0:0:0:0:0:0:1', '', '1');
INSERT INTO `pcmc_uslogin_log` VALUES ('40288148531caa0701531cd516a00002', '1', '2016-02-26 17:07:20', '0:0:0:0:0:0:0:1', '', '1');
INSERT INTO `pcmc_uslogin_log` VALUES ('40288148531cea8501531cea858c0000', '1', '2016-02-26 17:30:44', '0:0:0:0:0:0:0:1', '', '1');
INSERT INTO `pcmc_uslogin_log` VALUES ('40288148531cea8501531d00c0330002', '1', '2016-02-26 17:55:01', '0:0:0:0:0:0:0:1', '', '1');
INSERT INTO `pcmc_uslogin_log` VALUES ('40288148531d124701531d12472b0000', '1', '2016-02-26 18:14:10', '0:0:0:0:0:0:0:1', '', '1');
INSERT INTO `pcmc_uslogin_log` VALUES ('40288148531d132501531d1325a80000', '1', '2016-02-26 18:15:07', '0:0:0:0:0:0:0:1', '', '1');
INSERT INTO `pcmc_uslogin_log` VALUES ('40288148531d188d01531d188df80000', '1', '2016-02-26 18:21:01', '0:0:0:0:0:0:0:1', '', '1');
INSERT INTO `pcmc_uslogin_log` VALUES ('40288148532af5ef01532af5efa40000', '1', '2016-02-29 10:57:54', '0:0:0:0:0:0:0:1', '', '1');
INSERT INTO `pcmc_uslogin_log` VALUES ('40288148532afe6601532afe66a80000', '1', '2016-02-29 11:07:08', '0:0:0:0:0:0:0:1', '', '1');
INSERT INTO `pcmc_uslogin_log` VALUES ('40288148532afe6601532b0501950002', '1', '2016-02-29 11:14:21', '0:0:0:0:0:0:0:1', '', '1');
INSERT INTO `pcmc_uslogin_log` VALUES ('40288148532b909b01532b909bb10000', '1', '2016-02-29 13:46:50', '0:0:0:0:0:0:0:1', '', '1');
INSERT INTO `pcmc_uslogin_log` VALUES ('40288148532b909b01532b9350c00003', '1', '2016-02-29 13:49:48', '192.168.1.105', '', '1');
INSERT INTO `pcmc_uslogin_log` VALUES ('40288148532b909b01532b96c9cc0005', '40288009530b9c8901530bb1a1830005', '2016-02-29 13:53:35', '192.168.1.119', '', '1');
INSERT INTO `pcmc_uslogin_log` VALUES ('40288148532b909b01532b9833890007', '1', '2016-02-29 13:55:08', '192.168.1.119', '', '1');
INSERT INTO `pcmc_uslogin_log` VALUES ('40288148532b909b01532b9a152b0009', '40288009530b9c8901530bb1a1830005', '2016-02-29 13:57:11', '192.168.1.119', '', '1');
INSERT INTO `pcmc_uslogin_log` VALUES ('40288148532b909b01532bb77bd0003e', '1', '2016-02-29 14:29:18', '192.168.1.115', '', '1');
INSERT INTO `pcmc_uslogin_log` VALUES ('40288148532b909b01532bd81b560040', '40288009530b9c8901530bb1a1830005', '2016-02-29 15:04:56', '192.168.1.115', '', '1');
INSERT INTO `pcmc_uslogin_log` VALUES ('40288148532b909b01532bdecc040044', '40288009530b9c8901530bb1a1830005', '2016-02-29 15:12:14', '0:0:0:0:0:0:0:1', '', '1');
INSERT INTO `pcmc_uslogin_log` VALUES ('40288148532b909b01532be1ff070047', '1', '2016-02-29 15:15:44', '192.168.1.105', '', '1');
INSERT INTO `pcmc_uslogin_log` VALUES ('40288148532bfee801532bfee8dd0000', '40288009530b9c8901530bb1a1830005', '2016-02-29 15:47:19', '0:0:0:0:0:0:0:1', '', '1');
INSERT INTO `pcmc_uslogin_log` VALUES ('40288148532bfee801532bff23610002', '1', '2016-02-29 15:47:34', '192.168.1.105', '', '1');
INSERT INTO `pcmc_uslogin_log` VALUES ('40288148532bfee801532c0184630014', '40288009530b9c8901530bb1a1830005', '2016-02-29 15:50:10', '192.168.1.105', '', '1');
INSERT INTO `pcmc_uslogin_log` VALUES ('40288148532bfee801532c01a6880016', '40288009530b9c8901530bb1a1830005', '2016-02-29 15:50:19', '0:0:0:0:0:0:0:1', '', '1');
INSERT INTO `pcmc_uslogin_log` VALUES ('40288148532bfee801532c088ad70024', '40288009530b9c8901530bb1a1830005', '2016-02-29 15:57:50', '192.168.1.115', '', '1');
INSERT INTO `pcmc_uslogin_log` VALUES ('40288148532bfee801532c0bbcb8002b', '40288009530b9c8901530bb1a1830005', '2016-02-29 16:01:20', '0:0:0:0:0:0:0:1', '', '1');
INSERT INTO `pcmc_uslogin_log` VALUES ('40288148532c145501532c1455b90000', '40288009530b9c8901530bb1a1830005', '2016-02-29 16:10:43', '192.168.1.115', '', '1');
INSERT INTO `pcmc_uslogin_log` VALUES ('40288148532c145501532c158cee0003', '40288009530b9c8901530bb1a1830005', '2016-02-29 16:12:03', '0:0:0:0:0:0:0:1', '', '1');
INSERT INTO `pcmc_uslogin_log` VALUES ('40288148532c145501532c160ecd0005', '40288009530b9c8901530bb1a1830005', '2016-02-29 16:12:36', '0:0:0:0:0:0:0:1', '', '1');
INSERT INTO `pcmc_uslogin_log` VALUES ('40288148532c1b5d01532c1b5d9b0000', '40288009530b9c8901530bb1a1830005', '2016-02-29 16:18:24', '0:0:0:0:0:0:0:1', '', '1');
INSERT INTO `pcmc_uslogin_log` VALUES ('40288148532c1e5901532c1e59130000', '40288009530b9c8901530bb1a1830005', '2016-02-29 16:21:39', '192.168.1.115', '', '0');
INSERT INTO `pcmc_uslogin_log` VALUES ('40288148532c1e5901532c1e69e30002', '40288009530b9c8901530bb1a1830005', '2016-02-29 16:21:44', '192.168.1.105', '', '0');
INSERT INTO `pcmc_uslogin_log` VALUES ('40288148532c1e5901532c1e8a730004', '40288009530b9c8901530bb1a1830005', '2016-02-29 16:21:52', '192.168.1.115', '', '1');
INSERT INTO `pcmc_uslogin_log` VALUES ('40288148532c1e5901532c1e94b40006', '40288009530b9c8901530bb1a1830005', '2016-02-29 16:21:54', '192.168.1.105', '', '1');
INSERT INTO `pcmc_uslogin_log` VALUES ('40288148532c1e5901532c1f957d0008', '1', '2016-02-29 16:23:00', '0:0:0:0:0:0:0:1', '', '1');
INSERT INTO `pcmc_uslogin_log` VALUES ('40288148532c1e5901532c34e6950022', '40288009530b9c8901530bb1a1830005', '2016-02-29 16:46:17', '192.168.1.115', '', '1');
INSERT INTO `pcmc_uslogin_log` VALUES ('40288148532c1e5901532c52d8da002d', '40288009530b9c8901530bb1a1830005', '2016-02-29 17:19:00', '192.168.1.115', '', '1');
INSERT INTO `pcmc_uslogin_log` VALUES ('40288148532c1e5901532c60ecaf0033', '1', '2016-02-29 17:34:22', '0:0:0:0:0:0:0:1', '', '1');
INSERT INTO `pcmc_uslogin_log` VALUES ('40288148532c1e5901532c61e64a0035', '40288009530b9c8901530bb1a1830005', '2016-02-29 17:35:26', '192.168.1.115', '', '1');
INSERT INTO `pcmc_uslogin_log` VALUES ('40288148532c1e5901532c61fd580037', '40288009530b9c8901530bb1a1830005', '2016-02-29 17:35:32', '192.168.1.105', '', '1');
INSERT INTO `pcmc_uslogin_log` VALUES ('40288148532c634e01532c634e8a0000', '1', '2016-02-29 17:36:59', '0:0:0:0:0:0:0:1', '', '1');
INSERT INTO `pcmc_uslogin_log` VALUES ('40288148532c634e01532c6355b90002', '40288009530b9c8901530bb1a1830005', '2016-02-29 17:37:00', '192.168.1.115', '', '1');
INSERT INTO `pcmc_uslogin_log` VALUES ('40288148532c634e01532c6764010007', '40288009530b9c8901530bb1a1830005', '2016-02-29 17:41:26', '0:0:0:0:0:0:0:1', '', '1');
INSERT INTO `pcmc_uslogin_log` VALUES ('40288148532fb78101532fb781950000', '1', '2016-03-01 09:07:48', '0:0:0:0:0:0:0:1', '', '1');
INSERT INTO `pcmc_uslogin_log` VALUES ('40288148532fb78101532fbfb7c30002', '1', '2016-03-01 09:16:46', '0:0:0:0:0:0:0:1', '', '1');
INSERT INTO `pcmc_uslogin_log` VALUES ('40288148532fb78101532fccfaa10005', '40288009530b9c8901530bb1a1830005', '2016-03-01 09:31:15', '192.168.1.115', '', '1');
INSERT INTO `pcmc_uslogin_log` VALUES ('40288148532fb78101532fd164e40008', '40288009530b9c8901530bb1a1830005', '2016-03-01 09:36:05', '192.168.1.105', '', '1');
INSERT INTO `pcmc_uslogin_log` VALUES ('40288148532fb781015330001f3c002c', '1', '2016-03-01 10:27:07', '192.168.1.105', '', '1');
INSERT INTO `pcmc_uslogin_log` VALUES ('40288148532fb78101533000a719002e', '40288148532bfee801532c00a0930012', '2016-03-01 10:27:42', '192.168.1.105', '', '0');
INSERT INTO `pcmc_uslogin_log` VALUES ('40288148532fb78101533000cddc0030', '40288148532bfee801532c00a0930012', '2016-03-01 10:27:52', '192.168.1.105', '', '0');
INSERT INTO `pcmc_uslogin_log` VALUES ('40288148532fb78101533000fc7f0032', '1', '2016-03-01 10:28:04', '192.168.1.105', '', '1');
INSERT INTO `pcmc_uslogin_log` VALUES ('40288148532fb78101533001f8160036', '40288148532bfee801532c00a0930012', '2016-03-01 10:29:08', '192.168.1.105', '', '1');
INSERT INTO `pcmc_uslogin_log` VALUES ('40288148532fb78101533002e12e0038', '1', '2016-03-01 10:30:08', '192.168.1.105', '', '1');
INSERT INTO `pcmc_uslogin_log` VALUES ('40288148532fb7810153300354c7003b', '40288148532bfee801532c00a0930012', '2016-03-01 10:30:38', '192.168.1.105', '', '1');
INSERT INTO `pcmc_uslogin_log` VALUES ('40288148532fb7810153300836260040', '40288009530b9c8901530bb1a1830005', '2016-03-01 10:35:57', '192.168.1.105', '', '1');
INSERT INTO `pcmc_uslogin_log` VALUES ('40288148532fb7810153300894b40042', '40288148532bfee801532c00a0930012', '2016-03-01 10:36:22', '192.168.1.105', '', '1');
INSERT INTO `pcmc_uslogin_log` VALUES ('40288148532fb7810153300f77010044', '40288148532bfee801532c00a0930012', '2016-03-01 10:43:53', '192.168.1.105', '', '0');
INSERT INTO `pcmc_uslogin_log` VALUES ('40288148533011450153301145f30000', '1', '2016-03-01 10:45:51', '0:0:0:0:0:0:0:1', '', '1');
INSERT INTO `pcmc_uslogin_log` VALUES ('402881485330114501533014bc190002', '40288009530b9c8901530bb1a1830005', '2016-03-01 10:49:38', '192.168.1.115', '', '1');
INSERT INTO `pcmc_uslogin_log` VALUES ('402881485330114501533014dea20004', '40288009530b9c8901530bb1a1830005', '2016-03-01 10:49:47', '0:0:0:0:0:0:0:1', '', '1');
INSERT INTO `pcmc_uslogin_log` VALUES ('402881485330114501533015efc90006', '40288148532bfee801532c00a0930012', '2016-03-01 10:50:57', '192.168.1.105', '', '1');
INSERT INTO `pcmc_uslogin_log` VALUES ('402881485330114501533019c7470008', '40288148532bfee801532c00a0930012', '2016-03-01 10:55:09', '192.168.1.105', '', '1');
INSERT INTO `pcmc_uslogin_log` VALUES ('40288148533011450153301c0108000a', '40288148532bfee801532c00a0930012', '2016-03-01 10:57:34', '192.168.1.115', '', '1');
INSERT INTO `pcmc_uslogin_log` VALUES ('40288148533011450153301d03c0000c', '40288009530b9c8901530bb1a1830005', '2016-03-01 10:58:41', '192.168.1.115', '', '1');
INSERT INTO `pcmc_uslogin_log` VALUES ('40288148533011450153301d8113000f', '40288009530b9c8901530bb1a1830005', '2016-03-01 10:59:13', '0:0:0:0:0:0:0:1', '', '1');
INSERT INTO `pcmc_uslogin_log` VALUES ('40288148533011450153301e547a0012', '1', '2016-03-01 11:00:07', '0:0:0:0:0:0:0:1', '', '1');
INSERT INTO `pcmc_uslogin_log` VALUES ('402881485330114501533037da760050', '40288148532bfee801532c00a0930012', '2016-03-01 11:28:00', '0:0:0:0:0:0:0:1', '', '0');
INSERT INTO `pcmc_uslogin_log` VALUES ('40288148533011450153303807c20052', '40288148532bfee801532c00a0930012', '2016-03-01 11:28:11', '0:0:0:0:0:0:0:1', '', '1');
INSERT INTO `pcmc_uslogin_log` VALUES ('4028814853303e060153303e061f0000', '40288148532bfee801532c00a0930012', '2016-03-01 11:34:44', '0:0:0:0:0:0:0:1', '', '1');
INSERT INTO `pcmc_uslogin_log` VALUES ('4028814853303e060153304753e30003', '1', '2016-03-01 11:44:54', '0:0:0:0:0:0:0:1', '', '1');
INSERT INTO `pcmc_uslogin_log` VALUES ('4028814853303e0601533047fdaa0005', '40288148532bfee801532c00a0930012', '2016-03-01 11:45:37', '0:0:0:0:0:0:0:1', '', '0');
INSERT INTO `pcmc_uslogin_log` VALUES ('4028814853303e060153304812be0007', '40288148532bfee801532c00a0930012', '2016-03-01 11:45:43', '0:0:0:0:0:0:0:1', '', '1');
INSERT INTO `pcmc_uslogin_log` VALUES ('4028814853303e060153304950d70009', '1', '2016-03-01 11:47:04', '0:0:0:0:0:0:0:1', '', '1');
INSERT INTO `pcmc_uslogin_log` VALUES ('4028814853303e060153304ae341000b', '40288009530b9c8901530bb1a1830005', '2016-03-01 11:48:47', '192.168.1.115', '', '1');
INSERT INTO `pcmc_uslogin_log` VALUES ('4028814853303e06015330b53c970011', '40288009530b9c8901530bb1a1830005', '2016-03-01 13:44:57', '192.168.1.119', '', '1');
INSERT INTO `pcmc_uslogin_log` VALUES ('4028814853303e06015330b961690013', '1', '2016-03-01 13:49:28', '0:0:0:0:0:0:0:1', '', '1');
INSERT INTO `pcmc_uslogin_log` VALUES ('4028814853303e06015330d2583c0017', '40288148532bfee801532c00a0930012', '2016-03-01 14:16:44', '0:0:0:0:0:0:0:1', '', '0');
INSERT INTO `pcmc_uslogin_log` VALUES ('4028814853303e06015330d271fa0019', '40288148532bfee801532c00a0930012', '2016-03-01 14:16:51', '0:0:0:0:0:0:0:1', '', '1');
INSERT INTO `pcmc_uslogin_log` VALUES ('4028814853303e06015330d2d8b0001b', '1', '2016-03-01 14:17:17', '0:0:0:0:0:0:0:1', '', '1');
INSERT INTO `pcmc_uslogin_log` VALUES ('402881485330d5b9015330d5b9320000', '40288009530b9c8901530bb1a1830005', '2016-03-01 14:20:26', '0:0:0:0:0:0:0:1', '', '1');
INSERT INTO `pcmc_uslogin_log` VALUES ('402881485330d5b9015330ecce2b0005', '40288009530b9c8901530bb1a1830005', '2016-03-01 14:45:38', '192.168.1.119', '', '1');
INSERT INTO `pcmc_uslogin_log` VALUES ('402881485330d5b9015330ecdd4a0007', '40288148532bfee801532c00a0930012', '2016-03-01 14:45:42', '192.168.1.105', '', '1');
INSERT INTO `pcmc_uslogin_log` VALUES ('402881485330d5b9015330f616290013', '40288009530b9c8901530bb1a1830005', '2016-03-01 14:55:47', '192.168.1.119', '', '1');
INSERT INTO `pcmc_uslogin_log` VALUES ('40288148533112a901533112a9ad0000', '1', '2016-03-01 15:27:00', '127.0.0.1', '', '1');
INSERT INTO `pcmc_uslogin_log` VALUES ('40288148533112a90153311eac440002', '40288148532bfee801532c00a0930012', '2016-03-01 15:40:07', '192.168.1.105', '', '1');
INSERT INTO `pcmc_uslogin_log` VALUES ('40288148533124960153312496fc0000', '1', '2016-03-01 15:46:34', '0:0:0:0:0:0:0:1', '', '1');
INSERT INTO `pcmc_uslogin_log` VALUES ('40288148533124960153312aeffa0002', '40288148532bfee801532c00a0930012', '2016-03-01 15:53:30', '192.168.1.105', '', '1');
INSERT INTO `pcmc_uslogin_log` VALUES ('40288148533135aa01533135aa010000', '1', '2016-03-01 16:05:13', '0:0:0:0:0:0:0:1', '', '1');
INSERT INTO `pcmc_uslogin_log` VALUES ('40288148533135aa01533175bae00002', '40288148532bfee801532c00a0930012', '2016-03-01 17:15:12', '192.168.1.105', '', '1');
INSERT INTO `pcmc_uslogin_log` VALUES ('402881485334e634015334e634580000', '1', '2016-03-02 09:16:55', '0:0:0:0:0:0:0:1', '', '1');
INSERT INTO `pcmc_uslogin_log` VALUES ('402881485334e6340153350206bf000a', '40288009530b9c8901530bb1a1830005', '2016-03-02 09:47:18', '0:0:0:0:0:0:0:1', '', '1');
INSERT INTO `pcmc_uslogin_log` VALUES ('402881485334e63401533516186d000f', '1', '2016-03-02 10:09:13', '0:0:0:0:0:0:0:1', '', '1');
INSERT INTO `pcmc_uslogin_log` VALUES ('4028814853352ab70153352ab7260000', '1', '2016-03-02 10:31:45', '0:0:0:0:0:0:0:1', '', '1');
INSERT INTO `pcmc_uslogin_log` VALUES ('4028814853352ab701533534316d0002', '1', '2016-03-02 10:42:06', '0:0:0:0:0:0:0:1', '', '1');
INSERT INTO `pcmc_uslogin_log` VALUES ('4028814853352ab70153355aa9910004', '1', '2016-03-02 11:24:07', '0:0:0:0:0:0:0:1', '', '0');
INSERT INTO `pcmc_uslogin_log` VALUES ('4028814853352ab70153355ad7ab0006', '1', '2016-03-02 11:24:19', '0:0:0:0:0:0:0:1', '', '1');
INSERT INTO `pcmc_uslogin_log` VALUES ('402881485335d5c7015335d5c7e40000', '1', '2016-03-02 13:38:36', '0:0:0:0:0:0:0:1', '', '1');
INSERT INTO `pcmc_uslogin_log` VALUES ('402881485335d5c7015335dd0deb0005', '40288148532bfee801532c00a0930012', '2016-03-02 13:46:32', '192.168.1.105', '', '1');
INSERT INTO `pcmc_uslogin_log` VALUES ('402881485335d5c7015335dee75e0007', '40288009530b9c8901530bb1a1830005', '2016-03-02 13:48:34', '192.168.1.119', '', '1');
INSERT INTO `pcmc_uslogin_log` VALUES ('402881485335ee5f015335ee5f1c0000', '40288009530b9c8901530bb1a1830005', '2016-03-02 14:05:27', '192.168.1.119', '', '0');
INSERT INTO `pcmc_uslogin_log` VALUES ('402881485335ee5f015335ee80970002', '40288009530b9c8901530bb1a1830005', '2016-03-02 14:05:36', '192.168.1.119', '', '1');
INSERT INTO `pcmc_uslogin_log` VALUES ('402881485335f4d8015335f4d8fd0000', '40288148532bfee801532c00a0930012', '2016-03-02 14:12:32', '192.168.1.105', '', '1');
INSERT INTO `pcmc_uslogin_log` VALUES ('402881485335f4d8015335f6b3d00002', '40288009530b9c8901530bb1a1830005', '2016-03-02 14:14:33', '192.168.1.119', '', '1');
INSERT INTO `pcmc_uslogin_log` VALUES ('402881485335f4d8015335fc79de0022', '40288009530b9c8901530bb1a1830005', '2016-03-02 14:20:52', '0:0:0:0:0:0:0:1', '', '1');
INSERT INTO `pcmc_uslogin_log` VALUES ('402881485335f4d80153360738300037', '1', '2016-03-02 14:32:36', '0:0:0:0:0:0:0:1', '', '1');
INSERT INTO `pcmc_uslogin_log` VALUES ('402881485335f4d8015336078562003b', '40288148532bfee801532c00a0930012', '2016-03-02 14:32:55', '0:0:0:0:0:0:0:1', '', '0');
INSERT INTO `pcmc_uslogin_log` VALUES ('402881485335f4d8015336079e7e003d', '40288148532bfee801532c00a0930012', '2016-03-02 14:33:02', '0:0:0:0:0:0:0:1', '', '1');
INSERT INTO `pcmc_uslogin_log` VALUES ('402881485335f4d801533608c05c0040', '1', '2016-03-02 14:34:16', '0:0:0:0:0:0:0:1', '', '1');
INSERT INTO `pcmc_uslogin_log` VALUES ('402881485335f4d80153361df2d6007f', '40288009530b9c8901530bb1a1830005', '2016-03-02 14:57:25', '0:0:0:0:0:0:0:1', '', '1');
INSERT INTO `pcmc_uslogin_log` VALUES ('402881485335f4d80153361fd0680081', '40288148532bfee801532c00a0930012', '2016-03-02 14:59:27', '0:0:0:0:0:0:0:1', '', '0');
INSERT INTO `pcmc_uslogin_log` VALUES ('402881485335f4d80153361ff4910083', '40288148532bfee801532c00a0930012', '2016-03-02 14:59:37', '0:0:0:0:0:0:0:1', '', '1');
INSERT INTO `pcmc_uslogin_log` VALUES ('402881485335f4d801533623e346008d', '40288148532bfee801532c00a0930012', '2016-03-02 15:03:54', '192.168.1.105', '', '1');
INSERT INTO `pcmc_uslogin_log` VALUES ('40288148533635f201533635f2730000', '1', '2016-03-02 15:23:38', '0:0:0:0:0:0:0:1', '', '1');
INSERT INTO `pcmc_uslogin_log` VALUES ('40288148533635f201533636837a0012', '40288009530b9c8901530bb1a1830005', '2016-03-02 15:24:15', '192.168.1.119', '', '1');
INSERT INTO `pcmc_uslogin_log` VALUES ('40288148533635f20153363ab5a70014', '40288148532bfee801532c00a0930012', '2016-03-02 15:28:50', '192.168.1.105', '', '1');
INSERT INTO `pcmc_uslogin_log` VALUES ('40288148533635f20153365f7f90002b', '40288009530b9c8901530bb1a1830005', '2016-03-02 16:09:01', '192.168.1.200', '', '1');
INSERT INTO `pcmc_uslogin_log` VALUES ('40288148533671fa01533671fa540000', '1', '2016-03-02 16:29:12', '0:0:0:0:0:0:0:1', '', '1');
INSERT INTO `pcmc_uslogin_log` VALUES ('40288148533671fa01533672c8720002', '1', '2016-03-02 16:30:05', '0:0:0:0:0:0:0:1', '', '1');
INSERT INTO `pcmc_uslogin_log` VALUES ('40288148533671fa01533672e4520004', '40288009530b9c8901530bb1a1830005', '2016-03-02 16:30:12', '0:0:0:0:0:0:0:1', '', '1');
INSERT INTO `pcmc_uslogin_log` VALUES ('40288148533671fa01533677a89b0006', '1', '2016-03-02 16:35:24', '0:0:0:0:0:0:0:1', '', '1');
INSERT INTO `pcmc_uslogin_log` VALUES ('40288148533671fa0153367f5e27000a', '40288009530b9c8901530bb1a1830005', '2016-03-02 16:43:50', '0:0:0:0:0:0:0:1', '', '1');
INSERT INTO `pcmc_uslogin_log` VALUES ('40288148533671fa0153367fa71f000c', '40288148532bfee801532c00a0930012', '2016-03-02 16:44:08', '0:0:0:0:0:0:0:1', '', '0');
INSERT INTO `pcmc_uslogin_log` VALUES ('40288148533671fa0153367fc0d0000e', '40288148532bfee801532c00a0930012', '2016-03-02 16:44:15', '0:0:0:0:0:0:0:1', '', '1');
INSERT INTO `pcmc_uslogin_log` VALUES ('40288148533671fa01533681ad320010', '1', '2016-03-02 16:46:21', '0:0:0:0:0:0:0:1', '', '1');
INSERT INTO `pcmc_uslogin_log` VALUES ('40288148533671fa0153368a14d70014', '1', '2016-03-02 16:55:32', '0:0:0:0:0:0:0:1', '', '1');
INSERT INTO `pcmc_uslogin_log` VALUES ('40288148533671fa0153368b600e0016', '1', '2016-03-02 16:56:57', '0:0:0:0:0:0:0:1', '', '1');
INSERT INTO `pcmc_uslogin_log` VALUES ('40288148533671fa015336b007630021', '40288009530b9c8901530bb1a1830005', '2016-03-02 17:36:59', '192.168.1.119', '', '1');
INSERT INTO `pcmc_uslogin_log` VALUES ('402881485336c2fc015336c2fcdd0000', '1', '2016-03-02 17:57:41', '0:0:0:0:0:0:0:1', '', '1');
INSERT INTO `pcmc_uslogin_log` VALUES ('402881485336c9f4015336c9f4c70000', '1', '2016-03-02 18:05:18', '0:0:0:0:0:0:0:1', '', '1');
INSERT INTO `pcmc_uslogin_log` VALUES ('402881485336c9f4015336cf920d0002', '40288009530b9c8901530bb1a1830005', '2016-03-02 18:11:26', '0:0:0:0:0:0:0:1', '', '1');
INSERT INTO `pcmc_uslogin_log` VALUES ('402881485336eaf5015336eaf5e60000', '40288009530b9c8901530bb1a1830005', '2016-03-02 18:41:21', '0:0:0:0:0:0:0:1', '', '1');
INSERT INTO `pcmc_uslogin_log` VALUES ('40288148533a008f01533a008fed0000', '40288009530b9c8901530bb1a1830005', '2016-03-03 09:03:48', '0:0:0:0:0:0:0:1', '', '1');
INSERT INTO `pcmc_uslogin_log` VALUES ('40288148533a008f01533a0bfc640010', '40288009530b9c8901530bb1a1830005', '2016-03-03 09:16:17', '192.168.1.119', '', '1');
INSERT INTO `pcmc_uslogin_log` VALUES ('40288148533a008f01533a28696e0097', '40288148532bfee801532c00a0930012', '2016-03-03 09:47:20', '192.168.1.105', '', '1');
INSERT INTO `pcmc_uslogin_log` VALUES ('40288148533a008f01533a45dd94009f', '40288148532bfee801532c00a0930012', '2016-03-03 10:19:30', '192.168.1.105', '', '1');
INSERT INTO `pcmc_uslogin_log` VALUES ('40288148533a4a2301533a4a23590000', '1', '2016-03-03 10:24:10', '0:0:0:0:0:0:0:1', '', '1');
INSERT INTO `pcmc_uslogin_log` VALUES ('40288148533a4a2301533a4e7ca30003', '40288148532bfee801532c00a0930012', '2016-03-03 10:28:55', '0:0:0:0:0:0:0:1', '', '0');
INSERT INTO `pcmc_uslogin_log` VALUES ('40288148533a4a2301533a4e92730005', '40288148532bfee801532c00a0930012', '2016-03-03 10:29:01', '0:0:0:0:0:0:0:1', '', '1');
INSERT INTO `pcmc_uslogin_log` VALUES ('40288148533a556c01533a556c7b0000', '1', '2016-03-03 10:36:30', '0:0:0:0:0:0:0:1', '', '1');
INSERT INTO `pcmc_uslogin_log` VALUES ('40288148533a556c01533a9fdb230002', '1', '2016-03-03 11:57:48', '0:0:0:0:0:0:0:1', '', '1');
INSERT INTO `pcmc_uslogin_log` VALUES ('40288148533a556c01533b031efc0005', '1', '2016-03-03 13:46:13', '0:0:0:0:0:0:0:1', '', '1');
INSERT INTO `pcmc_uslogin_log` VALUES ('40288148533a556c01533b16e391001f', '40288148532bfee801532c00a0930012', '2016-03-03 14:07:49', '192.168.1.105', '', '1');
INSERT INTO `pcmc_uslogin_log` VALUES ('40288148533a556c01533b25402c0021', '40288009530b9c8901530bb1a1830005', '2016-03-03 14:23:30', '0:0:0:0:0:0:0:1', '', '1');
INSERT INTO `pcmc_uslogin_log` VALUES ('40288148533a556c01533b2765c30024', '40288009530b9c8901530bb1a1830005', '2016-03-03 14:25:51', '192.168.1.105', '', '1');
INSERT INTO `pcmc_uslogin_log` VALUES ('40288148533a556c01533b27c92b0026', '40288148532bfee801532c00a0930012', '2016-03-03 14:26:16', '192.168.1.105', '', '1');
INSERT INTO `pcmc_uslogin_log` VALUES ('40288148533a556c01533b2b985e0028', '40288148532bfee801532c00a0930012', '2016-03-03 14:30:26', '192.168.1.105', '', '1');
INSERT INTO `pcmc_uslogin_log` VALUES ('40288148533a556c01533b5eaeaa0035', '40288009530b9c8901530bb1a1830005', '2016-03-03 15:26:14', '0:0:0:0:0:0:0:1', '', '1');
INSERT INTO `pcmc_uslogin_log` VALUES ('40288148533a556c01533b87f6550037', '40288148532bfee801532c00a0930012', '2016-03-03 16:11:19', '0:0:0:0:0:0:0:1', '', '1');
INSERT INTO `pcmc_uslogin_log` VALUES ('40288148533a556c01533b88f72c0039', '40288009530b9c8901530bb1a1830005', '2016-03-03 16:12:25', '0:0:0:0:0:0:0:1', '', '1');
INSERT INTO `pcmc_uslogin_log` VALUES ('40288148533a556c01533b89f39c003b', '40288148532bfee801532c00a0930012', '2016-03-03 16:13:29', '0:0:0:0:0:0:0:1', '', '1');
INSERT INTO `pcmc_uslogin_log` VALUES ('40288148533a556c01533b99c6c4003d', '40288148532bfee801532c00a0930012', '2016-03-03 16:30:46', '192.168.1.105', '', '1');
INSERT INTO `pcmc_uslogin_log` VALUES ('40288148533a556c01533baab292003f', '40288009530b9c8901530bb1a1830005', '2016-03-03 16:49:15', '0:0:0:0:0:0:0:1', '', '1');
INSERT INTO `pcmc_uslogin_log` VALUES ('40288148533a556c01533bbb7b960041', '1', '2016-03-03 17:07:35', '0:0:0:0:0:0:0:1', '', '0');
INSERT INTO `pcmc_uslogin_log` VALUES ('40288148533a556c01533bbcb6ad0043', '1', '2016-03-03 17:08:56', '0:0:0:0:0:0:0:1', '', '0');
INSERT INTO `pcmc_uslogin_log` VALUES ('40288148533a556c01533bccd7c90044', '40288009530b9c8901530bb1a1830005', '2016-03-03 17:26:33', '0:0:0:0:0:0:0:1', '', '1');
INSERT INTO `pcmc_uslogin_log` VALUES ('40288148533a556c01533bccd8800046', '40288009530b9c8901530bb1a1830005', '2016-03-03 17:26:33', '0:0:0:0:0:0:0:1', '', '1');
INSERT INTO `pcmc_uslogin_log` VALUES ('40288148533a556c01533bccd9e80048', '40288009530b9c8901530bb1a1830005', '2016-03-03 17:26:34', '0:0:0:0:0:0:0:1', '', '1');
INSERT INTO `pcmc_uslogin_log` VALUES ('40288148533a556c01533bf3dbe4004a', '40288009530b9c8901530bb1a1830005', '2016-03-03 18:09:10', '0:0:0:0:0:0:0:1', '', '1');
INSERT INTO `pcmc_uslogin_log` VALUES ('40288148533a556c01533f403b7e004d', '40288009530b9c8901530bb1a1830005', '2016-03-04 09:31:27', '192.168.1.115', '', '1');
INSERT INTO `pcmc_uslogin_log` VALUES ('40288148533a556c01533f4109e7004f', '40288009530b9c8901530bb1a1830005', '2016-03-04 09:32:20', '192.168.1.115', '', '1');
INSERT INTO `pcmc_uslogin_log` VALUES ('40288148533a556c01533f41418b0051', '40288009530b9c8901530bb1a1830005', '2016-03-04 09:32:34', '192.168.1.115', '', '0');
INSERT INTO `pcmc_uslogin_log` VALUES ('40288148533a556c01533f4166210053', '40288009530b9c8901530bb1a1830005', '2016-03-04 09:32:43', '192.168.1.115', '', '1');
INSERT INTO `pcmc_uslogin_log` VALUES ('40288148533a556c01533f41d8fb0055', '40288009530b9c8901530bb1a1830005', '2016-03-04 09:33:13', '192.168.1.115', '', '1');
INSERT INTO `pcmc_uslogin_log` VALUES ('40288148533a556c01533f41d9180056', '40288009530b9c8901530bb1a1830005', '2016-03-04 09:33:13', '192.168.1.115', '', '1');
INSERT INTO `pcmc_uslogin_log` VALUES ('40288148533a556c01533f5f63b1005a', '40288009530b9c8901530bb1a1830005', '2016-03-04 10:05:29', '0:0:0:0:0:0:0:1', '', '1');
INSERT INTO `pcmc_uslogin_log` VALUES ('40288148533a556c01533f8b703e005c', '40288009530b9c8901530bb1a1830005', '2016-03-04 10:53:36', '0:0:0:0:0:0:0:1', '', '1');
INSERT INTO `pcmc_uslogin_log` VALUES ('40288148533fa4ea01533fa4eaa50000', '40288009530b9c8901530bb1a1830005', '2016-03-04 11:21:25', '0:0:0:0:0:0:0:1', '', '1');
INSERT INTO `pcmc_uslogin_log` VALUES ('40288148533fa95801533fa958430000', '40288009530b9c8901530bb1a1830005', '2016-03-04 11:26:16', '0:0:0:0:0:0:0:1', '', '1');
INSERT INTO `pcmc_uslogin_log` VALUES ('40288148533fb2c001533fb2c04b0000', '40288009530b9c8901530bb1a1830005', '2016-03-04 11:36:32', '0:0:0:0:0:0:0:1', '', '1');
INSERT INTO `pcmc_uslogin_log` VALUES ('40288148533fb2c00153402ba7990004', '40288009530b9c8901530bb1a1830005', '2016-03-04 13:48:36', '0:0:0:0:0:0:0:1', '', '1');
INSERT INTO `pcmc_uslogin_log` VALUES ('402881485340f299015340f299810000', '40288009530b9c8901530bb1a1830005', '2016-03-04 17:25:54', '0:0:0:0:0:0:0:1', '', '1');
INSERT INTO `pcmc_uslogin_log` VALUES ('4028814853410bae0153410bae760000', '40288009530b9c8901530bb1a1830005', '2016-03-04 17:53:17', '0:0:0:0:0:0:0:1', '', '1');
INSERT INTO `pcmc_uslogin_log` VALUES ('4028814853411ace0153411ace4d0000', '40288009530b9c8901530bb1a1830005', '2016-03-04 18:09:49', '0:0:0:0:0:0:0:1', '', '1');
INSERT INTO `pcmc_uslogin_log` VALUES ('40288148534ed83201534ed832d70000', '40288009530b9c8901530bb1a1830005', '2016-03-07 10:11:44', '0:0:0:0:0:0:0:1', '', '1');
INSERT INTO `pcmc_uslogin_log` VALUES ('40288148534f2a4501534f2a456e0000', '40288009530b9c8901530bb1a1830005', '2016-03-07 11:41:23', '0:0:0:0:0:0:0:1', '', '1');
INSERT INTO `pcmc_uslogin_log` VALUES ('40288148534f2a4501534f2a83f40002', '1', '2016-03-07 11:41:39', '0:0:0:0:0:0:0:1', '', '1');
INSERT INTO `pcmc_uslogin_log` VALUES ('40288148534f2e2101534f2e211c0000', '1', '2016-03-07 11:45:36', '0:0:0:0:0:0:0:1', '', '1');
INSERT INTO `pcmc_uslogin_log` VALUES ('40288148534f39ae01534f39aee60000', '1', '2016-03-07 11:58:13', '0:0:0:0:0:0:0:1', '', '1');
INSERT INTO `pcmc_uslogin_log` VALUES ('40288148534f39ae01534f9ca51a0002', '1', '2016-03-07 13:46:19', '0:0:0:0:0:0:0:1', '', '1');
INSERT INTO `pcmc_uslogin_log` VALUES ('40288148534fa2b301534fa2b3ae0000', '1', '2016-03-07 13:52:56', '0:0:0:0:0:0:0:1', '', '1');
INSERT INTO `pcmc_uslogin_log` VALUES ('40288148534fcd9301534fcd93760000', '1', '2016-03-07 14:39:46', '0:0:0:0:0:0:0:1', '', '1');
INSERT INTO `pcmc_uslogin_log` VALUES ('40288148534fcd9301534fcfe4220004', '1', '2016-03-07 14:42:17', '0:0:0:0:0:0:0:1', '', '1');
INSERT INTO `pcmc_uslogin_log` VALUES ('40288148534fdf3e01534fdf3ea10000', '1', '2016-03-07 14:59:03', '0:0:0:0:0:0:0:1', '', '1');
INSERT INTO `pcmc_uslogin_log` VALUES ('40288148534fdf3e01534fff06460002', '40288009530b9c8901530bb1a1830005', '2016-03-07 15:33:46', '0:0:0:0:0:0:0:1', '', '1');
INSERT INTO `pcmc_uslogin_log` VALUES ('40288148534fdf3e01535003f6d00004', '1', '2016-03-07 15:39:10', '0:0:0:0:0:0:0:1', '', '1');
INSERT INTO `pcmc_uslogin_log` VALUES ('40288148535010140153501014190000', '1', '2016-03-07 15:52:24', '0:0:0:0:0:0:0:1', '', '1');
INSERT INTO `pcmc_uslogin_log` VALUES ('402881485350101401535036ac1d0003', '40288009530b9c8901530bb1a1830005', '2016-03-07 16:34:33', '0:0:0:0:0:0:0:1', '', '1');
INSERT INTO `pcmc_uslogin_log` VALUES ('402881485350101401535037a7300006', '1', '2016-03-07 16:35:37', '0:0:0:0:0:0:0:1', '', '1');
INSERT INTO `pcmc_uslogin_log` VALUES ('40288148535039de01535039def80000', '1', '2016-03-07 16:38:03', '0:0:0:0:0:0:0:1', '', '1');
INSERT INTO `pcmc_uslogin_log` VALUES ('4028814853503dab0153503dabba0000', '1', '2016-03-07 16:42:12', '0:0:0:0:0:0:0:1', '', '1');
INSERT INTO `pcmc_uslogin_log` VALUES ('4028814853504af10153504af1280000', '1', '2016-03-07 16:56:42', '127.0.0.1', '', '1');
INSERT INTO `pcmc_uslogin_log` VALUES ('4028814853509e9b0153509e9b310000', '1', '2016-03-07 18:28:05', '0:0:0:0:0:0:0:1', '', '1');
INSERT INTO `pcmc_uslogin_log` VALUES ('402881485350a3f7015350a3f7ee0000', '1', '2016-03-07 18:33:56', '0:0:0:0:0:0:0:1', '', '1');
INSERT INTO `pcmc_uslogin_log` VALUES ('402881485353cec7015353cec72e0000', '1', '2016-03-08 09:19:33', '0:0:0:0:0:0:0:1', '', '1');
INSERT INTO `pcmc_uslogin_log` VALUES ('402881485353f0d1015353f0d1530000', '1', '2016-03-08 09:56:44', '127.0.0.1', '', '1');
INSERT INTO `pcmc_uslogin_log` VALUES ('402881485353f0d1015353f5c2b70002', '1', '2016-03-08 10:02:08', '0:0:0:0:0:0:0:1', '', '1');
INSERT INTO `pcmc_uslogin_log` VALUES ('402881485353f796015353f7969f0000', '1', '2016-03-08 10:04:08', '0:0:0:0:0:0:0:1', '', '1');
INSERT INTO `pcmc_uslogin_log` VALUES ('4028814853540cc60153540cc62f0000', '40288009530b9c8901530bb1a1830005', '2016-03-08 10:27:16', '0:0:0:0:0:0:0:1', '', '1');
INSERT INTO `pcmc_uslogin_log` VALUES ('40288148535419b60153541ac7ef000d', '40288009530b9c8901530bb1a1830005', '2016-03-08 10:42:34', '0:0:0:0:0:0:0:1', '', '1');
INSERT INTO `pcmc_uslogin_log` VALUES ('4028814853542ce10153542ce1ea0000', '40288009530b9c8901530bb1a1830005', '2016-03-08 11:02:20', '0:0:0:0:0:0:0:1', '', '1');
INSERT INTO `pcmc_uslogin_log` VALUES ('402881485354345b015354345bdd0000', '40288009530b9c8901530bb1a1830005', '2016-03-08 11:10:30', '0:0:0:0:0:0:0:1', '', '1');
INSERT INTO `pcmc_uslogin_log` VALUES ('402881485354374c015354374c7f0000', '40288009530b9c8901530bb1a1830005', '2016-03-08 11:13:43', '0:0:0:0:0:0:0:1', '', '1');
INSERT INTO `pcmc_uslogin_log` VALUES ('4028814853543f230153543f23900000', '40288009530b9c8901530bb1a1830005', '2016-03-08 11:22:17', '0:0:0:0:0:0:0:1', '', '1');
INSERT INTO `pcmc_uslogin_log` VALUES ('4028814853543f230153543ff75a0002', '40288009530b9c8901530bb1a1830005', '2016-03-08 11:23:11', '0:0:0:0:0:0:0:1', '', '1');
INSERT INTO `pcmc_uslogin_log` VALUES ('40288148535453940153545394960000', '40288009530b9c8901530bb1a1830005', '2016-03-08 11:44:37', '0:0:0:0:0:0:0:1', '', '1');
INSERT INTO `pcmc_uslogin_log` VALUES ('402881485354630901535463090a0000', '40288009530b9c8901530bb1a1830005', '2016-03-08 12:01:29', '0:0:0:0:0:0:0:1', '', '1');
INSERT INTO `pcmc_uslogin_log` VALUES ('40288148535484c901535484c9880000', '40288009530b9c8901530bb1a1830005', '2016-03-08 12:38:21', '0:0:0:0:0:0:0:1', '', '1');
INSERT INTO `pcmc_uslogin_log` VALUES ('402881485354c2f2015354c2f2670000', '40288009530b9c8901530bb1a1830005', '2016-03-08 13:46:15', '0:0:0:0:0:0:0:1', '', '1');
INSERT INTO `pcmc_uslogin_log` VALUES ('402881485354d8ac015354d8ac260000', '40288009530b9c8901530bb1a1830005', '2016-03-08 14:09:59', '0:0:0:0:0:0:0:1', '', '1');
INSERT INTO `pcmc_uslogin_log` VALUES ('402881485354d8ac015354def1ad0003', '40288009530b9c8901530bb1a1830005', '2016-03-08 14:16:50', '0:0:0:0:0:0:0:1', '', '1');
INSERT INTO `pcmc_uslogin_log` VALUES ('402881485354d8ac015354e42a8f000a', '40288009530b9c8901530bb1a1830005', '2016-03-08 14:22:32', '192.168.1.102', '', '1');
INSERT INTO `pcmc_uslogin_log` VALUES ('40288148535514e201535514e25c0000', '40288009530b9c8901530bb1a1830005', '2016-03-08 15:15:45', '192.168.1.115', '', '0');
INSERT INTO `pcmc_uslogin_log` VALUES ('40288148535514e201535514fc090002', '40288009530b9c8901530bb1a1830005', '2016-03-08 15:15:51', '192.168.1.115', '', '1');
INSERT INTO `pcmc_uslogin_log` VALUES ('40288148535514e201535515205a0005', '40288009530b9c8901530bb1a1830005', '2016-03-08 15:16:01', '0:0:0:0:0:0:0:1', '', '1');
INSERT INTO `pcmc_uslogin_log` VALUES ('4028814853551e2f0153551e2f7c0000', '40288009530b9c8901530bb1a1830005', '2016-03-08 15:25:54', '192.168.1.115', '', '1');
INSERT INTO `pcmc_uslogin_log` VALUES ('4028814853551e2f0153551e6ade0002', '40288009530b9c8901530bb1a1830005', '2016-03-08 15:26:10', '0:0:0:0:0:0:0:1', '', '1');
INSERT INTO `pcmc_uslogin_log` VALUES ('402881485355288b015355288b550000', '40288009530b9c8901530bb1a1830005', '2016-03-08 15:37:13', '0:0:0:0:0:0:0:1', '', '1');
INSERT INTO `pcmc_uslogin_log` VALUES ('402881485355288b01535529ee8c0002', '40288009530b9c8901530bb1a1830005', '2016-03-08 15:38:44', '192.168.1.115', '', '1');
INSERT INTO `pcmc_uslogin_log` VALUES ('402881485355288b0153552c48b80004', '1', '2016-03-08 15:41:18', '0:0:0:0:0:0:0:1', '', '1');
INSERT INTO `pcmc_uslogin_log` VALUES ('402881485355288b0153552eecb80006', '1', '2016-03-08 15:44:11', '192.168.1.115', '', '1');
INSERT INTO `pcmc_uslogin_log` VALUES ('402881485355288b0153553333000009', '40288009530b9c8901530bb1a1830005', '2016-03-08 15:48:52', '192.168.1.115', '', '1');
INSERT INTO `pcmc_uslogin_log` VALUES ('402881485355288b01535535566b000b', '1', '2016-03-08 15:51:12', '0:0:0:0:0:0:0:1', '', '1');
INSERT INTO `pcmc_uslogin_log` VALUES ('402881485355288b015355756e66003b', '40288009530b9c8901530bb1a1830005', '2016-03-08 17:01:12', '0:0:0:0:0:0:0:1', '', '1');
INSERT INTO `pcmc_uslogin_log` VALUES ('40288148535579bc01535579bc3e0000', '40288009530b9c8901530bb1a1830005', '2016-03-08 17:05:54', '0:0:0:0:0:0:0:1', '', '1');
INSERT INTO `pcmc_uslogin_log` VALUES ('40288148535579bc0153557a426b0002', '1', '2016-03-08 17:06:29', '0:0:0:0:0:0:0:1', '', '1');
INSERT INTO `pcmc_uslogin_log` VALUES ('4028814853558cad0153558cadd20000', '1', '2016-03-08 17:26:36', '0:0:0:0:0:0:0:1', '', '1');
INSERT INTO `pcmc_uslogin_log` VALUES ('402881485355901901535590190f0000', '1', '2016-03-08 17:30:20', '0:0:0:0:0:0:0:1', '', '1');
INSERT INTO `pcmc_uslogin_log` VALUES ('402881485355901901535590a4c60002', '40288009530b9c8901530bb1a1830005', '2016-03-08 17:30:56', '0:0:0:0:0:0:0:1', '', '1');
INSERT INTO `pcmc_uslogin_log` VALUES ('4028814853559019015355bdc8e00006', '1', '2016-03-08 18:20:14', '0:0:0:0:0:0:0:1', '', '1');
INSERT INTO `pcmc_uslogin_log` VALUES ('402881485358f599015358f599360000', '1', '2016-03-09 09:20:03', '0:0:0:0:0:0:0:1', '', '1');
INSERT INTO `pcmc_uslogin_log` VALUES ('402881485358f59901535926f30d0003', '1', '2016-03-09 10:13:58', '0:0:0:0:0:0:0:1', '', '1');
INSERT INTO `pcmc_uslogin_log` VALUES ('402881485358f5990153592b88e50005', '40288148532bfee801532c00a0930012', '2016-03-09 10:18:58', '0:0:0:0:0:0:0:1', '', '0');
INSERT INTO `pcmc_uslogin_log` VALUES ('402881485358f5990153592b9cc40007', '40288148532bfee801532c00a0930012', '2016-03-09 10:19:03', '0:0:0:0:0:0:0:1', '', '1');
INSERT INTO `pcmc_uslogin_log` VALUES ('40288148535951660153595166320000', '1', '2016-03-09 11:00:20', '0:0:0:0:0:0:0:1', '', '1');
INSERT INTO `pcmc_uslogin_log` VALUES ('40288148535951660153595358440002', '40288148532bfee801532c00a0930012', '2016-03-09 11:02:27', '0:0:0:0:0:0:0:1', '', '1');
INSERT INTO `pcmc_uslogin_log` VALUES ('4028814853595166015359f1fdf20004', '40288009530b9c8901530bb1a1830005', '2016-03-09 13:55:44', '0:0:0:0:0:0:0:1', '', '1');
INSERT INTO `pcmc_uslogin_log` VALUES ('40288148535a092101535a0921eb0000', '40288009530b9c8901530bb1a1830005', '2016-03-09 14:21:01', '192.168.1.119', '', '1');
INSERT INTO `pcmc_uslogin_log` VALUES ('40288148535a092101535a0e07880007', '40288009530b9c8901530bb1a1830005', '2016-03-09 14:26:22', '0:0:0:0:0:0:0:1', '', '1');
INSERT INTO `pcmc_uslogin_log` VALUES ('40288148535a092101535a1cdd0f001e', '40288009530b9c8901530bb1a1830005', '2016-03-09 14:42:34', '0:0:0:0:0:0:0:1', '', '1');
INSERT INTO `pcmc_uslogin_log` VALUES ('40288148535a092101535a38cdd00020', '40288009530b9c8901530bb1a1830005', '2016-03-09 15:13:05', '0:0:0:0:0:0:0:1', '', '1');
INSERT INTO `pcmc_uslogin_log` VALUES ('40288148535a3cb801535a3cb8fb0000', '40288009530b9c8901530bb1a1830005', '2016-03-09 15:17:22', '0:0:0:0:0:0:0:1', '', '1');
INSERT INTO `pcmc_uslogin_log` VALUES ('40288148535a3cb801535a526b390002', '40288009530b9c8901530bb1a1830005', '2016-03-09 15:41:04', '192.168.1.119', '', '1');
INSERT INTO `pcmc_uslogin_log` VALUES ('40288148535a3cb801535a5d519d0004', '1', '2016-03-09 15:52:58', '0:0:0:0:0:0:0:1', '', '1');
INSERT INTO `pcmc_uslogin_log` VALUES ('40288148535a3cb801535a7ffefd000b', '40288009530b9c8901530bb1a1830005', '2016-03-09 16:30:51', '192.168.1.119', '', '0');
INSERT INTO `pcmc_uslogin_log` VALUES ('40288148535a3cb801535a802427000d', '40288009530b9c8901530bb1a1830005', '2016-03-09 16:31:00', '192.168.1.119', '', '1');
INSERT INTO `pcmc_uslogin_log` VALUES ('40288148535a970501535a97059f0000', '1', '2016-03-09 16:56:00', '0:0:0:0:0:0:0:1', '', '1');
INSERT INTO `pcmc_uslogin_log` VALUES ('40288148535e1d5701535e1d57710000', '40288009530b9c8901530bb1a1830005', '2016-03-10 09:21:34', '0:0:0:0:0:0:0:1', '', '1');
INSERT INTO `pcmc_uslogin_log` VALUES ('40288148535e1d5701535e24d4890002', '40288009530b9c8901530bb1a1830005', '2016-03-10 09:29:45', '192.168.1.119', '', '1');
INSERT INTO `pcmc_uslogin_log` VALUES ('40288148535e1d5701535e2771150004', '1', '2016-03-10 09:32:36', '192.168.1.119', '', '0');
INSERT INTO `pcmc_uslogin_log` VALUES ('40288148535e1d5701535e2790960006', '1', '2016-03-10 09:32:44', '192.168.1.119', '', '1');
INSERT INTO `pcmc_uslogin_log` VALUES ('40288148535e1d5701535e27f12c0008', '40288148532bfee801532c00a0930012', '2016-03-10 09:33:09', '192.168.1.119', '', '1');
INSERT INTO `pcmc_uslogin_log` VALUES ('40288148535e1d5701535e3b3b22000a', '40288009530b9c8901530bb1a1830005', '2016-03-10 09:54:13', '0:0:0:0:0:0:0:1', '', '1');
INSERT INTO `pcmc_uslogin_log` VALUES ('40288148535e1d5701535f03f3ce0012', '40288009530b9c8901530bb1a1830005', '2016-03-10 13:33:27', '0:0:0:0:0:0:0:1', '', '1');
INSERT INTO `pcmc_uslogin_log` VALUES ('40288148535e1d5701535f0a2cd00015', '1', '2016-03-10 13:40:15', '0:0:0:0:0:0:0:1', '', '1');
INSERT INTO `pcmc_uslogin_log` VALUES ('40288148535e1d5701535f0ca5d00017', '40288009530b9c8901530bb1a1830005', '2016-03-10 13:42:57', '0:0:0:0:0:0:0:1', '', '1');
INSERT INTO `pcmc_uslogin_log` VALUES ('40288148535e1d5701535f1ff76b001a', '1', '2016-03-10 14:04:03', '0:0:0:0:0:0:0:1', '', '1');
INSERT INTO `pcmc_uslogin_log` VALUES ('40288148535e1d5701535f3a310b001e', '40288009530b9c8901530bb1a1830005', '2016-03-10 14:32:42', '0:0:0:0:0:0:0:1', '', '1');
INSERT INTO `pcmc_uslogin_log` VALUES ('40288148535e1d5701535f3e409f0020', '1', '2016-03-10 14:37:08', '0:0:0:0:0:0:0:1', '', '1');
INSERT INTO `pcmc_uslogin_log` VALUES ('40288148535e1d5701535f3ea2c20022', '40288009530b9c8901530bb1a1830005', '2016-03-10 14:37:33', '0:0:0:0:0:0:0:1', '', '1');
INSERT INTO `pcmc_uslogin_log` VALUES ('40288148535e1d5701535f401d700024', '1', '2016-03-10 14:39:10', '0:0:0:0:0:0:0:1', '', '1');
INSERT INTO `pcmc_uslogin_log` VALUES ('40288148535e1d5701535f40a3d60026', '40288009530b9c8901530bb1a1830005', '2016-03-10 14:39:45', '0:0:0:0:0:0:0:1', '', '1');
INSERT INTO `pcmc_uslogin_log` VALUES ('40288148535f4ee101535f4ee1db0000', '40288009530b9c8901530bb1a1830005', '2016-03-10 14:55:18', '0:0:0:0:0:0:0:1', '', '1');
INSERT INTO `pcmc_uslogin_log` VALUES ('40288148535f4ee101535f634eb60002', '1', '2016-03-10 15:17:37', '0:0:0:0:0:0:0:1', '', '1');
INSERT INTO `pcmc_uslogin_log` VALUES ('40288148535f4ee101535f6a7c250004', '40288009530b9c8901530bb1a1830005', '2016-03-10 15:25:27', '0:0:0:0:0:0:0:1', '', '1');
INSERT INTO `pcmc_uslogin_log` VALUES ('40288148535f4ee101535f6c55030006', '1', '2016-03-10 15:27:28', '0:0:0:0:0:0:0:1', '', '1');
INSERT INTO `pcmc_uslogin_log` VALUES ('40288148535f4ee101535f73008e0008', '40288009530b9c8901530bb1a1830005', '2016-03-10 15:34:45', '0:0:0:0:0:0:0:1', '', '1');
INSERT INTO `pcmc_uslogin_log` VALUES ('40288148535f4ee101535fbaa62d000a', '40288009530b9c8901530bb1a1830005', '2016-03-10 16:53:01', '0:0:0:0:0:0:0:1', '', '1');
INSERT INTO `pcmc_uslogin_log` VALUES ('40288148535f4ee101535fc918fd000e', '40288009530b9c8901530bb1a1830005', '2016-03-10 17:08:47', '0:0:0:0:0:0:0:1', '', '1');
INSERT INTO `pcmc_uslogin_log` VALUES ('40288148535fccfe01535fccfee70000', '40288009530b9c8901530bb1a1830005', '2016-03-10 17:13:03', '0:0:0:0:0:0:0:1', '', '1');
INSERT INTO `pcmc_uslogin_log` VALUES ('40288148536344990153634499b70000', '40288009530b9c8901530bb1a1830005', '2016-03-11 09:22:33', '192.168.1.100', '', '1');
INSERT INTO `pcmc_uslogin_log` VALUES ('40288148536344990153634501170002', '1', '2016-03-11 09:22:59', '0:0:0:0:0:0:0:1', '', '1');
INSERT INTO `pcmc_uslogin_log` VALUES ('4028814853634499015363a47d3a0004', '1', '2016-03-11 11:07:17', '0:0:0:0:0:0:0:1', '', '1');
INSERT INTO `pcmc_uslogin_log` VALUES ('402881485363a5cf015363a5cf600000', '1', '2016-03-11 11:08:44', '0:0:0:0:0:0:0:1', '', '1');
INSERT INTO `pcmc_uslogin_log` VALUES ('402881485363b4fb015363b4fb570000', '1', '2016-03-11 11:25:18', '0:0:0:0:0:0:0:1', '', '1');
INSERT INTO `pcmc_uslogin_log` VALUES ('4028814853645c2d0153645c2dce0000', '1', '2016-03-11 14:27:55', '0:0:0:0:0:0:0:1', '', '1');
INSERT INTO `pcmc_uslogin_log` VALUES ('4028814853645c2d01536460fe730002', '40288009530b9c8901530bb1a1830005', '2016-03-11 14:33:11', '0:0:0:0:0:0:0:1', '', '1');
INSERT INTO `pcmc_uslogin_log` VALUES ('402881485364b19d015364b438900001', '40288009530b9c8901530bb1a1830005', '2016-03-11 16:04:05', '0:0:0:0:0:0:0:1', '', '1');
INSERT INTO `pcmc_uslogin_log` VALUES ('402881485364c2f5015364c2f5660000', '1', '2016-03-11 16:20:11', '0:0:0:0:0:0:0:1', '', '1');
INSERT INTO `pcmc_uslogin_log` VALUES ('402881485364cde2015364cde2cd0000', '1', '2016-03-11 16:32:07', '0:0:0:0:0:0:0:1', '', '1');
INSERT INTO `pcmc_uslogin_log` VALUES ('402881485364cde2015364e08a490002', '40288009530b9c8901530bb1a1830005', '2016-03-11 16:52:30', '0:0:0:0:0:0:0:1', '', '1');
INSERT INTO `pcmc_uslogin_log` VALUES ('402881485364cde2015364f464520011', '1', '2016-03-11 17:14:11', '0:0:0:0:0:0:0:1', '', '1');
INSERT INTO `pcmc_uslogin_log` VALUES ('402881485364cde2015364f4a1c20013', '40288009530b9c8901530bb1a1830005', '2016-03-11 17:14:27', '0:0:0:0:0:0:0:1', '', '1');
INSERT INTO `pcmc_uslogin_log` VALUES ('402881485364f879015364f879dd0000', '40288009530b9c8901530bb1a1830005', '2016-03-11 17:18:39', '0:0:0:0:0:0:0:1', '', '1');
INSERT INTO `pcmc_uslogin_log` VALUES ('402881485364f8790153650511700003', '1', '2016-03-11 17:32:24', '0:0:0:0:0:0:0:1', '', '1');
INSERT INTO `pcmc_uslogin_log` VALUES ('402881485373172d015373172d250000', '1', '2016-03-14 11:06:52', '0:0:0:0:0:0:0:1', '', '1');
INSERT INTO `pcmc_uslogin_log` VALUES ('4028814853733b9d0153733b9da50000', '40288009530b9c8901530bb1a1830005', '2016-03-14 11:46:40', '0:0:0:0:0:0:0:1', '', '1');
INSERT INTO `pcmc_uslogin_log` VALUES ('4028814853733b9d015373a5e64c0002', '1', '2016-03-14 13:42:45', '0:0:0:0:0:0:0:1', '', '1');
INSERT INTO `pcmc_uslogin_log` VALUES ('402881485373aa86015373aa86ba0000', '1', '2016-03-14 13:47:48', '0:0:0:0:0:0:0:1', '', '1');
INSERT INTO `pcmc_uslogin_log` VALUES ('402881485373aa86015373ab26cd0002', '1', '2016-03-14 13:48:29', '192.168.1.100', '', '1');
INSERT INTO `pcmc_uslogin_log` VALUES ('402881485373aa86015373af8271000a', '1', '2016-03-14 13:53:15', '192.168.1.161', '', '1');
INSERT INTO `pcmc_uslogin_log` VALUES ('402881485373aa86015373af8dd4000c', '1', '2016-03-14 13:53:18', '192.168.1.161', '', '1');
INSERT INTO `pcmc_uslogin_log` VALUES ('402881485373aa86015373afd316000e', '40288009530b9c8901530bb1a1830005', '2016-03-14 13:53:36', '0:0:0:0:0:0:0:1', '', '1');
INSERT INTO `pcmc_uslogin_log` VALUES ('402881485373bc3c015373bc3cf50000', '40288009530b9c8901530bb1a1830005', '2016-03-14 14:07:09', '0:0:0:0:0:0:0:1', '', '1');
INSERT INTO `pcmc_uslogin_log` VALUES ('402881485373da0d015373da0db30000', '40288009530b9c8901530bb1a1830005', '2016-03-14 14:39:43', '0:0:0:0:0:0:0:1', '', '1');
INSERT INTO `pcmc_uslogin_log` VALUES ('402881485373da0d015373dba4f30004', '1', '2016-03-14 14:41:27', '0:0:0:0:0:0:0:1', '', '1');
INSERT INTO `pcmc_uslogin_log` VALUES ('402881485373e7a5015373e7a50d0000', '1', '2016-03-14 14:54:34', '0:0:0:0:0:0:0:1', '', '1');
INSERT INTO `pcmc_uslogin_log` VALUES ('402881485373f13e015373f13edd0000', '40288009530b9c8901530bb1a1830005', '2016-03-14 15:05:03', '0:0:0:0:0:0:0:1', '', '1');
INSERT INTO `pcmc_uslogin_log` VALUES ('402881485373f432015373f432e10000', '40288009530b9c8901530bb1a1830005', '2016-03-14 15:08:16', '0:0:0:0:0:0:0:1', '', '1');
INSERT INTO `pcmc_uslogin_log` VALUES ('402881485373f8d8015373f8d8bb0000', '40288009530b9c8901530bb1a1830005', '2016-03-14 15:13:21', '0:0:0:0:0:0:0:1', '', '1');
INSERT INTO `pcmc_uslogin_log` VALUES ('402881485373f9b7015373f9b73f0000', '40288009530b9c8901530bb1a1830005', '2016-03-14 15:14:18', '0:0:0:0:0:0:0:1', '', '1');
INSERT INTO `pcmc_uslogin_log` VALUES ('402881485373f9b7015373fa08e60002', '1', '2016-03-14 15:14:39', '192.168.1.108', '', '1');
INSERT INTO `pcmc_uslogin_log` VALUES ('402881485373f9b70153741f49470008', '40288009530b9c8901530bb1a1830005', '2016-03-14 15:55:20', '0:0:0:0:0:0:0:1', '', '1');
INSERT INTO `pcmc_uslogin_log` VALUES ('402881485373f9b701537443da160016', '1', '2016-03-14 16:35:17', '192.168.1.108', '', '1');
INSERT INTO `pcmc_uslogin_log` VALUES ('40288148537457420153745742870000', '1', '2016-03-14 16:56:29', '0:0:0:0:0:0:0:1', '', '1');
INSERT INTO `pcmc_uslogin_log` VALUES ('4028814853745742015374607dab0002', '1', '2016-03-14 17:06:34', '0:0:0:0:0:0:0:1', '', '1');
INSERT INTO `pcmc_uslogin_log` VALUES ('40288148537457420153746276410004', '1', '2016-03-14 17:08:43', '0:0:0:0:0:0:0:1', '', '1');
INSERT INTO `pcmc_uslogin_log` VALUES ('4028814853745742015374701bec0006', '1', '2016-03-14 17:23:37', '0:0:0:0:0:0:0:1', '', '1');
INSERT INTO `pcmc_uslogin_log` VALUES ('40288148537457420153747592e90008', '1', '2016-03-14 17:29:35', '0:0:0:0:0:0:0:1', '', '1');
INSERT INTO `pcmc_uslogin_log` VALUES ('40288148537457420153747a8b75000a', '1', '2016-03-14 17:35:01', '0:0:0:0:0:0:0:1', '', '1');
INSERT INTO `pcmc_uslogin_log` VALUES ('402881485377f82f015377f82f830000', '1', '2016-03-15 09:51:07', '192.168.1.108', '', '1');
INSERT INTO `pcmc_uslogin_log` VALUES ('4028814853780b4b0153780b4b060000', '40288009530b9c8901530bb1a1830005', '2016-03-15 10:11:59', '0:0:0:0:0:0:0:1', '', '1');
INSERT INTO `pcmc_uslogin_log` VALUES ('402881485378333b015378333b370000', '40288009530b9c8901530bb1a1830005', '2016-03-15 10:55:36', '0:0:0:0:0:0:0:1', '', '1');
INSERT INTO `pcmc_uslogin_log` VALUES ('402881485378333b015378e71fe30005', '1', '2016-03-15 14:12:06', '0:0:0:0:0:0:0:1', '', '1');
INSERT INTO `pcmc_uslogin_log` VALUES ('402881485378333b015378e721210007', '1', '2016-03-15 14:12:06', '0:0:0:0:0:0:0:1', '', '1');
INSERT INTO `pcmc_uslogin_log` VALUES ('40288148537958f601537958f60c0000', '1', '2016-03-15 16:16:26', '0:0:0:0:0:0:0:1', '', '0');
INSERT INTO `pcmc_uslogin_log` VALUES ('40288148537958f601537959e4fc0002', '1', '2016-03-15 16:17:27', '0:0:0:0:0:0:0:1', '', '0');
INSERT INTO `pcmc_uslogin_log` VALUES ('40288148537958f60153795bd9010004', '1', '2016-03-15 16:19:35', '0:0:0:0:0:0:0:1', '', '0');
INSERT INTO `pcmc_uslogin_log` VALUES ('40288148537958f601537965a85b0006', '1', '2016-03-15 16:30:18', '0:0:0:0:0:0:0:1', '', '0');
INSERT INTO `pcmc_uslogin_log` VALUES ('4028814853822f920153822f92b60000', '1', '2016-03-17 09:27:49', '0:0:0:0:0:0:0:1', '', '1');
INSERT INTO `pcmc_uslogin_log` VALUES ('4028814853822f920153822f92c60001', '1', '2016-03-17 09:27:49', '0:0:0:0:0:0:0:1', '', '1');
INSERT INTO `pcmc_uslogin_log` VALUES ('4028814853822f920153822f92c70002', '1', '2016-03-17 09:27:49', '0:0:0:0:0:0:0:1', '', '1');
INSERT INTO `pcmc_uslogin_log` VALUES ('4028814853822f920153827590d10006', '1', '2016-03-17 10:44:16', '0:0:0:0:0:0:0:1', '', '1');
INSERT INTO `pcmc_uslogin_log` VALUES ('4028814853822f92015383a8b39a0008', '1', '2016-03-17 16:19:44', '0:0:0:0:0:0:0:1', '', '1');
INSERT INTO `pcmc_uslogin_log` VALUES ('4028814853822f92015383d40d18000f', '1', '2016-03-17 17:07:05', '0:0:0:0:0:0:0:1', '', '1');
INSERT INTO `pcmc_uslogin_log` VALUES ('4028814853822f92015383e3875d0013', '1', '2016-03-17 17:23:59', '192.168.1.161', '', '0');
INSERT INTO `pcmc_uslogin_log` VALUES ('4028814853822f92015383e3b34c0015', '1', '2016-03-17 17:24:11', '192.168.1.161', '', '1');
INSERT INTO `pcmc_uslogin_log` VALUES ('4028814853822f92015384014bda001a', '40288009530b9c8901530bb1a1830005', '2016-03-17 17:56:30', '0:0:0:0:0:0:0:1', '', '1');
INSERT INTO `pcmc_uslogin_log` VALUES ('40288148538750360153875036730000', '40288009530b9c8901530bb1a1830005', '2016-03-18 09:21:34', '0:0:0:0:0:0:0:1', '', '1');
INSERT INTO `pcmc_uslogin_log` VALUES ('40288148538750360153879597ad0008', '40288009530b9c8901530bb1a1830005', '2016-03-18 10:37:21', '0:0:0:0:0:0:0:1', '', '1');
INSERT INTO `pcmc_uslogin_log` VALUES ('40288148538750360153879a4d24000b', '40288009530b9c8901530bb1a1830005', '2016-03-18 10:42:29', '192.168.1.113', '', '1');
INSERT INTO `pcmc_uslogin_log` VALUES ('4028814853875036015387bc5e370013', '1', '2016-03-18 11:19:42', '0:0:0:0:0:0:0:1', '', '1');
INSERT INTO `pcmc_uslogin_log` VALUES ('4028814853875036015387bc67730015', '1', '2016-03-18 11:19:44', '0:0:0:0:0:0:0:1', '', '1');
INSERT INTO `pcmc_uslogin_log` VALUES ('4028814853883b5d0153883b5d010000', '40288009530b9c8901530bb1a1830005', '2016-03-18 13:38:25', '0:0:0:0:0:0:0:1', '', '1');
INSERT INTO `pcmc_uslogin_log` VALUES ('4028814853883b5d0153883f79110002', '1', '2016-03-18 13:42:54', '0:0:0:0:0:0:0:1', '', '1');
INSERT INTO `pcmc_uslogin_log` VALUES ('4028814853883b5d015388421aca0004', '1', '2016-03-18 13:45:46', '0:0:0:0:0:0:0:1', '', '1');
INSERT INTO `pcmc_uslogin_log` VALUES ('4028814853883b5d0153884305aa0006', '40288009530b9c8901530bb1a1830005', '2016-03-18 13:46:47', '0:0:0:0:0:0:0:1', '', '1');
INSERT INTO `pcmc_uslogin_log` VALUES ('4028814853972cb90153972cb9c20000', '1', '2016-03-21 11:16:44', '0:0:0:0:0:0:0:1', '', '1');
INSERT INTO `pcmc_uslogin_log` VALUES ('4028814853972cb90153972d16f30002', '40288009530b9c8901530bb1a1830005', '2016-03-21 11:17:07', '0:0:0:0:0:0:0:1', '', '1');
INSERT INTO `pcmc_uslogin_log` VALUES ('4028814853972cb901539848971c0005', '40288009530b9c8901530bb1a1830005', '2016-03-21 16:26:47', '0:0:0:0:0:0:0:1', '', '1');
INSERT INTO `pcmc_uslogin_log` VALUES ('402881485398829f015398829f310000', '40288009530b9c8901530bb1a1830005', '2016-03-21 17:30:10', '0:0:0:0:0:0:0:1', '', '1');
INSERT INTO `pcmc_uslogin_log` VALUES ('402881485398829f01539885c1180002', '40288009530b9c8901530bb1a1830005', '2016-03-21 17:33:35', '0:0:0:0:0:0:0:1', '', '1');
INSERT INTO `pcmc_uslogin_log` VALUES ('402881485398829f01539886e9c90004', '40288009530b9c8901530bb1a1830005', '2016-03-21 17:34:51', '0:0:0:0:0:0:0:1', '', '1');
INSERT INTO `pcmc_uslogin_log` VALUES ('402881485398829f01539888c66b0006', '40288009530b9c8901530bb1a1830005', '2016-03-21 17:36:53', '0:0:0:0:0:0:0:1', '', '1');
INSERT INTO `pcmc_uslogin_log` VALUES ('40288148539bed2601539bed268f0000', '40288009530b9c8901530bb1a1830005', '2016-03-22 09:25:23', '0:0:0:0:0:0:0:1', '', '1');
INSERT INTO `pcmc_uslogin_log` VALUES ('40288148539c52fe01539c52fe540000', '40288009530b9c8901530bb1a1830005', '2016-03-22 11:16:38', '0:0:0:0:0:0:0:1', '', '1');
INSERT INTO `pcmc_uslogin_log` VALUES ('40288148539c52fe01539ce29c430004', '1', '2016-03-22 13:53:30', '0:0:0:0:0:0:0:1', '', '1');
INSERT INTO `pcmc_uslogin_log` VALUES ('40288148539c52fe01539d0458e10006', '1', '2016-03-22 14:30:21', '0:0:0:0:0:0:0:1', '', '1');
INSERT INTO `pcmc_uslogin_log` VALUES ('40288148539c52fe01539d0643970008', '1', '2016-03-22 14:32:26', '192.168.1.102', '', '1');
INSERT INTO `pcmc_uslogin_log` VALUES ('40288148539c52fe01539d294180000a', '1', '2016-03-22 15:10:39', '0:0:0:0:0:0:0:1', '', '1');
INSERT INTO `pcmc_uslogin_log` VALUES ('40288148539c52fe01539d7461f7000c', '1', '2016-03-22 16:32:43', '0:0:0:0:0:0:0:1', '', '1');
INSERT INTO `pcmc_uslogin_log` VALUES ('40288148539d763601539d7636fd0000', '1', '2016-03-22 16:34:43', '0:0:0:0:0:0:0:1', '', '1');
INSERT INTO `pcmc_uslogin_log` VALUES ('40288148539d763601539d7c47030002', '40288009530b9c8901530bb1a1830005', '2016-03-22 16:41:20', '0:0:0:0:0:0:0:1', '', '1');
INSERT INTO `pcmc_uslogin_log` VALUES ('40288148539d763601539d7c61750004', '1', '2016-03-22 16:41:27', '0:0:0:0:0:0:0:1', '', '1');
INSERT INTO `pcmc_uslogin_log` VALUES ('40288148539d9a2f01539d9a2f430000', '1', '2016-03-22 17:14:00', '0:0:0:0:0:0:0:1', '', '1');
INSERT INTO `pcmc_uslogin_log` VALUES ('40288148539da6bf01539da6bfa70000', '1', '2016-03-22 17:27:44', '0:0:0:0:0:0:0:1', '', '1');
INSERT INTO `pcmc_uslogin_log` VALUES ('40288148539dafe001539dafe0bf0000', '1', '2016-03-22 17:37:42', '0:0:0:0:0:0:0:1', '', '1');
INSERT INTO `pcmc_uslogin_log` VALUES ('40288148539dafe001539db9b7e70003', '40288009530b9c8901530bb1a1830005', '2016-03-22 17:48:27', '0:0:0:0:0:0:0:1', '', '1');
INSERT INTO `pcmc_uslogin_log` VALUES ('40288148539dc17801539dc178100000', '1', '2016-03-22 17:56:55', '0:0:0:0:0:0:0:1', '', '1');
INSERT INTO `pcmc_uslogin_log` VALUES ('40288148539dc17801539dc19e8e0002', '40288009530b9c8901530bb1a1830005', '2016-03-22 17:57:05', '0:0:0:0:0:0:0:1', '', '1');
INSERT INTO `pcmc_uslogin_log` VALUES ('4028814853a1445a0153a1445a210000', '1', '2016-03-23 10:18:44', '0:0:0:0:0:0:0:1', '', '1');
INSERT INTO `pcmc_uslogin_log` VALUES ('4028814853a1491b0153a1491b170000', '40288009530b9c8901530bb1a1830005', '2016-03-23 10:23:56', '0:0:0:0:0:0:0:1', '', '1');
INSERT INTO `pcmc_uslogin_log` VALUES ('4028814853a268030153a26803040000', '40288009530b9c8901530bb1a1830005', '2016-03-23 15:37:18', '0:0:0:0:0:0:0:1', '', '1');
INSERT INTO `pcmc_uslogin_log` VALUES ('4028814853a268030153a284fbee0002', '1', '2016-03-23 16:08:57', '0:0:0:0:0:0:0:1', '', '1');
INSERT INTO `pcmc_uslogin_log` VALUES ('4028814853a268030153a289fd180004', '1', '2016-03-23 16:14:25', '0:0:0:0:0:0:0:1', '', '1');
INSERT INTO `pcmc_uslogin_log` VALUES ('4028814853a29fe30153a29fe3de0000', '1', '2016-03-23 16:38:20', '0:0:0:0:0:0:0:1', '', '1');
INSERT INTO `pcmc_uslogin_log` VALUES ('4028814853a29fe30153a2b814b20002', '40288009530b9c8901530bb1a1830005', '2016-03-23 17:04:46', '0:0:0:0:0:0:0:1', '', '1');
INSERT INTO `pcmc_uslogin_log` VALUES ('4028814853a29fe30153a2b84b330004', '1', '2016-03-23 17:05:00', '0:0:0:0:0:0:0:1', '', '1');
INSERT INTO `pcmc_uslogin_log` VALUES ('4028814853a29fe30153a2b8c3d10006', '40288009530b9c8901530bb1a1830005', '2016-03-23 17:05:31', '0:0:0:0:0:0:0:1', '', '1');
INSERT INTO `pcmc_uslogin_log` VALUES ('4028814853a29fe30153a2f352990008', '40288009530b9c8901530bb1a1830005', '2016-03-23 18:09:28', '0:0:0:0:0:0:0:1', '', '1');
INSERT INTO `pcmc_uslogin_log` VALUES ('4028814853a6a08c0153a6a08c600000', '40288009530b9c8901530bb1a1830005', '2016-03-24 11:17:32', '0:0:0:0:0:0:0:1', '', '1');
INSERT INTO `pcmc_uslogin_log` VALUES ('4028814853a6a08c0153a6b17e320002', '1', '2016-03-24 11:36:03', '0:0:0:0:0:0:0:1', '', '1');
INSERT INTO `pcmc_uslogin_log` VALUES ('4028814853a6a08c0153a757da0d0004', '1', '2016-03-24 14:37:45', '0:0:0:0:0:0:0:1', '', '1');
INSERT INTO `pcmc_uslogin_log` VALUES ('4028814853a6a08c0153a75bd81c0006', '40288009530b9c8901530bb1a1830005', '2016-03-24 14:42:07', '0:0:0:0:0:0:0:1', '', '1');
INSERT INTO `pcmc_uslogin_log` VALUES ('4028814853a6a08c0153a772b4920008', '1', '2016-03-24 15:07:05', '0:0:0:0:0:0:0:1', '', '1');
INSERT INTO `pcmc_uslogin_log` VALUES ('4028814853a6a08c0153a79604c9000a', '40288009530b9c8901530bb1a1830005', '2016-03-24 15:45:40', '0:0:0:0:0:0:0:1', '', '1');
INSERT INTO `pcmc_uslogin_log` VALUES ('4028814853a7a4150153a7a415530000', '1', '2016-03-24 16:01:01', '0:0:0:0:0:0:0:1', '', '1');
INSERT INTO `pcmc_uslogin_log` VALUES ('4028814853a7a4150153a7a5be120002', '40288009530b9c8901530bb1a1830005', '2016-03-24 16:02:50', '0:0:0:0:0:0:0:1', '', '1');
INSERT INTO `pcmc_uslogin_log` VALUES ('4028814853a7ad640153a7ad64a20000', '40288009530b9c8901530bb1a1830005', '2016-03-24 16:11:11', '0:0:0:0:0:0:0:1', '', '1');
INSERT INTO `pcmc_uslogin_log` VALUES ('4028814853a7d8800153a7d8805a0000', '40288009530b9c8901530bb1a1830005', '2016-03-24 16:58:17', '0:0:0:0:0:0:0:1', '', '1');
INSERT INTO `pcmc_uslogin_log` VALUES ('4028814853a7d8800153a8084f510002', '1', '2016-03-24 17:50:30', '0:0:0:0:0:0:0:1', '', '1');
INSERT INTO `pcmc_uslogin_log` VALUES ('4028814853a7d8800153a80d500e0004', '40288009530b9c8901530bb1a1830005', '2016-03-24 17:55:58', '0:0:0:0:0:0:0:1', '', '1');
INSERT INTO `pcmc_uslogin_log` VALUES ('4028814853a8225a0153a8225a1d0000', '40288009530b9c8901530bb1a1830005', '2016-03-24 18:18:56', '0:0:0:0:0:0:0:1', '', '1');
INSERT INTO `pcmc_uslogin_log` VALUES ('4028814853ab5be80153ab5be8130000', '1', '2016-03-25 09:20:40', '0:0:0:0:0:0:0:1', '', '1');
INSERT INTO `pcmc_uslogin_log` VALUES ('4028814853ab5be80153ab936b310002', '1', '2016-03-25 10:21:18', '192.168.1.108', '', '1');
INSERT INTO `pcmc_uslogin_log` VALUES ('4028814853abc77d0153abc77d270000', '40288009530b9c8901530bb1a1830005', '2016-03-25 11:18:10', '0:0:0:0:0:0:0:1', '', '1');
INSERT INTO `pcmc_uslogin_log` VALUES ('4028814853ac082a0153ac082a4d0000', '40288009530b9c8901530bb1a1830005', '2016-03-25 12:28:49', '0:0:0:0:0:0:0:1', '', '1');
INSERT INTO `pcmc_uslogin_log` VALUES ('4028814853ac1cf80153ac1cf8840000', '40288009530b9c8901530bb1a1830005', '2016-03-25 12:51:33', '0:0:0:0:0:0:0:1', '', '1');
INSERT INTO `pcmc_uslogin_log` VALUES ('4028814853ac1cf80153ac23164a0002', '1', '2016-03-25 12:58:13', '0:0:0:0:0:0:0:1', '', '1');
INSERT INTO `pcmc_uslogin_log` VALUES ('4028814853ac1cf80153ac2379d20004', '40288009530b9c8901530bb1a1830005', '2016-03-25 12:58:39', '192.168.1.113', '', '1');
INSERT INTO `pcmc_uslogin_log` VALUES ('4028814853ac1cf80153ac24c2440006', '40288009530b9c8901530bb1a1830005', '2016-03-25 13:00:03', '192.168.1.113', '', '1');
INSERT INTO `pcmc_uslogin_log` VALUES ('4028814853ac1cf80153ac2815ec0008', '40288009530b9c8901530bb1a1830005', '2016-03-25 13:03:41', '192.168.1.100', '', '1');
INSERT INTO `pcmc_uslogin_log` VALUES ('4028814853ac1cf80153ac2b1749000a', '1', '2016-03-25 13:06:58', '192.168.1.200', '', '1');
INSERT INTO `pcmc_uslogin_log` VALUES ('4028814853ac1cf80153ac2b360d000c', '40288009530b9c8901530bb1a1830005', '2016-03-25 13:07:06', '192.168.1.200', '', '1');
INSERT INTO `pcmc_uslogin_log` VALUES ('4028814853ac1cf80153ac3224e5000e', '40288009530b9c8901530bb1a1830005', '2016-03-25 13:14:40', '192.168.1.200', '', '1');
INSERT INTO `pcmc_uslogin_log` VALUES ('4028814853baf4290153baf4297d0000', '1', '2016-03-28 10:01:16', '0:0:0:0:0:0:0:1', '', '1');
INSERT INTO `pcmc_uslogin_log` VALUES ('4028814853baf4290153baf42b1e0002', '1', '2016-03-28 10:01:17', '0:0:0:0:0:0:0:1', '', '1');
INSERT INTO `pcmc_uslogin_log` VALUES ('4028814853bb039b0153bb039bd40000', '1', '2016-03-28 10:18:09', '0:0:0:0:0:0:0:1', '', '1');
INSERT INTO `pcmc_uslogin_log` VALUES ('4028814853bb039b0153bb039cd90002', '1', '2016-03-28 10:18:09', '0:0:0:0:0:0:0:1', '', '1');
INSERT INTO `pcmc_uslogin_log` VALUES ('4028814853bb039b0153bb03bc580004', '40288009530b9c8901530bb1a1830005', '2016-03-28 10:18:17', '0:0:0:0:0:0:0:1', '', '1');
INSERT INTO `pcmc_uslogin_log` VALUES ('4028814853bb090e0153bb090eda0000', '40288009530b9c8901530bb1a1830005', '2016-03-28 10:24:06', '0:0:0:0:0:0:0:1', '', '1');
INSERT INTO `pcmc_uslogin_log` VALUES ('4028814853bb090e0153bb2e0bf2000a', '40288009530b9c8901530bb1a1830005', '2016-03-28 11:04:30', '0:0:0:0:0:0:0:1', '', '1');
INSERT INTO `pcmc_uslogin_log` VALUES ('4028814853bb321e0153bb321e910000', '40288009530b9c8901530bb1a1830005', '2016-03-28 11:08:57', '0:0:0:0:0:0:0:1', '', '1');
INSERT INTO `pcmc_uslogin_log` VALUES ('4028814853bbbad70153bbbad7bc0000', '40288009530b9c8901530bb1a1830005', '2016-03-28 13:38:17', '0:0:0:0:0:0:0:1', '', '1');
INSERT INTO `pcmc_uslogin_log` VALUES ('4028814853bbe9830153bbe983130000', '40288009530b9c8901530bb1a1830005', '2016-03-28 14:29:16', '0:0:0:0:0:0:0:1', '', '1');
INSERT INTO `pcmc_uslogin_log` VALUES ('4028814853bc3f990153bc3f99de0000', '40288009530b9c8901530bb1a1830005', '2016-03-28 16:03:18', '0:0:0:0:0:0:0:1', '', '1');
INSERT INTO `pcmc_uslogin_log` VALUES ('4028814853bc6f4b0153bc6f4b430000', '40288009530b9c8901530bb1a1830005', '2016-03-28 16:55:23', '0:0:0:0:0:0:0:1', '', '1');
INSERT INTO `pcmc_uslogin_log` VALUES ('4028814853bc7ee90153bc7ee96d0000', '40288009530b9c8901530bb1a1830005', '2016-03-28 17:12:27', '0:0:0:0:0:0:0:1', '', '1');
INSERT INTO `pcmc_uslogin_log` VALUES ('4028814853bc84c80153bc84c8fa0000', '40288009530b9c8901530bb1a1830005', '2016-03-28 17:18:52', '0:0:0:0:0:0:0:1', '', '1');
INSERT INTO `pcmc_uslogin_log` VALUES ('4028814853bcab180153bcab182f0000', '40288009530b9c8901530bb1a1830005', '2016-03-28 18:00:42', '0:0:0:0:0:0:0:1', '', '1');
INSERT INTO `pcmc_uslogin_log` VALUES ('4028814853bcf8df0153bcf8df930000', '40288009530b9c8901530bb1a1830005', '2016-03-28 19:25:40', '0:0:0:0:0:0:0:1', '', '1');
INSERT INTO `pcmc_uslogin_log` VALUES ('4028814853bcfd4d0153bcfd4df50000', '40288009530b9c8901530bb1a1830005', '2016-03-28 19:30:30', '0:0:0:0:0:0:0:1', '', '1');
INSERT INTO `pcmc_uslogin_log` VALUES ('4028814853bd03f20153bd03f2110000', '40288009530b9c8901530bb1a1830005', '2016-03-28 19:37:45', '0:0:0:0:0:0:0:1', '', '1');
INSERT INTO `pcmc_uslogin_log` VALUES ('4028814853bd0a370153bd0a37c70000', '40288009530b9c8901530bb1a1830005', '2016-03-28 19:44:36', '0:0:0:0:0:0:0:1', '', '1');
INSERT INTO `pcmc_uslogin_log` VALUES ('4028814853bd11b20153bd11b2340000', '40288009530b9c8901530bb1a1830005', '2016-03-28 19:52:46', '0:0:0:0:0:0:0:1', '', '1');
INSERT INTO `pcmc_uslogin_log` VALUES ('4028814853bd1b0d0153bd1b0d830000', '40288009530b9c8901530bb1a1830005', '2016-03-28 20:03:00', '0:0:0:0:0:0:0:1', '', '1');
INSERT INTO `pcmc_uslogin_log` VALUES ('4028814853bd24fb0153bd24fb5b0000', '40288009530b9c8901530bb1a1830005', '2016-03-28 20:13:50', '0:0:0:0:0:0:0:1', '', '1');
INSERT INTO `pcmc_uslogin_log` VALUES ('4028814853bd24fb0153bd3ced540004', '1', '2016-03-28 20:40:00', '0:0:0:0:0:0:0:1', '', '1');
INSERT INTO `pcmc_uslogin_log` VALUES ('4028814853bff01a0153bff01a350000', '40288009530b9c8901530bb1a1830005', '2016-03-29 09:14:56', '0:0:0:0:0:0:0:1', '', '1');
INSERT INTO `pcmc_uslogin_log` VALUES ('4028814853bff87e0153bff87e0b0000', '40288009530b9c8901530bb1a1830005', '2016-03-29 09:24:06', '0:0:0:0:0:0:0:1', '', '1');
INSERT INTO `pcmc_uslogin_log` VALUES ('4028814853bffc6c0153bffc6c310000', '40288009530b9c8901530bb1a1830005', '2016-03-29 09:28:24', '0:0:0:0:0:0:0:1', '', '1');
INSERT INTO `pcmc_uslogin_log` VALUES ('4028814853bffc6c0153c01445cd000e', '1', '2016-03-29 09:54:27', '0:0:0:0:0:0:0:1', '', '1');
INSERT INTO `pcmc_uslogin_log` VALUES ('4028814853c018cb0153c018cbbb0000', '40288009530b9c8901530bb1a1830005', '2016-03-29 09:59:23', '0:0:0:0:0:0:0:1', '', '1');
INSERT INTO `pcmc_uslogin_log` VALUES ('4028814853c018cb0153c03674e80004', '1', '2016-03-29 10:31:47', '0:0:0:0:0:0:0:1', '', '1');
INSERT INTO `pcmc_uslogin_log` VALUES ('4028814853c040ac0153c040acdb0000', '40288009530b9c8901530bb1a1830005', '2016-03-29 10:42:57', '0:0:0:0:0:0:0:1', '', '1');
INSERT INTO `pcmc_uslogin_log` VALUES ('4028814853c043f50153c043f5a90000', '40288009530b9c8901530bb1a1830005', '2016-03-29 10:46:32', '0:0:0:0:0:0:0:1', '', '1');
INSERT INTO `pcmc_uslogin_log` VALUES ('4028814853c043f50153c05a43e20003', '1', '2016-03-29 11:10:54', '0:0:0:0:0:0:0:1', '', '1');
INSERT INTO `pcmc_uslogin_log` VALUES ('4028814853c0e1c40153c0e1c47e0000', '40288009530b9c8901530bb1a1830005', '2016-03-29 13:38:54', '0:0:0:0:0:0:0:1', '', '1');
INSERT INTO `pcmc_uslogin_log` VALUES ('4028814853c0f0f10153c0f0f1c40000', '40288009530b9c8901530bb1a1830005', '2016-03-29 13:55:29', '0:0:0:0:0:0:0:1', '', '0');
INSERT INTO `pcmc_uslogin_log` VALUES ('4028814853c0f0f10153c0f10ded0002', '40288009530b9c8901530bb1a1830005', '2016-03-29 13:55:36', '0:0:0:0:0:0:0:1', '', '1');
INSERT INTO `pcmc_uslogin_log` VALUES ('4028814853c0ffe20153c0ffe29f0000', '40288009530b9c8901530bb1a1830005', '2016-03-29 14:11:48', '0:0:0:0:0:0:0:1', '', '1');
INSERT INTO `pcmc_uslogin_log` VALUES ('4028814853c1017f0153c1017f400000', '40288009530b9c8901530bb1a1830005', '2016-03-29 14:13:34', '0:0:0:0:0:0:0:1', '', '1');
INSERT INTO `pcmc_uslogin_log` VALUES ('4028814853c105e50153c105e50e0000', '40288009530b9c8901530bb1a1830005', '2016-03-29 14:18:22', '0:0:0:0:0:0:0:1', '', '1');
INSERT INTO `pcmc_uslogin_log` VALUES ('4028814853c105e50153c118b9f10002', '1', '2016-03-29 14:38:56', '0:0:0:0:0:0:0:1', '', '1');
INSERT INTO `pcmc_uslogin_log` VALUES ('4028814853c105e50153c11d33650004', '40288009530b9c8901530bb1a1830005', '2016-03-29 14:43:49', '0:0:0:0:0:0:0:1', '', '1');
INSERT INTO `pcmc_uslogin_log` VALUES ('4028814853c105e50153c12109800006', '1', '2016-03-29 14:48:01', '0:0:0:0:0:0:0:1', '', '1');
INSERT INTO `pcmc_uslogin_log` VALUES ('4028814853c105e50153c1229ec90009', '40288009530b9c8901530bb1a1830005', '2016-03-29 14:49:44', '0:0:0:0:0:0:0:1', '', '1');
INSERT INTO `pcmc_uslogin_log` VALUES ('4028814853c125a00153c125a0510000', '40288009530b9c8901530bb1a1830005', '2016-03-29 14:53:01', '0:0:0:0:0:0:0:1', '', '1');
INSERT INTO `pcmc_uslogin_log` VALUES ('4028814853c125a00153c12745830003', '1', '2016-03-29 14:54:49', '0:0:0:0:0:0:0:1', '', '1');
INSERT INTO `pcmc_uslogin_log` VALUES ('4028814853c125a00153c12d2bce0005', '1', '2016-03-29 15:01:16', '0:0:0:0:0:0:0:1', '', '1');
INSERT INTO `pcmc_uslogin_log` VALUES ('4028814853c125a00153c12e7e840007', '40288009530b9c8901530bb1a1830005', '2016-03-29 15:02:43', '0:0:0:0:0:0:0:1', '', '1');
INSERT INTO `pcmc_uslogin_log` VALUES ('4028814853c125a00153c13037ec0009', '1', '2016-03-29 15:04:36', '0:0:0:0:0:0:0:1', '', '1');
INSERT INTO `pcmc_uslogin_log` VALUES ('4028814853c125a00153c13305f5000b', '40288009530b9c8901530bb1a1830005', '2016-03-29 15:07:39', '0:0:0:0:0:0:0:1', '', '1');
INSERT INTO `pcmc_uslogin_log` VALUES ('4028814853c125a00153c13eb9c0000e', '1', '2016-03-29 15:20:26', '0:0:0:0:0:0:0:1', '', '1');
INSERT INTO `pcmc_uslogin_log` VALUES ('4028814853c125a00153c1538c570010', '40288009530b9c8901530bb1a1830005', '2016-03-29 15:43:11', '0:0:0:0:0:0:0:1', '', '1');
INSERT INTO `pcmc_uslogin_log` VALUES ('4028814853c125a00153c1575f890014', '1', '2016-03-29 15:47:22', '0:0:0:0:0:0:0:1', '', '1');
INSERT INTO `pcmc_uslogin_log` VALUES ('4028814853c125a00153c15ab6d50016', '40288009530b9c8901530bb1a1830005', '2016-03-29 15:51:01', '0:0:0:0:0:0:0:1', '', '1');
INSERT INTO `pcmc_uslogin_log` VALUES ('4028814853c125a00153c160e03e0020', '1', '2016-03-29 15:57:44', '0:0:0:0:0:0:0:1', '', '1');
INSERT INTO `pcmc_uslogin_log` VALUES ('4028814853c125a00153c161fac30022', '40288009530b9c8901530bb1a1830005', '2016-03-29 15:58:57', '0:0:0:0:0:0:0:1', '', '1');
INSERT INTO `pcmc_uslogin_log` VALUES ('4028814853c125a00153c165680a0027', '1', '2016-03-29 16:02:41', '0:0:0:0:0:0:0:1', '', '1');
INSERT INTO `pcmc_uslogin_log` VALUES ('4028814853c125a00153c16ba5450029', '40288009530b9c8901530bb1a1830005', '2016-03-29 16:09:30', '0:0:0:0:0:0:0:1', '', '1');
INSERT INTO `pcmc_uslogin_log` VALUES ('4028814853c125a00153c16cba91002b', '1', '2016-03-29 16:10:41', '0:0:0:0:0:0:0:1', '', '1');
INSERT INTO `pcmc_uslogin_log` VALUES ('4028814853c125a00153c16e17f8002d', '40288009530b9c8901530bb1a1830005', '2016-03-29 16:12:11', '0:0:0:0:0:0:0:1', '', '1');
INSERT INTO `pcmc_uslogin_log` VALUES ('4028814853c187870153c18787880000', '40288009530b9c8901530bb1a1830005', '2016-03-29 16:39:58', '0:0:0:0:0:0:0:1', '', '1');
INSERT INTO `pcmc_uslogin_log` VALUES ('4028814853c18b3b0153c18b3b670000', '40288009530b9c8901530bb1a1830005', '2016-03-29 16:44:00', '0:0:0:0:0:0:0:1', '', '1');
INSERT INTO `pcmc_uslogin_log` VALUES ('4028814853c18b3b0153c18bfa380002', '40288009530b9c8901530bb1a1830005', '2016-03-29 16:44:49', '0:0:0:0:0:0:0:1', '', '1');
INSERT INTO `pcmc_uslogin_log` VALUES ('4028814853c18b3b0153c1a01f0e001c', '1', '2016-03-29 17:06:49', '0:0:0:0:0:0:0:1', '', '1');
INSERT INTO `pcmc_uslogin_log` VALUES ('4028814853c18b3b0153c1a6c214001e', '40288009530b9c8901530bb1a1830005', '2016-03-29 17:14:04', '0:0:0:0:0:0:0:1', '', '1');
INSERT INTO `pcmc_uslogin_log` VALUES ('4028814853c18b3b0153c1a7f5e50020', '1', '2016-03-29 17:15:23', '0:0:0:0:0:0:0:1', '', '1');
INSERT INTO `pcmc_uslogin_log` VALUES ('4028814853c1b1fe0153c1b1feef0000', '40288009530b9c8901530bb1a1830005', '2016-03-29 17:26:21', '0:0:0:0:0:0:0:1', '', '1');
INSERT INTO `pcmc_uslogin_log` VALUES ('4028814853c1b1fe0153c1c6744a0025', '40288009530b9c8901530bb1a1830005', '2016-03-29 17:48:41', '0:0:0:0:0:0:0:1', '', '1');
INSERT INTO `pcmc_uslogin_log` VALUES ('4028814853c1b1fe0153c1c835680027', '1', '2016-03-29 17:50:36', '0:0:0:0:0:0:0:1', '', '1');
INSERT INTO `pcmc_uslogin_log` VALUES ('4028814853c1d71c0153c1d71c080000', '40288009530b9c8901530bb1a1830005', '2016-03-29 18:06:53', '0:0:0:0:0:0:0:1', '', '1');
INSERT INTO `pcmc_uslogin_log` VALUES ('4028814853c203790153c203795f0000', '40288009530b9c8901530bb1a1830005', '2016-03-29 18:55:20', '0:0:0:0:0:0:0:1', '', '1');
INSERT INTO `pcmc_uslogin_log` VALUES ('4028814853c203790153c2329c250003', '40288009530b9c8901530bb1a1830005', '2016-03-29 19:46:50', '192.168.1.100', '', '1');
INSERT INTO `pcmc_uslogin_log` VALUES ('4028814853c203790153c23bac520005', '1', '2016-03-29 19:56:43', '0:0:0:0:0:0:0:1', '', '1');
INSERT INTO `pcmc_uslogin_log` VALUES ('4028814853c203790153c268307b000a', '40288009530b9c8901530bb1a1830005', '2016-03-29 20:45:21', '0:0:0:0:0:0:0:1', '', '1');
INSERT INTO `pcmc_uslogin_log` VALUES ('4028814853c270030153c270034e0000', '40288009530b9c8901530bb1a1830005', '2016-03-29 20:53:54', '0:0:0:0:0:0:0:1', '', '1');
INSERT INTO `pcmc_uslogin_log` VALUES ('4028814853c270030153c2808d950002', '1', '2016-03-29 21:11:58', '0:0:0:0:0:0:0:1', '', '1');
INSERT INTO `pcmc_uslogin_log` VALUES ('4028814853c270030153c2b614240007', '40288009530b9c8901530bb1a1830005', '2016-03-29 22:10:25', '0:0:0:0:0:0:0:1', '', '1');
INSERT INTO `pcmc_uslogin_log` VALUES ('4028814853c2b7300153c2b730060000', '40288009530b9c8901530bb1a1830005', '2016-03-29 22:11:38', '0:0:0:0:0:0:0:1', '', '1');
INSERT INTO `pcmc_uslogin_log` VALUES ('4028814853c515500153c515501c0000', '40288009530b9c8901530bb1a1830005', '2016-03-30 09:13:41', '0:0:0:0:0:0:0:1', '', '1');
INSERT INTO `pcmc_uslogin_log` VALUES ('4028814853c515500153c515b0800003', '1', '2016-03-30 09:14:06', '0:0:0:0:0:0:0:1', '', '1');
INSERT INTO `pcmc_uslogin_log` VALUES ('4028814853c515500153c533ff1f0006', '40288009530b9c8901530bb1a1830005', '2016-03-30 09:47:12', '0:0:0:0:0:0:0:1', '', '1');
INSERT INTO `pcmc_uslogin_log` VALUES ('4028814853c515500153c556eb710008', '1', '2016-03-30 10:25:21', '0:0:0:0:0:0:0:1', '', '1');
INSERT INTO `pcmc_uslogin_log` VALUES ('4028814853c562740153c56274280000', '40288009530b9c8901530bb1a1830005', '2016-03-30 10:37:57', '0:0:0:0:0:0:0:1', '', '1');
INSERT INTO `pcmc_uslogin_log` VALUES ('4028814853c562740153c56294790002', '1', '2016-03-30 10:38:05', '0:0:0:0:0:0:0:1', '', '1');
INSERT INTO `pcmc_uslogin_log` VALUES ('4028814853c598570153c59857500000', '40288009530b9c8901530bb1a1830005', '2016-03-30 11:36:48', '0:0:0:0:0:0:0:1', '', '1');
INSERT INTO `pcmc_uslogin_log` VALUES ('4028814853c59d5e0153c59d5e510000', '40288009530b9c8901530bb1a1830005', '2016-03-30 11:42:18', '0:0:0:0:0:0:0:1', '', '1');
INSERT INTO `pcmc_uslogin_log` VALUES ('4028814853c5a4f90153c5a4f9df0000', '40288009530b9c8901530bb1a1830005', '2016-03-30 11:50:36', '0:0:0:0:0:0:0:1', '', '1');
INSERT INTO `pcmc_uslogin_log` VALUES ('4028814853c5c6fc0153c5c6fcd90000', '40288009530b9c8901530bb1a1830005', '2016-03-30 12:27:45', '0:0:0:0:0:0:0:1', '', '1');
INSERT INTO `pcmc_uslogin_log` VALUES ('4028814853c5cb0b0153c5cb0b1a0000', '40288009530b9c8901530bb1a1830005', '2016-03-30 12:32:11', '0:0:0:0:0:0:0:1', '', '1');
INSERT INTO `pcmc_uslogin_log` VALUES ('4028814853c5d0620153c5d213610004', '40288009530b9c8901530bb1a1830005', '2016-03-30 12:39:52', '0:0:0:0:0:0:0:1', '', '1');
INSERT INTO `pcmc_uslogin_log` VALUES ('4028814853c5d66d0153c5d66daa0000', '1', '2016-03-30 12:44:37', '0:0:0:0:0:0:0:1', '', '1');
INSERT INTO `pcmc_uslogin_log` VALUES ('4028814853c5d66d0153c5d684780002', '40288009530b9c8901530bb1a1830005', '2016-03-30 12:44:43', '0:0:0:0:0:0:0:1', '', '1');
INSERT INTO `pcmc_uslogin_log` VALUES ('4028814853c617bc0153c617bcf50000', '1', '2016-03-30 13:55:57', '0:0:0:0:0:0:0:1', '', '1');
INSERT INTO `pcmc_uslogin_log` VALUES ('4028814853c6234a0153c6234a580000', '40288009530b9c8901530bb1a1830005', '2016-03-30 14:08:34', '0:0:0:0:0:0:0:1', '', '1');
INSERT INTO `pcmc_uslogin_log` VALUES ('4028814853c62fb20153c62fb2cf0000', '1', '2016-03-30 14:22:08', '0:0:0:0:0:0:0:1', '', '1');
INSERT INTO `pcmc_uslogin_log` VALUES ('4028814853c63d0f0153c63d0fdd0000', '40288009530b9c8901530bb1a1830005', '2016-03-30 14:36:43', '0:0:0:0:0:0:0:1', '', '1');
INSERT INTO `pcmc_uslogin_log` VALUES ('4028814853c63d0f0153c63d3be10002', '1', '2016-03-30 14:36:55', '0:0:0:0:0:0:0:1', '', '1');
INSERT INTO `pcmc_uslogin_log` VALUES ('4028814853c63ea30153c63ea3c80000', '1', '2016-03-30 14:38:27', '0:0:0:0:0:0:0:1', '', '1');
INSERT INTO `pcmc_uslogin_log` VALUES ('4028814853c640db0153c640db7d0000', '40288148532bfee801532c00a0930012', '2016-03-30 14:40:52', '0:0:0:0:0:0:0:1', '', '1');
INSERT INTO `pcmc_uslogin_log` VALUES ('4028814853c655660153c655669a0000', '40288148532bfee801532c00a0930012', '2016-03-30 15:03:18', '0:0:0:0:0:0:0:1', '', '0');
INSERT INTO `pcmc_uslogin_log` VALUES ('4028814853c655660153c65581f50002', '40288148532bfee801532c00a0930012', '2016-03-30 15:03:25', '0:0:0:0:0:0:0:1', '', '1');
INSERT INTO `pcmc_uslogin_log` VALUES ('4028814853c658cd0153c658cdc50000', '40288148532bfee801532c00a0930012', '2016-03-30 15:07:01', '0:0:0:0:0:0:0:1', '', '1');
INSERT INTO `pcmc_uslogin_log` VALUES ('4028814853c65bf10153c65bf13b0000', '40288148532bfee801532c00a0930012', '2016-03-30 15:10:27', '0:0:0:0:0:0:0:1', '', '1');
INSERT INTO `pcmc_uslogin_log` VALUES ('4028814853c65bf10153ca54e25f0048', '40288009530b9c8901530bb1a1830005', '2016-03-31 09:41:13', '0:0:0:0:0:0:0:1', '', '1');
INSERT INTO `pcmc_uslogin_log` VALUES ('4028814853c65bf10153ca551d6e004a', '40288148532bfee801532c00a0930012', '2016-03-31 09:41:29', '0:0:0:0:0:0:0:1', '', '1');
INSERT INTO `pcmc_uslogin_log` VALUES ('4028814853c65bf10153ca8033f9004c', '1', '2016-03-31 10:28:32', '0:0:0:0:0:0:0:1', '', '1');
INSERT INTO `pcmc_uslogin_log` VALUES ('4028814853c65bf10153ca8222d9004e', '40288148532bfee801532c00a0930012', '2016-03-31 10:30:39', '0:0:0:0:0:0:0:1', '', '1');
INSERT INTO `pcmc_uslogin_log` VALUES ('4028814853c65bf10153ca84291e005c', '40288009530b9c8901530bb1a1830005', '2016-03-31 10:32:52', '0:0:0:0:0:0:0:1', '', '1');
INSERT INTO `pcmc_uslogin_log` VALUES ('4028814853c65bf10153ca8836cd005e', '40288148532bfee801532c00a0930012', '2016-03-31 10:37:17', '0:0:0:0:0:0:0:1', '', '0');
INSERT INTO `pcmc_uslogin_log` VALUES ('4028814853c65bf10153ca884e2b0060', '40288148532bfee801532c00a0930012', '2016-03-31 10:37:23', '0:0:0:0:0:0:0:1', '', '1');
INSERT INTO `pcmc_uslogin_log` VALUES ('4028814853ca96780153ca9678250000', '40288148532bfee801532c00a0930012', '2016-03-31 10:52:52', '0:0:0:0:0:0:0:1', '', '0');
INSERT INTO `pcmc_uslogin_log` VALUES ('4028814853ca96780153ca96913b0002', '40288148532bfee801532c00a0930012', '2016-03-31 10:52:58', '0:0:0:0:0:0:0:1', '', '1');
INSERT INTO `pcmc_uslogin_log` VALUES ('4028814853caa0f50153caa0f57a0000', '40288148532bfee801532c00a0930012', '2016-03-31 11:04:19', '0:0:0:0:0:0:0:1', '', '1');
INSERT INTO `pcmc_uslogin_log` VALUES ('4028814853caa0f50153cab6fa490002', '40288009530b9c8901530bb1a1830005', '2016-03-31 11:28:22', '0:0:0:0:0:0:0:1', '', '1');
INSERT INTO `pcmc_uslogin_log` VALUES ('4028814853caa0f50153cb328f5b0006', '40288009530b9c8901530bb1a1830005', '2016-03-31 13:43:21', '0:0:0:0:0:0:0:1', '', '1');
INSERT INTO `pcmc_uslogin_log` VALUES ('4028814853cb36040153cb36045c0000', '40288009530b9c8901530bb1a1830005', '2016-03-31 13:47:08', '0:0:0:0:0:0:0:1', '', '1');
INSERT INTO `pcmc_uslogin_log` VALUES ('4028814853cb36040153cb5a09770002', '40288009530b9c8901530bb1a1830005', '2016-03-31 14:26:28', '0:0:0:0:0:0:0:1', '', '1');
INSERT INTO `pcmc_uslogin_log` VALUES ('4028814853cb36040153cb91597e0004', '40288009530b9c8901530bb1a1830005', '2016-03-31 15:26:53', '0:0:0:0:0:0:0:1', '', '1');
INSERT INTO `pcmc_uslogin_log` VALUES ('4028814853cb98680153cb98686b0000', '40288009530b9c8901530bb1a1830005', '2016-03-31 15:34:36', '0:0:0:0:0:0:0:1', '', '1');
INSERT INTO `pcmc_uslogin_log` VALUES ('4028814853cba5430153cba543420000', '40288009530b9c8901530bb1a1830005', '2016-03-31 15:48:38', '0:0:0:0:0:0:0:1', '', '1');
INSERT INTO `pcmc_uslogin_log` VALUES ('4028814853cbac1c0153cbac1c640000', '40288009530b9c8901530bb1a1830005', '2016-03-31 15:56:07', '0:0:0:0:0:0:0:1', '', '1');
INSERT INTO `pcmc_uslogin_log` VALUES ('4028814853cc5b060153cc5b06040000', '40288009530b9c8901530bb1a1830005', '2016-03-31 19:07:10', '0:0:0:0:0:0:0:1', '', '1');
INSERT INTO `pcmc_uslogin_log` VALUES ('4028814853cc5b060153cc5b25f10002', '1', '2016-03-31 19:07:18', '0:0:0:0:0:0:0:1', '', '1');
INSERT INTO `pcmc_uslogin_log` VALUES ('4028814853cc5b060153cc76245f0004', '40288009530b9c8901530bb1a1830005', '2016-03-31 19:36:47', '192.168.1.100', '', '1');
INSERT INTO `pcmc_uslogin_log` VALUES ('4028814853cc76db0153cc76dbb10000', '40288009530b9c8901530bb1a1830005', '2016-03-31 19:37:34', '192.168.1.100', '', '1');
INSERT INTO `pcmc_uslogin_log` VALUES ('4028814853cc76db0153cc7794580002', '40288009530b9c8901530bb1a1830005', '2016-03-31 19:38:22', '192.168.1.100', '', '1');
INSERT INTO `pcmc_uslogin_log` VALUES ('4028814853cc76db0153cc77eadf0004', '1', '2016-03-31 19:38:44', '192.168.1.100', '', '1');
INSERT INTO `pcmc_uslogin_log` VALUES ('4028814853cc76db0153cc7856720006', '1', '2016-03-31 19:39:11', '0:0:0:0:0:0:0:1', '', '1');
INSERT INTO `pcmc_uslogin_log` VALUES ('4028814853cc78be0153cc78bec40000', '40288009530b9c8901530bb1a1830005', '2016-03-31 19:39:38', '0:0:0:0:0:0:0:1', '', '1');
INSERT INTO `pcmc_uslogin_log` VALUES ('4028814853cc78be0153cc78db3b0002', '40288009530b9c8901530bb1a1830005', '2016-03-31 19:39:45', '192.168.1.100', '', '1');
INSERT INTO `pcmc_uslogin_log` VALUES ('4028814853cc78be0153cc7940480004', '40288009530b9c8901530bb1a1830005', '2016-03-31 19:40:11', '192.168.1.100', '', '1');
INSERT INTO `pcmc_uslogin_log` VALUES ('4028814853cc78be0153cc7940670005', '40288009530b9c8901530bb1a1830005', '2016-03-31 19:40:11', '192.168.1.100', '', '1');
INSERT INTO `pcmc_uslogin_log` VALUES ('4028814853cc78be0153cc7d91840008', '40288148532bfee801532c00a0930012', '2016-03-31 19:44:54', '192.168.1.100', '', '0');
INSERT INTO `pcmc_uslogin_log` VALUES ('4028814853cc78be0153cc7daa5d000a', '40288148532bfee801532c00a0930012', '2016-03-31 19:45:01', '192.168.1.100', '', '1');
INSERT INTO `pcmc_uslogin_log` VALUES ('4028814853cc83aa0153cc83aa870000', '40288148532bfee801532c00a0930012', '2016-03-31 19:51:34', '0:0:0:0:0:0:0:1', '', '1');
INSERT INTO `pcmc_uslogin_log` VALUES ('4028814853cf77780153cf77781c0000', '1', '2016-04-01 09:37:06', '0:0:0:0:0:0:0:1', '', '1');
INSERT INTO `pcmc_uslogin_log` VALUES ('4028814853cf77780153cf782b910002', '40288009530b9c8901530bb1a1830005', '2016-04-01 09:37:52', '0:0:0:0:0:0:0:1', '', '1');
INSERT INTO `pcmc_uslogin_log` VALUES ('4028814853cf77780153cf78bfeb0004', '1', '2016-04-01 09:38:30', '0:0:0:0:0:0:0:1', '', '1');
INSERT INTO `pcmc_uslogin_log` VALUES ('4028814853cf77780153cf790a5a0006', '40288009530b9c8901530bb1a1830005', '2016-04-01 09:38:49', '0:0:0:0:0:0:0:1', '', '1');
INSERT INTO `pcmc_uslogin_log` VALUES ('4028814853cf82370153cf8237ca0000', '40288009530b9c8901530bb1a1830005', '2016-04-01 09:48:51', '0:0:0:0:0:0:0:1', '', '1');
INSERT INTO `pcmc_uslogin_log` VALUES ('4028814853cf8a6c0153cf8a6c400000', '40288009530b9c8901530bb1a1830005', '2016-04-01 09:57:48', '0:0:0:0:0:0:0:1', '', '1');
INSERT INTO `pcmc_uslogin_log` VALUES ('4028814853cf94790153cf9479810000', '40288009530b9c8901530bb1a1830005', '2016-04-01 10:08:47', '0:0:0:0:0:0:0:1', '', '1');
INSERT INTO `pcmc_uslogin_log` VALUES ('4028814853cfa5b30153cfa5b3d30000', '1', '2016-04-01 10:27:36', '0:0:0:0:0:0:0:1', '', '1');
INSERT INTO `pcmc_uslogin_log` VALUES ('4028814853cfb2a50153cfb2a5990000', '40288009530b9c8901530bb1a1830005', '2016-04-01 10:41:44', '0:0:0:0:0:0:0:1', '', '1');
INSERT INTO `pcmc_uslogin_log` VALUES ('4028814853cfb5240153cfb524a60000', '40288009530b9c8901530bb1a1830005', '2016-04-01 10:44:28', '0:0:0:0:0:0:0:1', '', '1');
INSERT INTO `pcmc_uslogin_log` VALUES ('4028814853cfb88e0153cfb88ead0000', '40288009530b9c8901530bb1a1830005', '2016-04-01 10:48:12', '0:0:0:0:0:0:0:1', '', '1');
INSERT INTO `pcmc_uslogin_log` VALUES ('4028814853cfbaf10153cfbaf1e50000', '40288148532bfee801532c00a0930012', '2016-04-01 10:50:48', '0:0:0:0:0:0:0:1', '', '0');
INSERT INTO `pcmc_uslogin_log` VALUES ('4028814853cfbaf10153cfbb0d330002', '40288148532bfee801532c00a0930012', '2016-04-01 10:50:55', '0:0:0:0:0:0:0:1', '', '1');
INSERT INTO `pcmc_uslogin_log` VALUES ('4028814853cfc6dd0153cfc6dd220000', '40288148532bfee801532c00a0930012', '2016-04-01 11:03:49', '0:0:0:0:0:0:0:1', '', '1');
INSERT INTO `pcmc_uslogin_log` VALUES ('4028814853cfd8090153cfd8093b0000', '40288148532bfee801532c00a0930012', '2016-04-01 11:22:35', '0:0:0:0:0:0:0:1', '', '1');
INSERT INTO `pcmc_uslogin_log` VALUES ('4028814853cfd8090153cfd844c30002', '1', '2016-04-01 11:22:50', '0:0:0:0:0:0:0:1', '', '1');
INSERT INTO `pcmc_uslogin_log` VALUES ('4028814853cfd8090153cfd972ff0004', '40288148532bfee801532c00a0930012', '2016-04-01 11:24:07', '0:0:0:0:0:0:0:1', '', '1');
INSERT INTO `pcmc_uslogin_log` VALUES ('4028814853cfdee70153cfdee7920000', '40288148532bfee801532c00a0930012', '2016-04-01 11:30:05', '0:0:0:0:0:0:0:1', '', '1');
INSERT INTO `pcmc_uslogin_log` VALUES ('4028814853d020b40153d020b4ac0000', '40288148532bfee801532c00a0930012', '2016-04-01 12:41:57', '0:0:0:0:0:0:0:1', '', '1');
INSERT INTO `pcmc_uslogin_log` VALUES ('4028814853d051760153d05176920000', '40288148532bfee801532c00a0930012', '2016-04-01 13:35:13', '0:0:0:0:0:0:0:1', '', '1');
INSERT INTO `pcmc_uslogin_log` VALUES ('4028814853d05b440153d05c760a0002', '40288148532bfee801532c00a0930012', '2016-04-01 13:47:13', '0:0:0:0:0:0:0:1', '', '1');
INSERT INTO `pcmc_uslogin_log` VALUES ('4028814853d07b560153d07b56430000', '40288148532bfee801532c00a0930012', '2016-04-01 14:20:57', '0:0:0:0:0:0:0:1', '', '1');
INSERT INTO `pcmc_uslogin_log` VALUES ('4028814853d084af0153d084affb0000', '40288148532bfee801532c00a0930012', '2016-04-01 14:31:10', '0:0:0:0:0:0:0:1', '', '1');
INSERT INTO `pcmc_uslogin_log` VALUES ('4028814853d084af0153d0b1646f0031', '40288148532bfee801532c00a0930012', '2016-04-01 15:19:59', '192.168.1.100', '', '1');
INSERT INTO `pcmc_uslogin_log` VALUES ('4028814853d0b2df0153d0b2df2e0000', '40288148532bfee801532c00a0930012', '2016-04-01 15:21:36', '192.168.1.100', '', '1');
INSERT INTO `pcmc_uslogin_log` VALUES ('4028814853d0b2df0153d0b78dce0008', '40288148532bfee801532c00a0930012', '2016-04-01 15:26:43', '0:0:0:0:0:0:0:1', '', '1');
INSERT INTO `pcmc_uslogin_log` VALUES ('4028814853d0b2df0153d0b90670000b', '40288009530b9c8901530bb1a1830005', '2016-04-01 15:28:20', '0:0:0:0:0:0:0:1', '', '1');
INSERT INTO `pcmc_uslogin_log` VALUES ('4028814853d0b2df0153d0b94f4a000d', '40288148532bfee801532c00a0930012', '2016-04-01 15:28:38', '0:0:0:0:0:0:0:1', '', '1');
INSERT INTO `pcmc_uslogin_log` VALUES ('4028814853d0d5670153d0d5675b0000', '40288148532bfee801532c00a0930012', '2016-04-01 15:59:19', '0:0:0:0:0:0:0:1', '', '1');
INSERT INTO `pcmc_uslogin_log` VALUES ('4028814853d0f39f0153d0f49dd70006', '40288148532bfee801532c00a0930012', '2016-04-01 16:33:25', '0:0:0:0:0:0:0:1', '', '1');
INSERT INTO `pcmc_uslogin_log` VALUES ('4028814853d10dc70153d10dc7b60000', '40288148532bfee801532c00a0930012', '2016-04-01 17:00:54', '0:0:0:0:0:0:0:1', '', '1');
INSERT INTO `pcmc_uslogin_log` VALUES ('4028814853d10dc70153d11d86330004', '1', '2016-04-01 17:18:06', '0:0:0:0:0:0:0:1', '', '1');
INSERT INTO `pcmc_uslogin_log` VALUES ('4028814853d127dc0153d127dc5e0000', '40288148532bfee801532c00a0930012', '2016-04-01 17:29:23', '0:0:0:0:0:0:0:1', '', '1');
INSERT INTO `pcmc_uslogin_log` VALUES ('4028814853d12f750153d12f75870000', '40288148532bfee801532c00a0930012', '2016-04-01 17:37:41', '0:0:0:0:0:0:0:1', '', '1');
INSERT INTO `pcmc_uslogin_log` VALUES ('4028814853d145100153d14510d00000', '40288148532bfee801532c00a0930012', '2016-04-01 18:01:17', '0:0:0:0:0:0:0:1', '', '1');
INSERT INTO `pcmc_uslogin_log` VALUES ('4028814853d1473d0153d1473da80000', '40288148532bfee801532c00a0930012', '2016-04-01 18:03:40', '0:0:0:0:0:0:0:1', '', '1');
INSERT INTO `pcmc_uslogin_log` VALUES ('4028814853e9564e0153e9564e090000', '40288148532bfee801532c00a0930012', '2016-04-06 10:11:00', '0:0:0:0:0:0:0:1', '', '1');
INSERT INTO `pcmc_uslogin_log` VALUES ('4028814853e965a50153e965a54f0000', '40288148532bfee801532c00a0930012', '2016-04-06 10:27:46', '0:0:0:0:0:0:0:1', '', '1');
INSERT INTO `pcmc_uslogin_log` VALUES ('4028814853e9726c0153e9726c9b0000', '40288148532bfee801532c00a0930012', '2016-04-06 10:41:43', '0:0:0:0:0:0:0:1', '', '1');
INSERT INTO `pcmc_uslogin_log` VALUES ('4028814853e9726c0153e99a2dec0004', '40288148532bfee801532c00a0930012', '2016-04-06 11:25:08', '0:0:0:0:0:0:0:1', '', '1');
INSERT INTO `pcmc_uslogin_log` VALUES ('4028814853e9e68b0153e9e68bc90000', '40288148532bfee801532c00a0930012', '2016-04-06 12:48:33', '0:0:0:0:0:0:0:1', '', '1');
INSERT INTO `pcmc_uslogin_log` VALUES ('4028814853ea4daa0153ea7948af0015', '40288148532bfee801532c00a0930012', '2016-04-06 15:28:50', '0:0:0:0:0:0:0:1', '', '1');
INSERT INTO `pcmc_uslogin_log` VALUES ('4028814853ea7e6e0153ea7e6e240000', '40288148532bfee801532c00a0930012', '2016-04-06 15:34:27', '0:0:0:0:0:0:0:1', '', '1');
INSERT INTO `pcmc_uslogin_log` VALUES ('4028814853ea7e6e0153ea888eeb0004', '40288148532bfee801532c00a0930012', '2016-04-06 15:45:31', '0:0:0:0:0:0:0:1', '', '1');
INSERT INTO `pcmc_uslogin_log` VALUES ('4028814853ea9c480153ea9c48650000', '40288148532bfee801532c00a0930012', '2016-04-06 16:07:04', '0:0:0:0:0:0:0:1', '', '1');
INSERT INTO `pcmc_uslogin_log` VALUES ('4028814853eaa1d50153eaa1d5040000', '40288148532bfee801532c00a0930012', '2016-04-06 16:13:07', '0:0:0:0:0:0:0:1', '', '1');
INSERT INTO `pcmc_uslogin_log` VALUES ('4028814853eaa1d50153eaa8f8090002', '40288009530b9c8901530bb1a1830005', '2016-04-06 16:20:55', '0:0:0:0:0:0:0:1', '', '1');
INSERT INTO `pcmc_uslogin_log` VALUES ('4028814853eaa1d50153eabcd2c60004', '40288148532bfee801532c00a0930012', '2016-04-06 16:42:36', '0:0:0:0:0:0:0:1', '', '1');
INSERT INTO `pcmc_uslogin_log` VALUES ('4028814853eb19b50153eb19b5730000', '40288148532bfee801532c00a0930012', '2016-04-06 18:24:03', '0:0:0:0:0:0:0:1', '', '1');
INSERT INTO `pcmc_uslogin_log` VALUES ('4028814853eb19b50153eb2108db0004', '40288009530b9c8901530bb1a1830005', '2016-04-06 18:32:04', '0:0:0:0:0:0:0:1', '', '1');
INSERT INTO `pcmc_uslogin_log` VALUES ('4028814853ee52200153ee5220060000', '40288009530b9c8901530bb1a1830005', '2016-04-07 09:24:32', '0:0:0:0:0:0:0:1', '', '1');
INSERT INTO `pcmc_uslogin_log` VALUES ('4028814853ee7f4d0153ee7f4df80000', '1', '2016-04-07 10:13:53', '0:0:0:0:0:0:0:1', '', '1');
INSERT INTO `pcmc_uslogin_log` VALUES ('4028814853eeaf550153eeaf554a0000', '40288148532bfee801532c00a0930012', '2016-04-07 11:06:21', '0:0:0:0:0:0:0:1', '', '1');
INSERT INTO `pcmc_uslogin_log` VALUES ('4028814853eeb5b60153eeb5b69c0000', '40288148532bfee801532c00a0930012', '2016-04-07 11:13:19', '0:0:0:0:0:0:0:1', '', '1');
INSERT INTO `pcmc_uslogin_log` VALUES ('4028814853eec9aa0153eec9aa960000', '40288148532bfee801532c00a0930012', '2016-04-07 11:35:07', '0:0:0:0:0:0:0:1', '', '1');
INSERT INTO `pcmc_uslogin_log` VALUES ('4028814853eed9540153eed954cc0000', '40288148532bfee801532c00a0930012', '2016-04-07 11:52:13', '0:0:0:0:0:0:0:1', '', '1');
INSERT INTO `pcmc_uslogin_log` VALUES ('4028814853eed9540153ef0604370013', '40288009530b9c8901530bb1a1830005', '2016-04-07 12:41:02', '0:0:0:0:0:0:0:1', '', '1');
INSERT INTO `pcmc_uslogin_log` VALUES ('4028814853eed9540153ef0656cf0015', '40288148532bfee801532c00a0930012', '2016-04-07 12:41:23', '0:0:0:0:0:0:0:1', '', '1');
INSERT INTO `pcmc_uslogin_log` VALUES ('4028814853eed9540153ef493f3e001b', '40288148532bfee801532c00a0930012', '2016-04-07 13:54:28', '0:0:0:0:0:0:0:1', '', '1');
INSERT INTO `pcmc_uslogin_log` VALUES ('4028814853f39e1d0153f3a172930002', '40288148532bfee801532c00a0930012', '2016-04-08 10:09:17', '0:0:0:0:0:0:0:1', '', '1');
INSERT INTO `pcmc_uslogin_log` VALUES ('4028814853f3b2430153f3b243e00000', '40288009530b9c8901530bb1a1830005', '2016-04-08 10:27:39', '0:0:0:0:0:0:0:1', '', '1');
INSERT INTO `pcmc_uslogin_log` VALUES ('4028814853f3b2430153f3b2b15f0002', '40288148532bfee801532c00a0930012', '2016-04-08 10:28:07', '0:0:0:0:0:0:0:1', '', '1');
INSERT INTO `pcmc_uslogin_log` VALUES ('4028814853f429b50153f429b5130000', '40288009530b9c8901530bb1a1830005', '2016-04-08 12:38:07', '0:0:0:0:0:0:0:1', '', '1');
INSERT INTO `pcmc_uslogin_log` VALUES ('4028814853f429b50153f492b3f90002', '40288009530b9c8901530bb1a1830005', '2016-04-08 14:32:48', '192.168.1.100', '', '1');
INSERT INTO `pcmc_uslogin_log` VALUES ('4028814853f429b50153f49342310004', '1', '2016-04-08 14:33:24', '192.168.1.100', '', '1');
INSERT INTO `pcmc_uslogin_log` VALUES ('4028814853f429b50153f49401cc0006', '40288009530b9c8901530bb1a1830005', '2016-04-08 14:34:13', '192.168.1.100', '', '1');
INSERT INTO `pcmc_uslogin_log` VALUES ('4028814853f429b50153f49592710008', '1', '2016-04-08 14:35:56', '192.168.1.100', '', '1');
INSERT INTO `pcmc_uslogin_log` VALUES ('4028814853f50e7c0153f50e7c780000', '40288009530b9c8901530bb1a1830005', '2016-04-08 16:48:00', '0:0:0:0:0:0:0:1', '', '1');
INSERT INTO `pcmc_uslogin_log` VALUES ('40288148540351be01540351be3b0000', '40288009530b9c8901530bb1a1830005', '2016-04-11 11:16:09', '0:0:0:0:0:0:0:1', '', '1');
INSERT INTO `pcmc_uslogin_log` VALUES ('40288148540438950154043895150000', '40288009530b9c8901530bb1a1830005', '2016-04-11 15:28:17', '0:0:0:0:0:0:0:1', '', '1');
INSERT INTO `pcmc_uslogin_log` VALUES ('40288148540438950154047384960002', '40288009530b9c8901530bb1a1830005', '2016-04-11 16:32:40', '0:0:0:0:0:0:0:1', '', '1');
INSERT INTO `pcmc_uslogin_log` VALUES ('402881485409184b015409184b260000', '40288009530b9c8901530bb1a1830005', '2016-04-12 14:11:07', '0:0:0:0:0:0:0:1', '', '1');
INSERT INTO `pcmc_uslogin_log` VALUES ('40288148540934bb01540934bb4c0000', '40288009530b9c8901530bb1a1830005', '2016-04-12 14:42:11', '0:0:0:0:0:0:0:1', '', '1');
INSERT INTO `pcmc_uslogin_log` VALUES ('40288148540934bb0154095839460002', '40288009530b9c8901530bb1a1830005', '2016-04-12 15:20:57', '0:0:0:0:0:0:0:1', '', '1');
INSERT INTO `pcmc_uslogin_log` VALUES ('40288148540934bb0154095f82220004', '1', '2016-04-12 15:28:54', '0:0:0:0:0:0:0:1', '', '1');
INSERT INTO `pcmc_uslogin_log` VALUES ('40288148540934bb015409dd8bcb0006', '40288009530b9c8901530bb1a1830005', '2016-04-12 17:46:34', '0:0:0:0:0:0:0:1', '', '1');
INSERT INTO `pcmc_uslogin_log` VALUES ('402881485409e226015409e2260a0000', '40288009530b9c8901530bb1a1830005', '2016-04-12 17:51:36', '127.0.0.1', '', '1');
INSERT INTO `pcmc_uslogin_log` VALUES ('402881485409e7c4015409e7c49b0000', '40288009530b9c8901530bb1a1830005', '2016-04-12 17:57:44', '0:0:0:0:0:0:0:1', '', '1');
INSERT INTO `pcmc_uslogin_log` VALUES ('402881485409f056015409f0567a0000', '40288009530b9c8901530bb1a1830005', '2016-04-12 18:07:06', '0:0:0:0:0:0:0:1', '', '1');
INSERT INTO `pcmc_uslogin_log` VALUES ('402881485409f2cc015409f2ccb70000', '40288009530b9c8901530bb1a1830005', '2016-04-12 18:09:47', '0:0:0:0:0:0:0:1', '', '1');
INSERT INTO `pcmc_uslogin_log` VALUES ('402881485409f2cc015409f9fc9f0002', '1', '2016-04-12 18:17:38', '0:0:0:0:0:0:0:1', '', '1');
INSERT INTO `pcmc_uslogin_log` VALUES ('40288148540d346401540d3464b20000', '40288009530b9c8901530bb1a1830005', '2016-04-13 09:20:18', '0:0:0:0:0:0:0:1', '', '1');
INSERT INTO `pcmc_uslogin_log` VALUES ('40288148540d346401540d34b7860002', '1', '2016-04-13 09:20:39', '0:0:0:0:0:0:0:1', '', '1');
INSERT INTO `pcmc_uslogin_log` VALUES ('40288148540d346401540d34faeb0004', '1', '2016-04-13 09:20:56', '0:0:0:0:0:0:0:1', '', '1');
INSERT INTO `pcmc_uslogin_log` VALUES ('40288148540d346401540d49a0860008', '40288148532bfee801532c00a0930012', '2016-04-13 09:43:29', '0:0:0:0:0:0:0:1', '', '1');
INSERT INTO `pcmc_uslogin_log` VALUES ('40288148540d346401540d7448880012', '40288009530b9c8901530bb1a1830005', '2016-04-13 10:30:05', '0:0:0:0:0:0:0:1', '', '1');
INSERT INTO `pcmc_uslogin_log` VALUES ('40288148540ec9f801540ec9f8140000', '40288009530b9c8901530bb1a1830005', '2016-04-13 16:43:17', '192.168.1.200', '', '1');
INSERT INTO `pcmc_uslogin_log` VALUES ('40288148540ec9f801540eca029b0002', '40288009530b9c8901530bb1a1830005', '2016-04-13 16:43:20', '192.168.1.100', '', '1');
INSERT INTO `pcmc_uslogin_log` VALUES ('40288148540ecb9c01540ecb9c620000', '40288009530b9c8901530bb1a1830005', '2016-04-13 16:45:05', '0:0:0:0:0:0:0:1', '', '1');
INSERT INTO `pcmc_uslogin_log` VALUES ('40288148540ecb9c01540ecba4fc0002', '40288009530b9c8901530bb1a1830005', '2016-04-13 16:45:07', '192.168.1.100', '', '0');
INSERT INTO `pcmc_uslogin_log` VALUES ('40288148540ecc9401540ecc941c0000', '40288009530b9c8901530bb1a1830005', '2016-04-13 16:46:08', '0:0:0:0:0:0:0:1', '', '1');
INSERT INTO `pcmc_uslogin_log` VALUES ('40288148540ecd9d01540ecd9d320000', '1', '2016-04-13 16:47:16', '0:0:0:0:0:0:0:1', '', '1');
INSERT INTO `pcmc_uslogin_log` VALUES ('40288148540ece3d01540ece3d540000', '40288009530b9c8901530bb1a1830005', '2016-04-13 16:47:57', '0:0:0:0:0:0:0:1', '', '1');
INSERT INTO `pcmc_uslogin_log` VALUES ('40288148540ece3d01540ece5a680002', '40288009530b9c8901530bb1a1830005', '2016-04-13 16:48:05', '192.168.1.100', '', '1');
INSERT INTO `pcmc_uslogin_log` VALUES ('40288148540ede9a01540ede9a540000', '40288009530b9c8901530bb1a1830005', '2016-04-13 17:05:50', '0:0:0:0:0:0:0:1', '', '1');
INSERT INTO `pcmc_uslogin_log` VALUES ('40288148540ede9a01540ee581050003', '1', '2016-04-13 17:13:22', '0:0:0:0:0:0:0:1', '', '1');
INSERT INTO `pcmc_uslogin_log` VALUES ('40288148540ee62d01540ee62dbb0000', '40288009530b9c8901530bb1a1830005', '2016-04-13 17:14:06', '0:0:0:0:0:0:0:1', '', '1');
INSERT INTO `pcmc_uslogin_log` VALUES ('40288148540ee62d01540eeb62030003', '1', '2016-04-13 17:19:47', '0:0:0:0:0:0:0:1', '', '1');
INSERT INTO `pcmc_uslogin_log` VALUES ('40288148540ee62d01540eebe3410005', '40288009530b9c8901530bb1a1830005', '2016-04-13 17:20:20', '0:0:0:0:0:0:0:1', '', '1');
INSERT INTO `pcmc_uslogin_log` VALUES ('40288148540eecea01540eecead10000', '40288009530b9c8901530bb1a1830005', '2016-04-13 17:21:28', '0:0:0:0:0:0:0:1', '', '1');
INSERT INTO `pcmc_uslogin_log` VALUES ('40288148540f074501540f0745870000', '40288009530b9c8901530bb1a1830005', '2016-04-13 17:50:15', '0:0:0:0:0:0:0:1', '', '1');
INSERT INTO `pcmc_uslogin_log` VALUES ('40288148540f236f01540f236ff80000', '40288009530b9c8901530bb1a1830005', '2016-04-13 18:21:01', '0:0:0:0:0:0:0:1', '', '1');
INSERT INTO `pcmc_uslogin_log` VALUES ('40288148540f286d01540f286d630000', '40288009530b9c8901530bb1a1830005', '2016-04-13 18:26:28', '0:0:0:0:0:0:0:1', '', '1');
INSERT INTO `pcmc_uslogin_log` VALUES ('40288148540f2a0701540f2a07160000', '40288009530b9c8901530bb1a1830005', '2016-04-13 18:28:13', '0:0:0:0:0:0:0:1', '', '1');
INSERT INTO `pcmc_uslogin_log` VALUES ('40288148540f359201540f3592150000', '40288009530b9c8901530bb1a1830005', '2016-04-13 18:40:49', '0:0:0:0:0:0:0:1', '', '1');
INSERT INTO `pcmc_uslogin_log` VALUES ('40288148541254900154125490b50000', '40288009530b9c8901530bb1a1830005', '2016-04-14 09:13:32', '0:0:0:0:0:0:0:1', '', '1');
INSERT INTO `pcmc_uslogin_log` VALUES ('402881485412549001541254a52f0002', '1', '2016-04-14 09:13:37', '0:0:0:0:0:0:0:1', '', '1');
INSERT INTO `pcmc_uslogin_log` VALUES ('40288148541296da01541296da5d0000', '40288009530b9c8901530bb1a1830005', '2016-04-14 10:25:56', '0:0:0:0:0:0:0:1', '', '1');
INSERT INTO `pcmc_uslogin_log` VALUES ('402881485412a9c3015412a9c3d70000', '40288009530b9c8901530bb1a1830005', '2016-04-14 10:46:36', '0:0:0:0:0:0:0:1', '', '1');
INSERT INTO `pcmc_uslogin_log` VALUES ('402881485412c28f015412c28f410000', '40288009530b9c8901530bb1a1830005', '2016-04-14 11:13:41', '0:0:0:0:0:0:0:1', '', '1');
INSERT INTO `pcmc_uslogin_log` VALUES ('402881485412dff8015412dff8980000', '40288009530b9c8901530bb1a1830005', '2016-04-14 11:45:48', '0:0:0:0:0:0:0:1', '', '1');
INSERT INTO `pcmc_uslogin_log` VALUES ('402881485412dff8015413192fa80010', '1', '2016-04-14 12:48:18', '0:0:0:0:0:0:0:1', '', '1');
INSERT INTO `pcmc_uslogin_log` VALUES ('402881485412dff80154131bc4910015', '402881485412dff80154131b8c820012', '2016-04-14 12:51:07', '0:0:0:0:0:0:0:1', '', '1');
INSERT INTO `pcmc_uslogin_log` VALUES ('402881485412dff801541345d0e10017', '402881485412dff80154131b8c820012', '2016-04-14 13:37:03', '0:0:0:0:0:0:0:1', '', '1');
INSERT INTO `pcmc_uslogin_log` VALUES ('402881485412dff801541374549a0019', '402881485412dff80154131b8c820012', '2016-04-14 14:27:51', '0:0:0:0:0:0:0:1', '', '1');
INSERT INTO `pcmc_uslogin_log` VALUES ('402881485412dff8015413747838001b', '40288148532bfee801532c00a0930012', '2016-04-14 14:28:00', '0:0:0:0:0:0:0:1', '', '1');
INSERT INTO `pcmc_uslogin_log` VALUES ('4028814854177c0c0154177c0c500000', '40288009530b9c8901530bb1a1830005', '2016-04-15 09:14:46', '0:0:0:0:0:0:0:1', '', '1');
INSERT INTO `pcmc_uslogin_log` VALUES ('4028814854177c0c015417b87928000a', '40288009530b9c8901530bb1a1830005', '2016-04-15 10:20:46', '0:0:0:0:0:0:0:1', '', '1');
INSERT INTO `pcmc_uslogin_log` VALUES ('4028814854182c660154182c66400000', '40288009530b9c8901530bb1a1830005', '2016-04-15 12:27:23', '0:0:0:0:0:0:0:1', '', '1');
INSERT INTO `pcmc_uslogin_log` VALUES ('4028814854182c660154182cdce60002', '1', '2016-04-15 12:27:53', '0:0:0:0:0:0:0:1', '', '1');
INSERT INTO `pcmc_uslogin_log` VALUES ('4028814854182c660154182d88570004', '40288009530b9c8901530bb1a1830005', '2016-04-15 12:28:37', '0:0:0:0:0:0:0:1', '', '1');
INSERT INTO `pcmc_uslogin_log` VALUES ('4028814854182c660154183468460007', '1', '2016-04-15 12:36:08', '0:0:0:0:0:0:0:1', '', '1');
INSERT INTO `pcmc_uslogin_log` VALUES ('4028814854189d810154189d816a0000', '40288009530b9c8901530bb1a1830005', '2016-04-15 14:30:56', '0:0:0:0:0:0:0:1', '', '1');
INSERT INTO `pcmc_uslogin_log` VALUES ('4028814854189d810154189dcaec0002', '402881485412dff80154131b8c820012', '2016-04-15 14:31:14', '0:0:0:0:0:0:0:1', '', '1');
INSERT INTO `pcmc_uslogin_log` VALUES ('4028814854189d81015418a00f060004', '402881485412dff80154131b8c820012', '2016-04-15 14:33:43', '0:0:0:0:0:0:0:1', '', '1');
INSERT INTO `pcmc_uslogin_log` VALUES ('402881485418a7da015418a7da3b0000', '402881485412dff80154131b8c820012', '2016-04-15 14:42:14', '0:0:0:0:0:0:0:1', '', '1');
INSERT INTO `pcmc_uslogin_log` VALUES ('402881485418a9d1015418a9d1120000', '40288009530b9c8901530bb1a1830005', '2016-04-15 14:44:22', '0:0:0:0:0:0:0:1', '', '1');
INSERT INTO `pcmc_uslogin_log` VALUES ('402881485418a9d1015418aaabe90002', '1', '2016-04-15 14:45:18', '0:0:0:0:0:0:0:1', '', '1');
INSERT INTO `pcmc_uslogin_log` VALUES ('402881485418a9d1015418ab47c30004', '40288148532bfee801532c00a0930012', '2016-04-15 14:45:58', '0:0:0:0:0:0:0:1', '', '1');
INSERT INTO `pcmc_uslogin_log` VALUES ('402881485418a9d1015418ab91110006', '1', '2016-04-15 14:46:17', '0:0:0:0:0:0:0:1', '', '1');
INSERT INTO `pcmc_uslogin_log` VALUES ('402881485418a9d1015418b30b720008', '402881485412dff80154131b8c820012', '2016-04-15 14:54:27', '0:0:0:0:0:0:0:1', '', '1');
INSERT INTO `pcmc_uslogin_log` VALUES ('402881485418b41a015418b41a710000', '402881485412dff80154131b8c820012', '2016-04-15 14:55:37', '0:0:0:0:0:0:0:1', '', '1');
INSERT INTO `pcmc_uslogin_log` VALUES ('402881485418b41a015418b485530004', '40288148532bfee801532c00a0930012', '2016-04-15 14:56:04', '0:0:0:0:0:0:0:1', '', '1');
INSERT INTO `pcmc_uslogin_log` VALUES ('402881485418b41a015418f127f9000a', '1', '2016-04-15 16:02:18', '0:0:0:0:0:0:0:1', '', '1');
INSERT INTO `pcmc_uslogin_log` VALUES ('4028814854270ea40154270ea4690000', '1', '2016-04-18 09:49:11', '0:0:0:0:0:0:0:1', '', '1');
INSERT INTO `pcmc_uslogin_log` VALUES ('4028814854270f940154270f949e0000', '40288009530b9c8901530bb1a1830005', '2016-04-18 09:50:13', '0:0:0:0:0:0:0:1', '', '1');
INSERT INTO `pcmc_uslogin_log` VALUES ('4028814854271b7b0154271b7ba80000', '40288009530b9c8901530bb1a1830005', '2016-04-18 10:03:13', '0:0:0:0:0:0:0:1', '', '1');
INSERT INTO `pcmc_uslogin_log` VALUES ('4028814854271b7b01542732a1730002', '40288009530b9c8901530bb1a1830005', '2016-04-18 10:28:30', '0:0:0:0:0:0:0:1', '', '1');
INSERT INTO `pcmc_uslogin_log` VALUES ('40288148542e03d501542e03d58d0000', '40288009530b9c8901530bb1a1830005', '2016-04-19 18:14:43', '0:0:0:0:0:0:0:1', '', '1');
INSERT INTO `pcmc_uslogin_log` VALUES ('40288148542e03d501542e0520c00002', '1', '2016-04-19 18:16:08', '0:0:0:0:0:0:0:1', '', '1');
INSERT INTO `pcmc_uslogin_log` VALUES ('40288148542e03d501542e064df70004', '40288009530b9c8901530bb1a1830005', '2016-04-19 18:17:25', '0:0:0:0:0:0:0:1', '', '1');
INSERT INTO `pcmc_uslogin_log` VALUES ('40288148542e03d501542e06828a0006', '402881485412dff80154131b8c820012', '2016-04-19 18:17:39', '0:0:0:0:0:0:0:1', '', '1');
INSERT INTO `pcmc_uslogin_log` VALUES ('40288148542e03d501542e06c9da0008', '1', '2016-04-19 18:17:57', '0:0:0:0:0:0:0:1', '', '1');
INSERT INTO `pcmc_uslogin_log` VALUES ('40288148542e03d501542e0824d5000a', '402881485412dff80154131b8c820012', '2016-04-19 18:19:26', '0:0:0:0:0:0:0:1', '', '1');
INSERT INTO `pcmc_uslogin_log` VALUES ('40288148542e03d501542e089cd4000c', '1', '2016-04-19 18:19:57', '0:0:0:0:0:0:0:1', '', '1');
INSERT INTO `pcmc_uslogin_log` VALUES ('40288148542e03d501542e09429a000e', '402881485412dff80154131b8c820012', '2016-04-19 18:20:39', '0:0:0:0:0:0:0:1', '', '1');
INSERT INTO `pcmc_uslogin_log` VALUES ('40288148542e0a2701542e0a278b0000', '402881485412dff80154131b8c820012', '2016-04-19 18:21:38', '0:0:0:0:0:0:0:1', '', '1');
INSERT INTO `pcmc_uslogin_log` VALUES ('40288148542e0a2701542e395bc60009', '402881485412dff80154131b8c820012', '2016-04-19 19:13:11', '0:0:0:0:0:0:0:1', '', '1');
INSERT INTO `pcmc_uslogin_log` VALUES ('40288148542e0a2701542e741fa7000c', '402881485412dff80154131b8c820012', '2016-04-19 20:17:22', '0:0:0:0:0:0:0:1', '', '1');
INSERT INTO `pcmc_uslogin_log` VALUES ('402881ec5316755f015316755f7d0000', '1', '2016-02-25 11:25:04', '127.0.0.1', '', '1');
INSERT INTO `pcmc_uslogin_log` VALUES ('402881ec5316f7d5015316f7d5010000', '1', '2016-02-25 13:47:33', '127.0.0.1', '', '1');
INSERT INTO `pcmc_uslogin_log` VALUES ('402881ec532c441d01532c441dc60000', '1', '2016-02-29 17:02:54', '127.0.0.1', '', '1');
INSERT INTO `pcmc_uslogin_log` VALUES ('402881ec532ff7c501532ff7c5890000', '1', '2016-03-01 10:18:00', '127.0.0.1', '', '1');
INSERT INTO `pcmc_uslogin_log` VALUES ('402881ec5330000f015330000fe50000', '1', '2016-03-01 10:27:03', '127.0.0.1', '', '1');
INSERT INTO `pcmc_uslogin_log` VALUES ('402881ec5330000f01533005105e0002', '1', '2016-03-01 10:32:31', '127.0.0.1', '', '1');
INSERT INTO `pcmc_uslogin_log` VALUES ('402881ec5330061d015330061d6f0000', '1', '2016-03-01 10:33:40', '127.0.0.1', '', '1');
INSERT INTO `pcmc_uslogin_log` VALUES ('402881ec5330074601533007469a0000', '1', '2016-03-01 10:34:56', '127.0.0.1', '', '1');
INSERT INTO `pcmc_uslogin_log` VALUES ('402881ec533007f701533007f7ce0000', '1', '2016-03-01 10:35:41', '127.0.0.1', '', '1');
INSERT INTO `pcmc_uslogin_log` VALUES ('402881ec53300d160153300d16b60000', '1', '2016-03-01 10:41:17', '127.0.0.1', '', '1');
INSERT INTO `pcmc_uslogin_log` VALUES ('402881ec53300fb90153300fb9710000', '1', '2016-03-01 10:44:10', '127.0.0.1', '', '1');
INSERT INTO `pcmc_uslogin_log` VALUES ('402881ec53300fb9015330adebec0020', '1', '2016-03-01 13:36:57', '127.0.0.1', '', '1');
INSERT INTO `pcmc_uslogin_log` VALUES ('402881ec53300fb9015330e5bd950038', '1', '2016-03-01 14:37:55', '127.0.0.1', '', '1');
INSERT INTO `pcmc_uslogin_log` VALUES ('402881ec53300fb90153311326d9004a', '1', '2016-03-01 15:27:32', '127.0.0.1', '', '1');
INSERT INTO `pcmc_uslogin_log` VALUES ('402881ec53311b4e0153311b4eee0000', '1', '2016-03-01 15:36:26', '127.0.0.1', '', '1');
INSERT INTO `pcmc_uslogin_log` VALUES ('402881ec53311b4e01533174d2de0004', '1', '2016-03-01 17:14:13', '127.0.0.1', '', '1');
INSERT INTO `pcmc_uslogin_log` VALUES ('402881ec5334dccb015334dccba00000', '1', '2016-03-02 09:06:38', '127.0.0.1', '', '1');
INSERT INTO `pcmc_uslogin_log` VALUES ('402881ec535569b101535569b1980000', '1', '2016-03-08 16:48:23', '127.0.0.1', '', '1');
INSERT INTO `pcmc_uslogin_log` VALUES ('402881ec535569b1015355812b72000a', '1', '2016-03-08 17:14:01', '127.0.0.1', '', '1');
INSERT INTO `pcmc_uslogin_log` VALUES ('402881ec53593eb30153593eb3aa0000', '1', '2016-03-09 10:39:54', '127.0.0.1', '', '1');
INSERT INTO `pcmc_uslogin_log` VALUES ('402881ec53593fdd0153593fdd110000', '1', '2016-03-09 10:41:10', '127.0.0.1', '', '1');
INSERT INTO `pcmc_uslogin_log` VALUES ('402881ec535942020153594202960000', '1', '2016-03-09 10:43:31', '127.0.0.1', '', '1');
INSERT INTO `pcmc_uslogin_log` VALUES ('402881ec53594a510153594a519d0000', '1', '2016-03-09 10:52:36', '127.0.0.1', '', '1');
INSERT INTO `pcmc_uslogin_log` VALUES ('402881ec5359f1ac015359f1ac460000', '1', '2016-03-09 13:55:23', '127.0.0.1', '', '1');
INSERT INTO `pcmc_uslogin_log` VALUES ('402881ec5359f5ab015359f5ab460000', '1', '2016-03-09 13:59:45', '127.0.0.1', '', '1');
INSERT INTO `pcmc_uslogin_log` VALUES ('402881ec5359fc6d015359fc6d580000', '1', '2016-03-09 14:07:08', '127.0.0.1', '', '1');
INSERT INTO `pcmc_uslogin_log` VALUES ('402881ec5359fe56015359fe56540000', '1', '2016-03-09 14:09:13', '127.0.0.1', '', '1');
INSERT INTO `pcmc_uslogin_log` VALUES ('402881ec535a0f7801535a0f78ee0000', '1', '2016-03-09 14:27:56', '127.0.0.1', '', '1');
INSERT INTO `pcmc_uslogin_log` VALUES ('402881ec535a168201535a1682960000', '1', '2016-03-09 14:35:37', '127.0.0.1', '', '1');
INSERT INTO `pcmc_uslogin_log` VALUES ('402881ec535a1c1501535a1c158a0000', '1', '2016-03-09 14:41:43', '127.0.0.1', '', '1');
INSERT INTO `pcmc_uslogin_log` VALUES ('402881ec535a363a01535a363a660000', '1', '2016-03-09 15:10:16', '127.0.0.1', '', '1');
INSERT INTO `pcmc_uslogin_log` VALUES ('402881ec535a386301535a3863480000', '1', '2016-03-09 15:12:38', '127.0.0.1', '', '1');
INSERT INTO `pcmc_uslogin_log` VALUES ('402881ec535a39ac01535a39ac890000', '1', '2016-03-09 15:14:02', '127.0.0.1', '', '1');
INSERT INTO `pcmc_uslogin_log` VALUES ('402881ec535a40e401535a40e4f90000', '1', '2016-03-09 15:21:55', '127.0.0.1', '', '1');
INSERT INTO `pcmc_uslogin_log` VALUES ('402881ec535a41b301535a41b3e20000', '1', '2016-03-09 15:22:48', '127.0.0.1', '', '1');
INSERT INTO `pcmc_uslogin_log` VALUES ('402881ec535a4f7e01535a4f7ec50000', '1', '2016-03-09 15:37:52', '127.0.0.1', '', '1');
INSERT INTO `pcmc_uslogin_log` VALUES ('402881ec535a641301535a6413590000', '1', '2016-03-09 16:00:21', '127.0.0.1', '', '1');
INSERT INTO `pcmc_uslogin_log` VALUES ('402881ec535a690401535a6904c10000', '1', '2016-03-09 16:05:45', '127.0.0.1', '', '1');
INSERT INTO `pcmc_uslogin_log` VALUES ('402881ec535a6ae401535a6ae4af0000', '1', '2016-03-09 16:07:48', '127.0.0.1', '', '1');
INSERT INTO `pcmc_uslogin_log` VALUES ('402881ec535a6c0301535a6c03eb0000', '1', '2016-03-09 16:09:01', '127.0.0.1', '', '1');
INSERT INTO `pcmc_uslogin_log` VALUES ('402881ec535a796701535a7967700000', '1', '2016-03-09 16:23:39', '127.0.0.1', '', '1');
INSERT INTO `pcmc_uslogin_log` VALUES ('402881ec535e44da01535e44dabf0000', '1', '2016-03-10 10:04:44', '127.0.0.1', '', '1');
INSERT INTO `pcmc_uslogin_log` VALUES ('402881ec535f0ce001535f0ce0170000', '1', '2016-03-10 13:43:12', '127.0.0.1', '', '1');
INSERT INTO `pcmc_uslogin_log` VALUES ('402881ec535f1f4c01535f1f4ca60000', '1', '2016-03-10 14:03:20', '127.0.0.1', '', '1');
INSERT INTO `pcmc_uslogin_log` VALUES ('402881ec535f284001535f2840360000', '1', '2016-03-10 14:13:06', '127.0.0.1', '', '1');
INSERT INTO `pcmc_uslogin_log` VALUES ('402881ec535f4d5e01535f4d5e740000', '1', '2016-03-10 14:53:39', '127.0.0.1', '', '1');
INSERT INTO `pcmc_uslogin_log` VALUES ('402881ec536353da01536353da1c0000', '1', '2016-03-11 09:39:13', '127.0.0.1', '', '1');
INSERT INTO `pcmc_uslogin_log` VALUES ('402881ec536356050153635605230000', '1', '2016-03-11 09:41:35', '127.0.0.1', '', '1');
INSERT INTO `pcmc_uslogin_log` VALUES ('402881ec536357500153635750f50000', '1', '2016-03-11 09:43:00', '127.0.0.1', '', '1');
INSERT INTO `pcmc_uslogin_log` VALUES ('402881ec536358bf01536358bf5b0000', '1', '2016-03-11 09:44:33', '127.0.0.1', '', '1');
INSERT INTO `pcmc_uslogin_log` VALUES ('402881ec536367390153636739560000', '1', '2016-03-11 10:00:22', '127.0.0.1', '', '1');
INSERT INTO `pcmc_uslogin_log` VALUES ('402881ec53636b320153636b321e0000', '1', '2016-03-11 10:04:42', '127.0.0.1', '', '1');
INSERT INTO `pcmc_uslogin_log` VALUES ('402881ec53636fe50153636fe5890000', '1', '2016-03-11 10:09:50', '127.0.0.1', '', '1');
INSERT INTO `pcmc_uslogin_log` VALUES ('402881ec53636fe50153637b58e60002', '1', '2016-03-11 10:22:21', '127.0.0.1', '', '1');
INSERT INTO `pcmc_uslogin_log` VALUES ('402881ec536387010153638701c60000', '1', '2016-03-11 10:35:05', '127.0.0.1', '', '1');
INSERT INTO `pcmc_uslogin_log` VALUES ('402881ec536387010153638c19400002', '1', '2016-03-11 10:40:39', '127.0.0.1', '', '1');
INSERT INTO `pcmc_uslogin_log` VALUES ('402881ec53638de10153638de1c70000', '1', '2016-03-11 10:42:36', '127.0.0.1', '', '1');
INSERT INTO `pcmc_uslogin_log` VALUES ('402881ec53638f830153638f83830000', '1', '2016-03-11 10:44:23', '127.0.0.1', '', '1');
INSERT INTO `pcmc_uslogin_log` VALUES ('402881ec536394ee01536394ee840000', '1', '2016-03-11 10:50:18', '127.0.0.1', '', '1');
INSERT INTO `pcmc_uslogin_log` VALUES ('402881ec53648df80153648df8960000', '1', '2016-03-11 15:22:19', '127.0.0.1', '', '1');
INSERT INTO `pcmc_uslogin_log` VALUES ('402881ec5364948501536494854f0000', '1', '2016-03-11 15:29:28', '127.0.0.1', '', '1');
INSERT INTO `pcmc_uslogin_log` VALUES ('402881ec536495a501536495a5a60000', '1', '2016-03-11 15:30:42', '127.0.0.1', '', '1');
INSERT INTO `pcmc_uslogin_log` VALUES ('402881ec5364977e015364977e970000', '1', '2016-03-11 15:32:43', '127.0.0.1', '', '1');
INSERT INTO `pcmc_uslogin_log` VALUES ('402881ec5364a57d015364a57d8d0000', '1', '2016-03-11 15:48:00', '127.0.0.1', '', '1');
INSERT INTO `pcmc_uslogin_log` VALUES ('402881ec5364a9f9015364a9f93c0000', '1', '2016-03-11 15:52:54', '127.0.0.1', '', '1');
INSERT INTO `pcmc_uslogin_log` VALUES ('402881ec5364b745015364b745a70000', '1', '2016-03-11 16:07:25', '127.0.0.1', '', '1');
INSERT INTO `pcmc_uslogin_log` VALUES ('402881ec5364c0d2015364c0d23b0000', '1', '2016-03-11 16:17:51', '127.0.0.1', '', '1');
INSERT INTO `pcmc_uslogin_log` VALUES ('402881ec5364d307015364d3074e0000', '1', '2016-03-11 16:37:44', '127.0.0.1', '', '1');
INSERT INTO `pcmc_uslogin_log` VALUES ('402881ec5364d4d4015364d4d4430000', '1', '2016-03-11 16:39:42', '127.0.0.1', '', '1');
INSERT INTO `pcmc_uslogin_log` VALUES ('402881ec53650b950153650b95240000', '1', '2016-03-11 17:39:31', '127.0.0.1', '', '1');
INSERT INTO `pcmc_uslogin_log` VALUES ('402881f15312a000015312a0000a0000', '1', '2016-02-24 17:33:08', '127.0.0.1', '', '1');
INSERT INTO `pcmc_uslogin_log` VALUES ('402881f15312a1cc015312a1cc5a0000', '1', '2016-02-24 17:35:06', '127.0.0.1', '', '1');
INSERT INTO `pcmc_uslogin_log` VALUES ('402881f15312c1cc015312c1cc380000', '1', '2016-02-24 18:10:03', '127.0.0.1', '', '1');
INSERT INTO `pcmc_uslogin_log` VALUES ('402881f15316165d015316165df20000', '1', '2016-02-25 09:41:17', '127.0.0.1', '', '0');
INSERT INTO `pcmc_uslogin_log` VALUES ('402881f15316165d015316167e1f0002', '1', '2016-02-25 09:41:26', '127.0.0.1', '', '1');
INSERT INTO `pcmc_uslogin_log` VALUES ('402881f15316240b015316240bc80000', '1', '2016-02-25 09:56:14', '127.0.0.1', '', '1');
INSERT INTO `pcmc_uslogin_log` VALUES ('402881f15316289d015316289d0f0000', '1', '2016-02-25 10:01:13', '127.0.0.1', '', '1');
INSERT INTO `pcmc_uslogin_log` VALUES ('402881f15316289d0153163060880003', '1', '2016-02-25 10:09:42', '127.0.0.1', '', '1');
INSERT INTO `pcmc_uslogin_log` VALUES ('402881f1531635640153163564eb0000', '1', '2016-02-25 10:15:11', '127.0.0.1', '', '1');
INSERT INTO `pcmc_uslogin_log` VALUES ('402881f1531637900153163790c20000', '1', '2016-02-25 10:17:33', '127.0.0.1', '', '1');
INSERT INTO `pcmc_uslogin_log` VALUES ('402881f1531641a801531641a84d0000', '1', '2016-02-25 10:28:35', '127.0.0.1', '', '1');
INSERT INTO `pcmc_uslogin_log` VALUES ('402881f1531646250153164625100000', '1', '2016-02-25 10:33:29', '127.0.0.1', '', '1');
INSERT INTO `pcmc_uslogin_log` VALUES ('402881f1531673ad01531673ad7a0000', '1', '2016-02-25 11:23:13', '127.0.0.1', '', '1');
INSERT INTO `pcmc_uslogin_log` VALUES ('402881f1531673ad0153170da7c00003', '1', '2016-02-25 14:11:24', '127.0.0.1', '', '1');
INSERT INTO `pcmc_uslogin_log` VALUES ('402881f1531769570153176957d70000', '1', '2016-02-25 15:51:33', '127.0.0.1', '', '1');
INSERT INTO `pcmc_uslogin_log` VALUES ('402881f153176fd50153176fd5aa0000', '1', '2016-02-25 15:58:38', '127.0.0.1', '', '1');
INSERT INTO `pcmc_uslogin_log` VALUES ('402881f1531774120153177412710000', '1', '2016-02-25 16:03:16', '127.0.0.1', '', '1');
INSERT INTO `pcmc_uslogin_log` VALUES ('402881f15317786001531778607a0000', '1', '2016-02-25 16:07:58', '127.0.0.1', '', '1');
INSERT INTO `pcmc_uslogin_log` VALUES ('402881f1531b6f4901531b6f49910000', '40288009530b9c8901530bb1a1830005', '2016-02-26 10:36:31', '127.0.0.1', '', '1');
INSERT INTO `pcmc_uslogin_log` VALUES ('402881f1531bb27801531bb278a00000', '1', '2016-02-26 11:49:54', '127.0.0.1', '', '1');
INSERT INTO `pcmc_uslogin_log` VALUES ('402881f1531bb27801531bb4e8b40002', '40288009530b9c8901530bb1a1830005', '2016-02-26 11:52:34', '127.0.0.1', '', '1');
INSERT INTO `pcmc_uslogin_log` VALUES ('402881f1531bb9bd01531bb9bd710000', '40288009530b9c8901530bb1a1830005', '2016-02-26 11:57:50', '127.0.0.1', '', '1');
INSERT INTO `pcmc_uslogin_log` VALUES ('402881f1531bb9bd01531bc79af90002', '1', '2016-02-26 12:12:59', '127.0.0.1', '', '1');
INSERT INTO `pcmc_uslogin_log` VALUES ('402881f1532b292c01532b292c200000', '1', '2016-02-29 11:53:51', '127.0.0.1', '', '1');
INSERT INTO `pcmc_uslogin_log` VALUES ('402881f1532b292c01532b8f9e8b0002', '1', '2016-02-29 13:45:45', '127.0.0.1', '', '1');
INSERT INTO `pcmc_uslogin_log` VALUES ('402881f1532b292c01532bb208950004', '1', '2016-02-29 14:23:21', '127.0.0.1', '', '1');
INSERT INTO `pcmc_uslogin_log` VALUES ('402881f1532b292c01532bce163e0006', '1', '2016-02-29 14:53:59', '127.0.0.1', '', '1');
INSERT INTO `pcmc_uslogin_log` VALUES ('402881f1532befdc01532befdc010000', '1', '2016-02-29 15:30:53', '127.0.0.1', '', '1');
INSERT INTO `pcmc_uslogin_log` VALUES ('402881f1532bf62e01532bf62ed70000', '1', '2016-02-29 15:37:47', '127.0.0.1', '', '1');
INSERT INTO `pcmc_uslogin_log` VALUES ('402881f1532c080801532c0808190000', '1', '2016-02-29 15:57:17', '127.0.0.1', '', '1');
INSERT INTO `pcmc_uslogin_log` VALUES ('402881f1532c09e501532c09e5d20000', '1', '2016-02-29 15:59:19', '127.0.0.1', '', '1');
INSERT INTO `pcmc_uslogin_log` VALUES ('402881f1532c105d01532c105d780000', '1', '2016-02-29 16:06:23', '127.0.0.1', '', '1');
INSERT INTO `pcmc_uslogin_log` VALUES ('402881f1532c11d401532c11d4240000', '1', '2016-02-29 16:07:59', '127.0.0.1', '', '1');
INSERT INTO `pcmc_uslogin_log` VALUES ('402881f1532c336f01532c336f340000', '1', '2016-02-29 16:44:41', '127.0.0.1', '', '1');
INSERT INTO `pcmc_uslogin_log` VALUES ('402881f1532c513e01532c513e810000', '1', '2016-02-29 17:17:15', '192.168.1.115', '', '1');
INSERT INTO `pcmc_uslogin_log` VALUES ('402881f1532c513e01532c584c740002', '1', '2016-02-29 17:24:57', '127.0.0.1', '', '1');
INSERT INTO `pcmc_uslogin_log` VALUES ('402881f1532c513e01532c585d1c0004', '1', '2016-02-29 17:25:01', '127.0.0.1', '', '1');
INSERT INTO `pcmc_uslogin_log` VALUES ('402881f1532c513e01532c587b270006', '1', '2016-02-29 17:25:09', '127.0.0.1', '', '1');
INSERT INTO `pcmc_uslogin_log` VALUES ('402881f1532c513e01532c58b08b0008', '1', '2016-02-29 17:25:23', '127.0.0.1', '', '1');
INSERT INTO `pcmc_uslogin_log` VALUES ('402881f1532c513e01532c58d084000a', '1', '2016-02-29 17:25:31', '127.0.0.1', '', '1');
INSERT INTO `pcmc_uslogin_log` VALUES ('402881f1532fdc5301532fdc53c50000', '1', '2016-03-01 09:48:01', '127.0.0.1', '', '1');
INSERT INTO `pcmc_uslogin_log` VALUES ('402881f1532ff03301532ff033c20000', '1', '2016-03-01 10:09:44', '127.0.0.1', '', '1');
INSERT INTO `pcmc_uslogin_log` VALUES ('402881f1532ff03301532ffc44750002', '40288009530b9c8901530bb1a1830005', '2016-03-01 10:22:55', '192.168.1.200', '', '1');
INSERT INTO `pcmc_uslogin_log` VALUES ('402881f1532ff03301532ffd0d260004', '1', '2016-03-01 10:23:46', '192.168.1.200', '', '1');
INSERT INTO `pcmc_uslogin_log` VALUES ('402881f1532ff03301533042180f0006', '1', '2016-03-01 11:39:11', '127.0.0.1', '', '1');
INSERT INTO `pcmc_uslogin_log` VALUES ('402881f1532ff033015330b257760008', '40288009530b9c8901530bb1a1830005', '2016-03-01 13:41:47', '127.0.0.1', '', '1');
INSERT INTO `pcmc_uslogin_log` VALUES ('402881f1532ff03301533128faa0000a', '1', '2016-03-01 15:51:22', '127.0.0.1', '', '1');
INSERT INTO `pcmc_uslogin_log` VALUES ('402881f1532ff033015331293640000c', '40288009530b9c8901530bb1a1830005', '2016-03-01 15:51:37', '127.0.0.1', '', '1');
INSERT INTO `pcmc_uslogin_log` VALUES ('402881f1533182060153318206d70000', '40288009530b9c8901530bb1a1830005', '2016-03-01 17:28:38', '127.0.0.1', '', '1');
INSERT INTO `pcmc_uslogin_log` VALUES ('402881f15334e7dd015334e7dd260000', '1', '2016-03-02 09:18:43', '127.0.0.1', '', '1');
INSERT INTO `pcmc_uslogin_log` VALUES ('402881f15334e7dd015335125a940002', '40288009530b9c8901530bb1a1830005', '2016-03-02 10:05:08', '127.0.0.1', '', '1');
INSERT INTO `pcmc_uslogin_log` VALUES ('402881f15334e7dd015335d99d8d0004', '1', '2016-03-02 13:42:47', '127.0.0.1', '', '1');
INSERT INTO `pcmc_uslogin_log` VALUES ('402881f15334e7dd015335da24c00006', '40288009530b9c8901530bb1a1830005', '2016-03-02 13:43:22', '127.0.0.1', '', '1');
INSERT INTO `pcmc_uslogin_log` VALUES ('402881f15334e7dd0153360188650008', '40288009530b9c8901530bb1a1830005', '2016-03-02 14:26:23', '127.0.0.1', '', '1');
INSERT INTO `pcmc_uslogin_log` VALUES ('402881f15336a301015336a301360000', '40288009530b9c8901530bb1a1830005', '2016-03-02 17:22:45', '127.0.0.1', '', '1');
INSERT INTO `pcmc_uslogin_log` VALUES ('402881f1533a1d1801533a1d18950000', '40288009530b9c8901530bb1a1830005', '2016-03-03 09:34:58', '127.0.0.1', '', '1');
INSERT INTO `pcmc_uslogin_log` VALUES ('402881f1533a1d1801533a1e4c8b0002', '40288009530b9c8901530bb1a1830005', '2016-03-03 09:36:17', '127.0.0.1', '', '1');
INSERT INTO `pcmc_uslogin_log` VALUES ('402881f1533a43d101533a43d1690000', '40288009530b9c8901530bb1a1830005', '2016-03-03 10:17:16', '127.0.0.1', '', '1');
INSERT INTO `pcmc_uslogin_log` VALUES ('402881f1533a4c8701533a4c872f0000', '40288009530b9c8901530bb1a1830005', '2016-03-03 10:26:47', '127.0.0.1', '', '1');
INSERT INTO `pcmc_uslogin_log` VALUES ('402881f1533a6af401533a6af4a00000', '40288009530b9c8901530bb1a1830005', '2016-03-03 11:00:01', '127.0.0.1', '', '1');
INSERT INTO `pcmc_uslogin_log` VALUES ('402881f1533a6f1a01533a6f1a220000', '40288009530b9c8901530bb1a1830005', '2016-03-03 11:04:33', '127.0.0.1', '', '1');
INSERT INTO `pcmc_uslogin_log` VALUES ('402881f1533a70b401533a70b4dd0000', '40288009530b9c8901530bb1a1830005', '2016-03-03 11:06:18', '127.0.0.1', '', '1');
INSERT INTO `pcmc_uslogin_log` VALUES ('402881f1533a740101533a7401190000', '40288009530b9c8901530bb1a1830005', '2016-03-03 11:09:54', '127.0.0.1', '', '1');
INSERT INTO `pcmc_uslogin_log` VALUES ('402881f1533afbdd01533afbdd440000', '40288009530b9c8901530bb1a1830005', '2016-03-03 13:38:18', '127.0.0.1', '', '1');
INSERT INTO `pcmc_uslogin_log` VALUES ('402881f1533afbdd01533b8885850005', '40288148532bfee801532c00a0930012', '2016-03-03 16:11:56', '127.0.0.1', '', '0');
INSERT INTO `pcmc_uslogin_log` VALUES ('402881f1533afbdd01533b88d35e0007', '40288148532bfee801532c00a0930012', '2016-03-03 16:12:16', '127.0.0.1', '', '1');
INSERT INTO `pcmc_uslogin_log` VALUES ('402881f1533b905501533b9055310000', '40288148532bfee801532c00a0930012', '2016-03-03 16:20:28', '127.0.0.1', '', '0');
INSERT INTO `pcmc_uslogin_log` VALUES ('402881f1533b905501533b907bc60002', '40288148532bfee801532c00a0930012', '2016-03-03 16:20:37', '127.0.0.1', '', '1');
INSERT INTO `pcmc_uslogin_log` VALUES ('402881f1533ba0e501533ba0e5830000', '40288148532bfee801532c00a0930012', '2016-03-03 16:38:33', '127.0.0.1', '', '1');
INSERT INTO `pcmc_uslogin_log` VALUES ('402881f15340445601534044560f0000', '40288009530b9c8901530bb1a1830005', '2016-03-04 14:15:33', '127.0.0.1', '', '1');
INSERT INTO `pcmc_uslogin_log` VALUES ('402881f15340d5b6015340d5b6cf0000', '40288009530b9c8901530bb1a1830005', '2016-03-04 16:54:21', '127.0.0.1', '', '1');
INSERT INTO `pcmc_uslogin_log` VALUES ('402881f15340dc57015340dc57450000', '40288009530b9c8901530bb1a1830005', '2016-03-04 17:01:35', '127.0.0.1', '', '1');
INSERT INTO `pcmc_uslogin_log` VALUES ('402881f153412fa70153412fa7a50000', '40288009530b9c8901530bb1a1830005', '2016-03-04 18:32:35', '127.0.0.1', '', '1');
INSERT INTO `pcmc_uslogin_log` VALUES ('402881f1534edc4d01534edc4d9a0000', '40288009530b9c8901530bb1a1830005', '2016-03-07 10:16:13', '127.0.0.1', '', '1');
INSERT INTO `pcmc_uslogin_log` VALUES ('402881f1534edc4d01534edf861c0002', '40288009530b9c8901530bb1a1830005', '2016-03-07 10:19:45', '127.0.0.1', '', '1');
INSERT INTO `pcmc_uslogin_log` VALUES ('402881f1534edc4d01534f9fe6e20004', '40288009530b9c8901530bb1a1830005', '2016-03-07 13:49:52', '127.0.0.1', '', '1');
INSERT INTO `pcmc_uslogin_log` VALUES ('402881f1534edc4d01534ffdb4aa0006', '1', '2016-03-07 15:32:20', '192.168.1.200', '', '1');
INSERT INTO `pcmc_uslogin_log` VALUES ('402881f1534edc4d01535000076b0008', '40288009530b9c8901530bb1a1830005', '2016-03-07 15:34:52', '192.168.1.200', '', '1');
INSERT INTO `pcmc_uslogin_log` VALUES ('402881f1534edc4d015350082ed5000a', '40288009530b9c8901530bb1a1830005', '2016-03-07 15:43:46', '127.0.0.1', '', '1');
INSERT INTO `pcmc_uslogin_log` VALUES ('402881f153503db40153503db4090000', '40288009530b9c8901530bb1a1830005', '2016-03-07 16:42:14', '127.0.0.1', '', '1');
INSERT INTO `pcmc_uslogin_log` VALUES ('402881f15350568a015350568acf0000', '40288009530b9c8901530bb1a1830005', '2016-03-07 17:09:22', '127.0.0.1', '', '1');
INSERT INTO `pcmc_uslogin_log` VALUES ('402881f1535432870153543287620000', '40288009530b9c8901530bb1a1830005', '2016-03-08 11:08:30', '127.0.0.1', '', '1');
INSERT INTO `pcmc_uslogin_log` VALUES ('402881f15354328701535433d3b80002', '40288009530b9c8901530bb1a1830005', '2016-03-08 11:09:56', '127.0.0.1', '', '1');
INSERT INTO `pcmc_uslogin_log` VALUES ('402881f1535437030153543703270000', '40288009530b9c8901530bb1a1830005', '2016-03-08 11:13:24', '127.0.0.1', '', '1');
INSERT INTO `pcmc_uslogin_log` VALUES ('402881f153543a2d0153543a2db40000', '40288009530b9c8901530bb1a1830005', '2016-03-08 11:16:52', '127.0.0.1', '', '1');
INSERT INTO `pcmc_uslogin_log` VALUES ('402881f153543a2d015354c31f540002', '40288009530b9c8901530bb1a1830005', '2016-03-08 13:46:27', '127.0.0.1', '', '1');
INSERT INTO `pcmc_uslogin_log` VALUES ('402881f153552b740153552b742c0000', '40288009530b9c8901530bb1a1830005', '2016-03-08 15:40:24', '127.0.0.1', '', '1');
INSERT INTO `pcmc_uslogin_log` VALUES ('402881f15358fb77015358fb77300000', '40288009530b9c8901530bb1a1830005', '2016-03-09 09:26:28', '127.0.0.1', '', '1');
INSERT INTO `pcmc_uslogin_log` VALUES ('402881f15358fb7701535954317a0002', '40288009530b9c8901530bb1a1830005', '2016-03-09 11:03:23', '127.0.0.1', '', '1');
INSERT INTO `pcmc_uslogin_log` VALUES ('402881f15359fd06015359fd06b40000', '40288009530b9c8901530bb1a1830005', '2016-03-09 14:07:47', '127.0.0.1', '', '1');
INSERT INTO `pcmc_uslogin_log` VALUES ('402881f1535a18b201535a18b2980000', '40288009530b9c8901530bb1a1830005', '2016-03-09 14:38:01', '127.0.0.1', '', '0');
INSERT INTO `pcmc_uslogin_log` VALUES ('402881f1535a18b201535a18f0470002', '40288009530b9c8901530bb1a1830005', '2016-03-09 14:38:17', '127.0.0.1', '', '1');
INSERT INTO `pcmc_uslogin_log` VALUES ('402881f1535a18b201535a3edcf70004', '40288009530b9c8901530bb1a1830005', '2016-03-09 15:19:42', '127.0.0.1', '', '1');
INSERT INTO `pcmc_uslogin_log` VALUES ('402881f1535a42a001535a42a05b0000', '40288009530b9c8901530bb1a1830005', '2016-03-09 15:23:49', '127.0.0.1', '', '1');
INSERT INTO `pcmc_uslogin_log` VALUES ('402881f1535a42a001535a52b6830002', '40288009530b9c8901530bb1a1830005', '2016-03-09 15:41:23', '127.0.0.1', '', '1');
INSERT INTO `pcmc_uslogin_log` VALUES ('402881f1535a5f7201535a5f728a0000', '40288009530b9c8901530bb1a1830005', '2016-03-09 15:55:18', '127.0.0.1', '', '1');
INSERT INTO `pcmc_uslogin_log` VALUES ('402881f1535a6a1001535a6a10df0000', '40288009530b9c8901530bb1a1830005', '2016-03-09 16:06:53', '127.0.0.1', '', '1');
INSERT INTO `pcmc_uslogin_log` VALUES ('402881f1535a924f01535a924f780000', '40288009530b9c8901530bb1a1830005', '2016-03-09 16:50:51', '127.0.0.1', '', '1');
INSERT INTO `pcmc_uslogin_log` VALUES ('402881f1535a924f01535a9a91890002', '40288009530b9c8901530bb1a1830005', '2016-03-09 16:59:52', '127.0.0.1', '', '0');
INSERT INTO `pcmc_uslogin_log` VALUES ('402881f1535a924f01535a9ab9140004', '40288009530b9c8901530bb1a1830005', '2016-03-09 17:00:02', '127.0.0.1', '', '1');
INSERT INTO `pcmc_uslogin_log` VALUES ('402881f1535aa14401535aa144690000', '40288009530b9c8901530bb1a1830005', '2016-03-09 17:07:11', '127.0.0.1', '', '1');
INSERT INTO `pcmc_uslogin_log` VALUES ('402881f1535aa4da01535aa4da130000', '40288009530b9c8901530bb1a1830005', '2016-03-09 17:11:06', '127.0.0.1', '', '1');
INSERT INTO `pcmc_uslogin_log` VALUES ('402881f1535aa7fa01535aa7fa940000', '40288009530b9c8901530bb1a1830005', '2016-03-09 17:14:31', '127.0.0.1', '', '1');
INSERT INTO `pcmc_uslogin_log` VALUES ('402881f1535ac18901535ac1891b0000', '40288009530b9c8901530bb1a1830005', '2016-03-09 17:42:26', '127.0.0.1', '', '1');
INSERT INTO `pcmc_uslogin_log` VALUES ('402881f1535e15b201535e15b2a90000', '40288009530b9c8901530bb1a1830005', '2016-03-10 09:13:13', '127.0.0.1', '', '1');
INSERT INTO `pcmc_uslogin_log` VALUES ('402881f1535e15b201535e317dd00002', '40288009530b9c8901530bb1a1830005', '2016-03-10 09:43:35', '127.0.0.1', '', '1');
INSERT INTO `pcmc_uslogin_log` VALUES ('402881f1535e15b201535e40643e0004', '40288009530b9c8901530bb1a1830005', '2016-03-10 09:59:51', '127.0.0.1', '', '1');
INSERT INTO `pcmc_uslogin_log` VALUES ('402881f1535e75d401535e75d4260000', '40288009530b9c8901530bb1a1830005', '2016-03-10 10:58:13', '127.0.0.1', '', '1');
INSERT INTO `pcmc_uslogin_log` VALUES ('402881f1535e8a0a01535e8a0ae20000', '40288009530b9c8901530bb1a1830005', '2016-03-10 11:20:18', '127.0.0.1', '', '1');
INSERT INTO `pcmc_uslogin_log` VALUES ('402881f1535e8a0a01535f09d16e0002', '40288009530b9c8901530bb1a1830005', '2016-03-10 13:39:52', '127.0.0.1', '', '1');
INSERT INTO `pcmc_uslogin_log` VALUES ('402881f1535f522d01535f522d6c0000', '40288009530b9c8901530bb1a1830005', '2016-03-10 14:58:54', '127.0.0.1', '', '1');
INSERT INTO `pcmc_uslogin_log` VALUES ('402881f1535f522d01535f5605e30002', '40288009530b9c8901530bb1a1830005', '2016-03-10 15:03:06', '127.0.0.1', '', '1');
INSERT INTO `pcmc_uslogin_log` VALUES ('402881f1535f522d01535f948e470004', '40288009530b9c8901530bb1a1830005', '2016-03-10 16:11:24', '127.0.0.1', '', '1');
INSERT INTO `pcmc_uslogin_log` VALUES ('402881f1535fa33101535fa3314d0000', '40288009530b9c8901530bb1a1830005', '2016-03-10 16:27:23', '127.0.0.1', '', '1');
INSERT INTO `pcmc_uslogin_log` VALUES ('402881f1535fa33101535fcdaf700002', '40288009530b9c8901530bb1a1830005', '2016-03-10 17:13:48', '127.0.0.1', '', '1');
INSERT INTO `pcmc_uslogin_log` VALUES ('402881f1535fa33101535fd2e8eb0004', '40288009530b9c8901530bb1a1830005', '2016-03-10 17:19:31', '127.0.0.1', '', '1');
INSERT INTO `pcmc_uslogin_log` VALUES ('402881f15363452201536345224a0000', '40288009530b9c8901530bb1a1830005', '2016-03-11 09:23:08', '127.0.0.1', '', '1');
INSERT INTO `pcmc_uslogin_log` VALUES ('402881f1537328f201537328f2e20000', '40288009530b9c8901530bb1a1830005', '2016-03-14 11:26:16', '127.0.0.1', '', '1');
INSERT INTO `pcmc_uslogin_log` VALUES ('402881f1537498ae01537498ae940000', '1', '2016-03-14 18:07:56', '192.168.1.113', '', '0');
INSERT INTO `pcmc_uslogin_log` VALUES ('402881f1537498ae01537498c3a40002', '1', '2016-03-14 18:08:01', '192.168.1.113', '', '1');
INSERT INTO `pcmc_uslogin_log` VALUES ('402881f1537498ae015374990e770004', '1', '2016-03-14 18:08:21', '192.168.1.113', '', '1');
INSERT INTO `pcmc_uslogin_log` VALUES ('402881f1537498ae0153749bc0a60006', '40288009530b9c8901530bb1a1830005', '2016-03-14 18:11:17', '192.168.1.113', '', '1');
INSERT INTO `pcmc_uslogin_log` VALUES ('402881f1537498ae015374a459320008', '40288009530b9c8901530bb1a1830005', '2016-03-14 18:20:41', '192.168.1.113', '', '1');
INSERT INTO `pcmc_uslogin_log` VALUES ('402881f1537498ae015374a91990000a', '40288009530b9c8901530bb1a1830005', '2016-03-14 18:25:52', '192.168.1.113', '', '1');
INSERT INTO `pcmc_uslogin_log` VALUES ('402881f15378244b015378244b990000', '40288009530b9c8901530bb1a1830005', '2016-03-15 10:39:17', '127.0.0.1', '', '1');
INSERT INTO `pcmc_uslogin_log` VALUES ('402881f15378244b01537824d3870002', '40288009530b9c8901530bb1a1830005', '2016-03-15 10:39:52', '127.0.0.1', '', '1');
INSERT INTO `pcmc_uslogin_log` VALUES ('402881f15378244b01537827aff90004', '40288009530b9c8901530bb1a1830005', '2016-03-15 10:43:00', '127.0.0.1', '', '1');
INSERT INTO `pcmc_uslogin_log` VALUES ('402881f15378244b01537828b2fa0006', '40288009530b9c8901530bb1a1830005', '2016-03-15 10:44:06', '127.0.0.1', '', '1');
INSERT INTO `pcmc_uslogin_log` VALUES ('402881f15378244b0153782a37510008', '40288009530b9c8901530bb1a1830005', '2016-03-15 10:45:45', '127.0.0.1', '', '1');
INSERT INTO `pcmc_uslogin_log` VALUES ('402881f15378244b0153782ca7f2000a', '40288009530b9c8901530bb1a1830005', '2016-03-15 10:48:25', '127.0.0.1', '', '1');
INSERT INTO `pcmc_uslogin_log` VALUES ('402881f15378244b0153782eee74000c', '40288009530b9c8901530bb1a1830005', '2016-03-15 10:50:54', '127.0.0.1', '', '1');
INSERT INTO `pcmc_uslogin_log` VALUES ('402881f15378244b0153782f0326000e', '40288009530b9c8901530bb1a1830005', '2016-03-15 10:51:00', '127.0.0.1', '', '0');
INSERT INTO `pcmc_uslogin_log` VALUES ('402881f15378244b0153782f0d720010', '40288009530b9c8901530bb1a1830005', '2016-03-15 10:51:02', '127.0.0.1', '', '0');
INSERT INTO `pcmc_uslogin_log` VALUES ('402881f15378244b015378308b7a0012', '40288009530b9c8901530bb1a1830005', '2016-03-15 10:52:40', '127.0.0.1', '', '1');
INSERT INTO `pcmc_uslogin_log` VALUES ('402881f15378244b015378324d220014', '40288009530b9c8901530bb1a1830005', '2016-03-15 10:54:35', '127.0.0.1', '', '0');
INSERT INTO `pcmc_uslogin_log` VALUES ('402881f15378244b015378327fe90016', '40288009530b9c8901530bb1a1830005', '2016-03-15 10:54:48', '127.0.0.1', '', '0');
INSERT INTO `pcmc_uslogin_log` VALUES ('402881f15378244b0153783392630018', '40288009530b9c8901530bb1a1830005', '2016-03-15 10:55:59', '127.0.0.1', '', '1');
INSERT INTO `pcmc_uslogin_log` VALUES ('402881f15378244b01537833a9a1001a', '40288009530b9c8901530bb1a1830005', '2016-03-15 10:56:05', '127.0.0.1', '', '0');
INSERT INTO `pcmc_uslogin_log` VALUES ('402881f15378244b01537833c55d001c', '40288009530b9c8901530bb1a1830005', '2016-03-15 10:56:12', '127.0.0.1', '', '0');
INSERT INTO `pcmc_uslogin_log` VALUES ('402881f15378244b01537836b649001e', '40288009530b9c8901530bb1a1830005', '2016-03-15 10:59:24', '127.0.0.1', '', '1');
INSERT INTO `pcmc_uslogin_log` VALUES ('402881f15378244b01537836d0e80020', '40288009530b9c8901530bb1a1830005', '2016-03-15 10:59:31', '127.0.0.1', '', '0');
INSERT INTO `pcmc_uslogin_log` VALUES ('402881f15378244b01537837a3870022', '40288009530b9c8901530bb1a1830005', '2016-03-15 11:00:25', '127.0.0.1', '', '1');
INSERT INTO `pcmc_uslogin_log` VALUES ('402881f15378244b01537837b05e0024', '40288009530b9c8901530bb1a1830005', '2016-03-15 11:00:28', '127.0.0.1', '', '0');
INSERT INTO `pcmc_uslogin_log` VALUES ('402881f15378244b01537837ef830026', '40288009530b9c8901530bb1a1830005', '2016-03-15 11:00:45', '127.0.0.1', '', '0');
INSERT INTO `pcmc_uslogin_log` VALUES ('402881f15378244b0153783c83f60028', '40288009530b9c8901530bb1a1830005', '2016-03-15 11:05:45', '127.0.0.1', '', '0');
INSERT INTO `pcmc_uslogin_log` VALUES ('402881f15378244b0153783cc33f002a', '40288009530b9c8901530bb1a1830005', '2016-03-15 11:06:01', '127.0.0.1', '', '1');
INSERT INTO `pcmc_uslogin_log` VALUES ('402881f15378244b0153783f2071002c', '40288009530b9c8901530bb1a1830005', '2016-03-15 11:08:36', '127.0.0.1', '', '0');
INSERT INTO `pcmc_uslogin_log` VALUES ('402881f15378244b01537841c376002e', '40288009530b9c8901530bb1a1830005', '2016-03-15 11:11:29', '127.0.0.1', '', '0');
INSERT INTO `pcmc_uslogin_log` VALUES ('402881f15378244b015378441c8c0030', '40288009530b9c8901530bb1a1830005', '2016-03-15 11:14:03', '192.168.1.100', '', '0');
INSERT INTO `pcmc_uslogin_log` VALUES ('402881f15378244b01537846401c0032', '40288009530b9c8901530bb1a1830005', '2016-03-15 11:16:23', '127.0.0.1', '', '1');
INSERT INTO `pcmc_uslogin_log` VALUES ('402881f15378244b0153784766920034', '40288009530b9c8901530bb1a1830005', '2016-03-15 11:17:38', '127.0.0.1', '', '0');
INSERT INTO `pcmc_uslogin_log` VALUES ('402881f15378244b0153784ac9a40036', '40288009530b9c8901530bb1a1830005', '2016-03-15 11:21:20', '127.0.0.1', '', '0');
INSERT INTO `pcmc_uslogin_log` VALUES ('402881f15378244b0153784b351a0038', '40288009530b9c8901530bb1a1830005', '2016-03-15 11:21:48', '127.0.0.1', '', '1');
INSERT INTO `pcmc_uslogin_log` VALUES ('402881f15378244b0153784b9247003a', '40288009530b9c8901530bb1a1830005', '2016-03-15 11:22:11', '127.0.0.1', '', '0');
INSERT INTO `pcmc_uslogin_log` VALUES ('402881f15378244b01537850c760003c', '40288009530b9c8901530bb1a1830005', '2016-03-15 11:27:53', '127.0.0.1', '', '1');
INSERT INTO `pcmc_uslogin_log` VALUES ('402881f15378244b01537857f6e6003e', '40288009530b9c8901530bb1a1830005', '2016-03-15 11:35:44', '127.0.0.1', '', '0');
INSERT INTO `pcmc_uslogin_log` VALUES ('402881f15378244b0153785899ee0040', '40288009530b9c8901530bb1a1830005', '2016-03-15 11:36:25', '127.0.0.1', '', '0');
INSERT INTO `pcmc_uslogin_log` VALUES ('402881f15378244b0153785b8fdc0042', '40288009530b9c8901530bb1a1830005', '2016-03-15 11:39:39', '127.0.0.1', '', '1');
INSERT INTO `pcmc_uslogin_log` VALUES ('402881f15378244b0153785bea020044', '40288009530b9c8901530bb1a1830005', '2016-03-15 11:40:02', '127.0.0.1', '', '0');
INSERT INTO `pcmc_uslogin_log` VALUES ('402881f15378244b015378691e390046', '40288009530b9c8901530bb1a1830005', '2016-03-15 11:54:28', '127.0.0.1', '', '0');
INSERT INTO `pcmc_uslogin_log` VALUES ('402881f15378244b0153786aabe30048', '40288009530b9c8901530bb1a1830005', '2016-03-15 11:56:10', '127.0.0.1', '', '1');
INSERT INTO `pcmc_uslogin_log` VALUES ('402881f15378244b0153786b64fb004a', '40288009530b9c8901530bb1a1830005', '2016-03-15 11:56:57', '127.0.0.1', '', '0');
INSERT INTO `pcmc_uslogin_log` VALUES ('402881f15378244b015378704305004c', '40288009530b9c8901530bb1a1830005', '2016-03-15 12:02:16', '127.0.0.1', '', '0');
INSERT INTO `pcmc_uslogin_log` VALUES ('402881f15378244b015378707361004e', '40288009530b9c8901530bb1a1830005', '2016-03-15 12:02:28', '127.0.0.1', '', '1');
INSERT INTO `pcmc_uslogin_log` VALUES ('402881f15378244b01537870a7bc0050', '40288009530b9c8901530bb1a1830005', '2016-03-15 12:02:42', '127.0.0.1', '', '1');
INSERT INTO `pcmc_uslogin_log` VALUES ('402881f15378244b01537884d4f50052', '40288009530b9c8901530bb1a1830005', '2016-03-15 12:24:44', '127.0.0.1', '', '1');
INSERT INTO `pcmc_uslogin_log` VALUES ('402881f15378244b015378cebcf80054', '40288009530b9c8901530bb1a1830005', '2016-03-15 13:45:28', '127.0.0.1', '', '0');
INSERT INTO `pcmc_uslogin_log` VALUES ('402881f15378244b015378cf447d0056', '40288009530b9c8901530bb1a1830005', '2016-03-15 13:46:02', '127.0.0.1', '', '1');
INSERT INTO `pcmc_uslogin_log` VALUES ('402881f15378244b015378cfe19f0058', '40288009530b9c8901530bb1a1830005', '2016-03-15 13:46:42', '127.0.0.1', '', '1');
INSERT INTO `pcmc_uslogin_log` VALUES ('402881f15378244b015378d03e55005a', '40288009530b9c8901530bb1a1830005', '2016-03-15 13:47:06', '127.0.0.1', '', '0');
INSERT INTO `pcmc_uslogin_log` VALUES ('402881f15378244b015378d04d04005c', '40288009530b9c8901530bb1a1830005', '2016-03-15 13:47:10', '127.0.0.1', '', '1');
INSERT INTO `pcmc_uslogin_log` VALUES ('402881f15378244b015378d23276005e', '40288009530b9c8901530bb1a1830005', '2016-03-15 13:49:14', '127.0.0.1', '', '0');
INSERT INTO `pcmc_uslogin_log` VALUES ('402881f15378244b015378d23eae0060', '40288009530b9c8901530bb1a1830005', '2016-03-15 13:49:17', '127.0.0.1', '', '1');
INSERT INTO `pcmc_uslogin_log` VALUES ('402881f15378244b015378d24f3c0062', '40288009530b9c8901530bb1a1830005', '2016-03-15 13:49:22', '127.0.0.1', '', '1');
INSERT INTO `pcmc_uslogin_log` VALUES ('402881f15378244b015378d3097f0064', '40288009530b9c8901530bb1a1830005', '2016-03-15 13:50:09', '127.0.0.1', '', '1');
INSERT INTO `pcmc_uslogin_log` VALUES ('402881f15378244b015378d3559a0066', '40288009530b9c8901530bb1a1830005', '2016-03-15 13:50:29', '127.0.0.1', '', '0');
INSERT INTO `pcmc_uslogin_log` VALUES ('402881f15378244b015378d3eef90068', '40288009530b9c8901530bb1a1830005', '2016-03-15 13:51:08', '127.0.0.1', '', '0');
INSERT INTO `pcmc_uslogin_log` VALUES ('402881f15378244b015378d409d2006a', '40288009530b9c8901530bb1a1830005', '2016-03-15 13:51:15', '127.0.0.1', '', '1');
INSERT INTO `pcmc_uslogin_log` VALUES ('402881f15378244b015378d60f5a006c', '40288009530b9c8901530bb1a1830005', '2016-03-15 13:53:27', '127.0.0.1', '', '0');
INSERT INTO `pcmc_uslogin_log` VALUES ('402881f15378244b015378d61100006e', '40288009530b9c8901530bb1a1830005', '2016-03-15 13:53:28', '127.0.0.1', '', '0');
INSERT INTO `pcmc_uslogin_log` VALUES ('402881f15378244b015378d6b8b30070', '40288009530b9c8901530bb1a1830005', '2016-03-15 13:54:11', '127.0.0.1', '', '0');
INSERT INTO `pcmc_uslogin_log` VALUES ('402881f15378244b015378d6c1140072', '40288009530b9c8901530bb1a1830005', '2016-03-15 13:54:13', '127.0.0.1', '', '0');
INSERT INTO `pcmc_uslogin_log` VALUES ('402881f15378244b015378d8913f0074', '40288009530b9c8901530bb1a1830005', '2016-03-15 13:56:12', '127.0.0.1', '', '1');
INSERT INTO `pcmc_uslogin_log` VALUES ('402881f15378244b015378df67c50076', '40288009530b9c8901530bb1a1830005', '2016-03-15 14:03:40', '127.0.0.1', '', '1');
INSERT INTO `pcmc_uslogin_log` VALUES ('402881f15378244b015378e01e170078', '40288009530b9c8901530bb1a1830005', '2016-03-15 14:04:27', '127.0.0.1', '', '1');
INSERT INTO `pcmc_uslogin_log` VALUES ('402881f15378244b015378e11efa007a', '40288009530b9c8901530bb1a1830005', '2016-03-15 14:05:32', '192.168.1.100', '', '1');
INSERT INTO `pcmc_uslogin_log` VALUES ('402881f15378244b015378e26cf8007c', '40288009530b9c8901530bb1a1830005', '2016-03-15 14:06:58', '127.0.0.1', '', '1');
INSERT INTO `pcmc_uslogin_log` VALUES ('402881f15378244b015378eacab1007e', '40288009530b9c8901530bb1a1830005', '2016-03-15 14:16:06', '192.168.1.100', '', '0');
INSERT INTO `pcmc_uslogin_log` VALUES ('402881f15378244b015378eb2e3a0080', '40288009530b9c8901530bb1a1830005', '2016-03-15 14:16:32', '192.168.1.100', '', '1');
INSERT INTO `pcmc_uslogin_log` VALUES ('402881f1537977d401537977d4b30000', '40288009530b9c8901530bb1a1830005', '2016-03-15 16:50:09', '127.0.0.1', '', '1');
INSERT INTO `pcmc_uslogin_log` VALUES ('402881f1537977d40153797d662c0002', '40288009530b9c8901530bb1a1830005', '2016-03-15 16:56:14', '127.0.0.1', '', '1');
INSERT INTO `pcmc_uslogin_log` VALUES ('402881f153879ba90153879ba9ad0000', '40288009530b9c8901530bb1a1830005', '2016-03-18 10:43:58', '127.0.0.1', '', '1');
INSERT INTO `pcmc_uslogin_log` VALUES ('402881f153879ba90153883a765f0002', '40288009530b9c8901530bb1a1830005', '2016-03-18 13:37:26', '127.0.0.1', '', '1');
INSERT INTO `pcmc_uslogin_log` VALUES ('402881f153879ba90153883b1a460004', '40288009530b9c8901530bb1a1830005', '2016-03-18 13:38:08', '127.0.0.1', '', '1');
INSERT INTO `pcmc_uslogin_log` VALUES ('402881f153879ba90153883bd8910006', '40288009530b9c8901530bb1a1830005', '2016-03-18 13:38:56', '127.0.0.1', '', '0');
INSERT INTO `pcmc_uslogin_log` VALUES ('402881f153879ba90153883bf4db0008', '40288009530b9c8901530bb1a1830005', '2016-03-18 13:39:04', '127.0.0.1', '', '1');
INSERT INTO `pcmc_uslogin_log` VALUES ('402881f153879ba90153883d0a78000a', '40288009530b9c8901530bb1a1830005', '2016-03-18 13:40:15', '127.0.0.1', '', '1');
INSERT INTO `pcmc_uslogin_log` VALUES ('402881f153879ba90153883d1fd3000c', '40288009530b9c8901530bb1a1830005', '2016-03-18 13:40:20', '127.0.0.1', '', '1');
INSERT INTO `pcmc_uslogin_log` VALUES ('402881f153879ba901538840ceb9000e', '40288009530b9c8901530bb1a1830005', '2016-03-18 13:44:21', '127.0.0.1', '', '1');
INSERT INTO `pcmc_uslogin_log` VALUES ('402881f153879ba90153884b2f640010', '40288009530b9c8901530bb1a1830005', '2016-03-18 13:55:42', '127.0.0.1', '', '1');
INSERT INTO `pcmc_uslogin_log` VALUES ('402881f153970fac0153970facad0000', '40288009530b9c8901530bb1a1830005', '2016-03-21 10:45:00', '127.0.0.1', '', '1');
INSERT INTO `pcmc_uslogin_log` VALUES ('402881f1539726390153972639bd0000', '40288009530b9c8901530bb1a1830005', '2016-03-21 11:09:38', '127.0.0.1', '', '1');
INSERT INTO `pcmc_uslogin_log` VALUES ('402881f153973fa50153973fa5cd0000', '40288009530b9c8901530bb1a1830005', '2016-03-21 11:37:24', '127.0.0.1', '', '1');
INSERT INTO `pcmc_uslogin_log` VALUES ('402881f153973fa5015397b40f440002', '40288009530b9c8901530bb1a1830005', '2016-03-21 13:44:33', '127.0.0.1', '', '1');
INSERT INTO `pcmc_uslogin_log` VALUES ('402881f153973fa5015397b456760004', '40288009530b9c8901530bb1a1830005', '2016-03-21 13:44:51', '127.0.0.1', '', '1');
INSERT INTO `pcmc_uslogin_log` VALUES ('402881f1539867100153986710300000', '40288009530b9c8901530bb1a1830005', '2016-03-21 17:00:04', '127.0.0.1', '', '1');
INSERT INTO `pcmc_uslogin_log` VALUES ('402881f1539868b201539868b2fe0000', '40288009530b9c8901530bb1a1830005', '2016-03-21 17:01:51', '127.0.0.1', '', '1');
INSERT INTO `pcmc_uslogin_log` VALUES ('402881f1539868b201539868b5d70002', '40288009530b9c8901530bb1a1830005', '2016-03-21 17:01:52', '127.0.0.1', '', '1');
INSERT INTO `pcmc_uslogin_log` VALUES ('402881f153986baf0153986baf9e0000', '40288009530b9c8901530bb1a1830005', '2016-03-21 17:05:07', '127.0.0.1', '', '1');
INSERT INTO `pcmc_uslogin_log` VALUES ('402881f153986baf0153986baf9e0001', '40288009530b9c8901530bb1a1830005', '2016-03-21 17:05:07', '127.0.0.1', '', '1');
INSERT INTO `pcmc_uslogin_log` VALUES ('402881f153989c890153989c89c30000', '40288009530b9c8901530bb1a1830005', '2016-03-21 17:58:29', '127.0.0.1', '', '1');
INSERT INTO `pcmc_uslogin_log` VALUES ('402881f1539be92301539be923b30000', '40288009530b9c8901530bb1a1830005', '2016-03-22 09:21:00', '127.0.0.1', '', '1');
INSERT INTO `pcmc_uslogin_log` VALUES ('402881f1539be92301539c481d900002', '40288009530b9c8901530bb1a1830005', '2016-03-22 11:04:45', '127.0.0.1', '', '1');
INSERT INTO `pcmc_uslogin_log` VALUES ('402881f1539be92301539c6ae64a000a', '1', '2016-03-22 11:42:44', '127.0.0.1', '', '1');
INSERT INTO `pcmc_uslogin_log` VALUES ('402881f1539be92301539cd66098000c', '1', '2016-03-22 13:40:08', '127.0.0.1', '', '1');
INSERT INTO `pcmc_uslogin_log` VALUES ('402881f1539cdb8a01539cdb8a040000', '1', '2016-03-22 13:45:46', '127.0.0.1', '', '1');
INSERT INTO `pcmc_uslogin_log` VALUES ('402881f1539cdb8a01539d143b630002', '1', '2016-03-22 14:47:42', '127.0.0.1', '', '1');
INSERT INTO `pcmc_uslogin_log` VALUES ('402881f1539cdb8a01539d18942e0004', '40288009530b9c8901530bb1a1830005', '2016-03-22 14:52:27', '127.0.0.1', '', '1');
INSERT INTO `pcmc_uslogin_log` VALUES ('402881f1539cdb8a01539d1916740006', '1', '2016-03-22 14:53:00', '127.0.0.1', '', '1');
INSERT INTO `pcmc_uslogin_log` VALUES ('402881f1539d294101539d2941d20000', '1', '2016-03-22 15:10:40', '127.0.0.1', '', '1');
INSERT INTO `pcmc_uslogin_log` VALUES ('402881f1539d549d01539d549d600000', '1', '2016-03-22 15:58:01', '127.0.0.1', '', '1');
INSERT INTO `pcmc_uslogin_log` VALUES ('402881f1539d631e01539d631eb60000', '1', '2016-03-22 16:13:52', '127.0.0.1', '', '1');
INSERT INTO `pcmc_uslogin_log` VALUES ('402881f1539d685f01539d685f550000', '1', '2016-03-22 16:19:36', '127.0.0.1', '', '1');
INSERT INTO `pcmc_uslogin_log` VALUES ('402881f1539d685f01539d7716c60002', '1', '2016-03-22 16:35:40', '127.0.0.1', '', '1');
INSERT INTO `pcmc_uslogin_log` VALUES ('402881f1539d685f01539d7913f40004', '40288009530b9c8901530bb1a1830005', '2016-03-22 16:37:51', '127.0.0.1', '', '1');
INSERT INTO `pcmc_uslogin_log` VALUES ('402881f1539d685f01539d79509f0006', '1', '2016-03-22 16:38:06', '127.0.0.1', '', '1');
INSERT INTO `pcmc_uslogin_log` VALUES ('402881f1539d7b0901539d7b09100000', '1', '2016-03-22 16:39:59', '127.0.0.1', '', '1');
INSERT INTO `pcmc_uslogin_log` VALUES ('402881f1539d7dd201539d7dd22b0000', '1', '2016-03-22 16:43:02', '127.0.0.1', '', '1');
INSERT INTO `pcmc_uslogin_log` VALUES ('402881f1539dc94a01539dc94a600000', '1', '2016-03-22 18:05:28', '127.0.0.1', '', '1');
INSERT INTO `pcmc_uslogin_log` VALUES ('402881f153a114450153a11445700000', '1', '2016-03-23 09:26:13', '127.0.0.1', '', '1');
INSERT INTO `pcmc_uslogin_log` VALUES ('402881f153a15a690153a15a69f10000', '1', '2016-03-23 10:42:50', '127.0.0.1', '', '1');
INSERT INTO `pcmc_uslogin_log` VALUES ('402881f153a15e100153a15e10c50000', '1', '2016-03-23 10:46:49', '127.0.0.1', '', '1');
INSERT INTO `pcmc_uslogin_log` VALUES ('402881f153a167c50153a167c55f0000', '1', '2016-03-23 10:57:25', '127.0.0.1', '', '1');
INSERT INTO `pcmc_uslogin_log` VALUES ('402881f153a167c50153a205c4850002', '1', '2016-03-23 13:50:00', '127.0.0.1', '', '1');
INSERT INTO `pcmc_uslogin_log` VALUES ('402881f153a167c50153a26942c20004', '40288009530b9c8901530bb1a1830005', '2016-03-23 15:38:40', '127.0.0.1', '', '1');
INSERT INTO `pcmc_uslogin_log` VALUES ('402881f153a167c50153a26c9c1c0006', '40288009530b9c8901530bb1a1830005', '2016-03-23 15:42:20', '192.168.1.100', '', '1');
INSERT INTO `pcmc_uslogin_log` VALUES ('402881f153a167c50153a2710e1f0008', '40288009530b9c8901530bb1a1830005', '2016-03-23 15:47:11', '127.0.0.1', '', '1');
INSERT INTO `pcmc_uslogin_log` VALUES ('402881f153a167c50153a2712d03000a', '40288009530b9c8901530bb1a1830005', '2016-03-23 15:47:19', '127.0.0.1', '', '1');
INSERT INTO `pcmc_uslogin_log` VALUES ('402881f153a167c50153a2715720000c', '40288009530b9c8901530bb1a1830005', '2016-03-23 15:47:30', '127.0.0.1', '', '1');
INSERT INTO `pcmc_uslogin_log` VALUES ('402881f153a167c50153a277c3d1000e', '40288009530b9c8901530bb1a1830005', '2016-03-23 15:54:31', '192.168.1.100', '', '1');
INSERT INTO `pcmc_uslogin_log` VALUES ('402881f153a167c50153a277f6030010', '40288009530b9c8901530bb1a1830005', '2016-03-23 15:54:44', '192.168.1.100', '', '1');
INSERT INTO `pcmc_uslogin_log` VALUES ('402881f153a669650153a66965610000', '40288009530b9c8901530bb1a1830005', '2016-03-24 10:17:18', '192.168.1.100', '', '1');
INSERT INTO `pcmc_uslogin_log` VALUES ('402881f153a669650153a669bd350002', '40288009530b9c8901530bb1a1830005', '2016-03-24 10:17:40', '192.168.1.100', '', '1');
INSERT INTO `pcmc_uslogin_log` VALUES ('402881f153a669650153a66aee210004', '40288009530b9c8901530bb1a1830005', '2016-03-24 10:18:58', '192.168.1.100', '', '1');
INSERT INTO `pcmc_uslogin_log` VALUES ('402881f153a669650153a66b43a20006', '40288009530b9c8901530bb1a1830005', '2016-03-24 10:19:20', '192.168.1.100', '', '0');
INSERT INTO `pcmc_uslogin_log` VALUES ('402881f153a669650153a66bb5a40008', '40288009530b9c8901530bb1a1830005', '2016-03-24 10:19:50', '192.168.1.100', '', '0');
INSERT INTO `pcmc_uslogin_log` VALUES ('402881f153a669650153a66bf3e2000a', '40288009530b9c8901530bb1a1830005', '2016-03-24 10:20:05', '192.168.1.100', '', '1');
INSERT INTO `pcmc_uslogin_log` VALUES ('402881f153a669650153a66c74fb000c', '40288009530b9c8901530bb1a1830005', '2016-03-24 10:20:39', '192.168.1.100', '', '1');
INSERT INTO `pcmc_uslogin_log` VALUES ('402881f153a669650153a66d6feb000e', '40288009530b9c8901530bb1a1830005', '2016-03-24 10:21:43', '192.168.1.100', '', '0');
INSERT INTO `pcmc_uslogin_log` VALUES ('402881f153a669650153a66dc1fe0010', '40288009530b9c8901530bb1a1830005', '2016-03-24 10:22:04', '192.168.1.100', '', '0');
INSERT INTO `pcmc_uslogin_log` VALUES ('402881f153a669650153a66deb8c0012', '40288009530b9c8901530bb1a1830005', '2016-03-24 10:22:14', '192.168.1.100', '', '1');
INSERT INTO `pcmc_uslogin_log` VALUES ('402881f153bbd2d10153bbd2d15e0000', '40288009530b9c8901530bb1a1830005', '2016-03-28 14:04:28', '127.0.0.1', '', '0');
INSERT INTO `pcmc_uslogin_log` VALUES ('402881f153bbd2d10153bbd2fa020002', '40288009530b9c8901530bb1a1830005', '2016-03-28 14:04:39', '127.0.0.1', '', '1');
INSERT INTO `pcmc_uslogin_log` VALUES ('402881f153bbd8410153bbd8417a0000', '40288009530b9c8901530bb1a1830005', '2016-03-28 14:10:25', '127.0.0.1', '', '1');
INSERT INTO `pcmc_uslogin_log` VALUES ('402881f153bbd8410153bbde78250002', '40288009530b9c8901530bb1a1830005', '2016-03-28 14:17:12', '127.0.0.1', '', '0');
INSERT INTO `pcmc_uslogin_log` VALUES ('402881f153bbd8410153bbdf6c7b0004', '40288009530b9c8901530bb1a1830005', '2016-03-28 14:18:15', '127.0.0.1', '', '1');
INSERT INTO `pcmc_uslogin_log` VALUES ('402881f153bbd8410153bbe443700006', '40288009530b9c8901530bb1a1830005', '2016-03-28 14:23:32', '127.0.0.1', '', '0');
INSERT INTO `pcmc_uslogin_log` VALUES ('402881f153bbd8410153bbe49d3b0008', '40288009530b9c8901530bb1a1830005', '2016-03-28 14:23:55', '127.0.0.1', '', '0');
INSERT INTO `pcmc_uslogin_log` VALUES ('402881f153bbd8410153bbe56666000a', '40288009530b9c8901530bb1a1830005', '2016-03-28 14:24:46', '127.0.0.1', '', '0');
INSERT INTO `pcmc_uslogin_log` VALUES ('402881f153bbd8410153bbe9bf01000c', '40288009530b9c8901530bb1a1830005', '2016-03-28 14:29:31', '127.0.0.1', '', '1');
INSERT INTO `pcmc_uslogin_log` VALUES ('402881f153bbedee0153bbedeea70000', '40288009530b9c8901530bb1a1830005', '2016-03-28 14:34:05', '127.0.0.1', '', '1');
INSERT INTO `pcmc_uslogin_log` VALUES ('402881f153bbff090153bbff09aa0000', '40288009530b9c8901530bb1a1830005', '2016-03-28 14:52:46', '127.0.0.1', '', '1');
INSERT INTO `pcmc_uslogin_log` VALUES ('402881f153bc1c950153bc1c95880000', '40288009530b9c8901530bb1a1830005', '2016-03-28 15:25:03', '127.0.0.1', '', '1');
INSERT INTO `pcmc_uslogin_log` VALUES ('402881f153bc25060153bc2506480000', '40288009530b9c8901530bb1a1830005', '2016-03-28 15:34:16', '127.0.0.1', '', '1');
INSERT INTO `pcmc_uslogin_log` VALUES ('402881f153bc25060153bc495d610002', '40288009530b9c8901530bb1a1830005', '2016-03-28 16:13:57', '127.0.0.1', '', '1');
INSERT INTO `pcmc_uslogin_log` VALUES ('402881f153bc25060153bc6ba7fd0005', '40288009530b9c8901530bb1a1830005', '2016-03-28 16:51:25', '127.0.0.1', '', '1');
INSERT INTO `pcmc_uslogin_log` VALUES ('402881f153bc25060153bca530c50007', '40288009530b9c8901530bb1a1830005', '2016-03-28 17:54:15', '127.0.0.1', '', '1');
INSERT INTO `pcmc_uslogin_log` VALUES ('402881f153bffd520153bffd52680000', '40288009530b9c8901530bb1a1830005', '2016-03-29 09:29:23', '127.0.0.1', '', '1');
INSERT INTO `pcmc_uslogin_log` VALUES ('402881f153c0169f0153c0169f380000', '40288009530b9c8901530bb1a1830005', '2016-03-29 09:57:01', '127.0.0.1', '', '1');
INSERT INTO `pcmc_uslogin_log` VALUES ('402881f153c02d790153c02d79fc0000', '40288009530b9c8901530bb1a1830005', '2016-03-29 10:21:59', '127.0.0.1', '', '1');
INSERT INTO `pcmc_uslogin_log` VALUES ('402881f153c07c980153c07c98df0000', '40288009530b9c8901530bb1a1830005', '2016-03-29 11:48:24', '127.0.0.1', '', '1');
INSERT INTO `pcmc_uslogin_log` VALUES ('402881f153c085b50153c085b5b50000', '40288009530b9c8901530bb1a1830005', '2016-03-29 11:58:21', '127.0.0.1', '', '1');
INSERT INTO `pcmc_uslogin_log` VALUES ('402881f153c085b50153c0e9d4620002', '40288009530b9c8901530bb1a1830005', '2016-03-29 13:47:43', '127.0.0.1', '', '1');
INSERT INTO `pcmc_uslogin_log` VALUES ('402881f153c104fc0153c104fc6c0000', '40288009530b9c8901530bb1a1830005', '2016-03-29 14:17:22', '127.0.0.1', '', '1');
INSERT INTO `pcmc_uslogin_log` VALUES ('402881f153c177280153c177280d0000', '40288009530b9c8901530bb1a1830005', '2016-03-29 16:22:05', '127.0.0.1', '', '1');
INSERT INTO `pcmc_uslogin_log` VALUES ('402881f153c178e30153c178e3990000', '40288009530b9c8901530bb1a1830005', '2016-03-29 16:23:58', '127.0.0.1', '', '1');
INSERT INTO `pcmc_uslogin_log` VALUES ('402881f153c17dae0153c17daec20000', '40288009530b9c8901530bb1a1830005', '2016-03-29 16:29:12', '127.0.0.1', '', '0');
INSERT INTO `pcmc_uslogin_log` VALUES ('402881f153c17dae0153c17dcdd20002', '40288009530b9c8901530bb1a1830005', '2016-03-29 16:29:20', '127.0.0.1', '', '1');
INSERT INTO `pcmc_uslogin_log` VALUES ('402881f153c1af200153c1af20530000', '40288009530b9c8901530bb1a1830005', '2016-03-29 17:23:13', '127.0.0.1', '', '1');
INSERT INTO `pcmc_uslogin_log` VALUES ('402881f153c1d1190153c1d119680000', '40288009530b9c8901530bb1a1830005', '2016-03-29 18:00:19', '127.0.0.1', '', '1');
INSERT INTO `pcmc_uslogin_log` VALUES ('402881f153c1d3600153c1d360d20000', '40288009530b9c8901530bb1a1830005', '2016-03-29 18:02:48', '127.0.0.1', '', '1');
INSERT INTO `pcmc_uslogin_log` VALUES ('402881f153c1d3600153c1fe52e50002', '40288009530b9c8901530bb1a1830005', '2016-03-29 18:49:43', '127.0.0.1', '', '0');
INSERT INTO `pcmc_uslogin_log` VALUES ('402881f153c1d3600153c1fe80340004', '40288009530b9c8901530bb1a1830005', '2016-03-29 18:49:54', '127.0.0.1', '', '1');
INSERT INTO `pcmc_uslogin_log` VALUES ('402881f153c2a8540153c2a8542f0000', '40288009530b9c8901530bb1a1830005', '2016-03-29 21:55:24', '127.0.0.1', '', '1');
INSERT INTO `pcmc_uslogin_log` VALUES ('402881f153c2aa330153c2aa33dc0000', '40288009530b9c8901530bb1a1830005', '2016-03-29 21:57:27', '127.0.0.1', '', '1');
INSERT INTO `pcmc_uslogin_log` VALUES ('402881f153c2b2790153c2b2790b0000', '40288009530b9c8901530bb1a1830005', '2016-03-29 22:06:29', '127.0.0.1', '', '1');
INSERT INTO `pcmc_uslogin_log` VALUES ('402881f153c522ab0153c522ab9f0000', '40288009530b9c8901530bb1a1830005', '2016-03-30 09:28:17', '127.0.0.1', '', '1');
INSERT INTO `pcmc_uslogin_log` VALUES ('402881f153c526920153c52692080000', '40288009530b9c8901530bb1a1830005', '2016-03-30 09:32:32', '127.0.0.1', '', '1');
INSERT INTO `pcmc_uslogin_log` VALUES ('402881f153c56c020153c56c02fb0000', '40288009530b9c8901530bb1a1830005', '2016-03-30 10:48:23', '127.0.0.1', '', '1');
INSERT INTO `pcmc_uslogin_log` VALUES ('402881f153c56e8f0153c56e8ffa0000', '40288009530b9c8901530bb1a1830005', '2016-03-30 10:51:10', '127.0.0.1', '', '1');
INSERT INTO `pcmc_uslogin_log` VALUES ('402881f153c5701a0153c5701a740000', '40288009530b9c8901530bb1a1830005', '2016-03-30 10:52:51', '127.0.0.1', '', '1');
INSERT INTO `pcmc_uslogin_log` VALUES ('402881f153c5701a0153c5ea28bd0006', '40288009530b9c8901530bb1a1830005', '2016-03-30 13:06:10', '127.0.0.1', '', '1');
INSERT INTO `pcmc_uslogin_log` VALUES ('402881f153c5701a0153c5eaca320008', '1', '2016-03-30 13:06:52', '127.0.0.1', '', '1');
INSERT INTO `pcmc_uslogin_log` VALUES ('402881f153c61da90153c61da9e50000', '40288009530b9c8901530bb1a1830005', '2016-03-30 14:02:26', '127.0.0.1', '', '1');
INSERT INTO `pcmc_uslogin_log` VALUES ('402881f153c61da90153c64457560002', '40288009530b9c8901530bb1a1830005', '2016-03-30 14:44:40', '127.0.0.1', '', '1');
INSERT INTO `pcmc_uslogin_log` VALUES ('402881f153c645b80153c645b8570000', '40288009530b9c8901530bb1a1830005', '2016-03-30 14:46:11', '127.0.0.1', '', '1');
INSERT INTO `pcmc_uslogin_log` VALUES ('402881f153c645b80153c66e5a450002', '40288148532bfee801532c00a0930012', '2016-03-30 15:30:34', '127.0.0.1', '', '1');
INSERT INTO `pcmc_uslogin_log` VALUES ('402881f153c67c240153c67c248a0000', '40288148532bfee801532c00a0930012', '2016-03-30 15:45:37', '127.0.0.1', '', '0');
INSERT INTO `pcmc_uslogin_log` VALUES ('402881f153c67c240153c67c3fc50002', '40288148532bfee801532c00a0930012', '2016-03-30 15:45:44', '127.0.0.1', '', '1');
INSERT INTO `pcmc_uslogin_log` VALUES ('402881f153c68f340153c68f34550000', '40288148532bfee801532c00a0930012', '2016-03-30 16:06:27', '127.0.0.1', '', '1');
INSERT INTO `pcmc_uslogin_log` VALUES ('402881f153c6943e0153c6943eee0000', '40288148532bfee801532c00a0930012', '2016-03-30 16:11:57', '127.0.0.1', '', '1');
INSERT INTO `pcmc_uslogin_log` VALUES ('402881f153c69c9a0153c69c9a1d0000', '40288148532bfee801532c00a0930012', '2016-03-30 16:21:05', '127.0.0.1', '', '1');
INSERT INTO `pcmc_uslogin_log` VALUES ('402881f153c69c9a0153c6a5161f0010', '40288148532bfee801532c00a0930012', '2016-03-30 16:30:21', '127.0.0.1', '', '1');
INSERT INTO `pcmc_uslogin_log` VALUES ('402881f153c69c9a0153c6a6a5730012', '40288148532bfee801532c00a0930012', '2016-03-30 16:32:03', '127.0.0.1', '', '1');
INSERT INTO `pcmc_uslogin_log` VALUES ('402881f153c69c9a0153c6b7ac17001a', '40288148532bfee801532c00a0930012', '2016-03-30 16:50:39', '127.0.0.1', '', '1');
INSERT INTO `pcmc_uslogin_log` VALUES ('402881f153ca43eb0153ca43eb450000', '40288148532bfee801532c00a0930012', '2016-03-31 09:22:42', '127.0.0.1', '', '1');
INSERT INTO `pcmc_uslogin_log` VALUES ('402881f153ca43eb0153ca4960ad0002', '1', '2016-03-31 09:28:39', '127.0.0.1', '', '1');
INSERT INTO `pcmc_uslogin_log` VALUES ('402881f153ca43eb0153ca4f2d3d0004', '40288009530b9c8901530bb1a1830005', '2016-03-31 09:34:59', '127.0.0.1', '', '1');
INSERT INTO `pcmc_uslogin_log` VALUES ('402881f153ca52e70153ca52e7340000', '40288009530b9c8901530bb1a1830005', '2016-03-31 09:39:04', '127.0.0.1', '', '1');
INSERT INTO `pcmc_uslogin_log` VALUES ('402881f153ca52e70153ca56c7720003', '40288148532bfee801532c00a0930012', '2016-03-31 09:43:18', '127.0.0.1', '', '1');
INSERT INTO `pcmc_uslogin_log` VALUES ('402881f153ca973a0153ca973ab80000', '40288148532bfee801532c00a0930012', '2016-03-31 10:53:41', '127.0.0.1', '', '1');
INSERT INTO `pcmc_uslogin_log` VALUES ('402881f153ca9f530153ca9f53830000', '40288148532bfee801532c00a0930012', '2016-03-31 11:02:32', '127.0.0.1', '', '0');
INSERT INTO `pcmc_uslogin_log` VALUES ('402881f153ca9f530153ca9f758a0002', '40288148532bfee801532c00a0930012', '2016-03-31 11:02:41', '127.0.0.1', '', '1');
INSERT INTO `pcmc_uslogin_log` VALUES ('402881f153caa92b0153caa92b8e0000', '40288148532bfee801532c00a0930012', '2016-03-31 11:13:17', '127.0.0.1', '', '1');
INSERT INTO `pcmc_uslogin_log` VALUES ('402881f153cab39b0153cab39b5c0000', '40288148532bfee801532c00a0930012', '2016-03-31 11:24:41', '127.0.0.1', '', '1');
INSERT INTO `pcmc_uslogin_log` VALUES ('402881f153cad3050153cad3059a0000', '40288148532bfee801532c00a0930012', '2016-03-31 11:59:00', '127.0.0.1', '', '1');
INSERT INTO `pcmc_uslogin_log` VALUES ('402881f153cad3050153cb29fcc90002', '40288148532bfee801532c00a0930012', '2016-03-31 13:33:59', '127.0.0.1', '', '1');
INSERT INTO `pcmc_uslogin_log` VALUES ('402881f153cad3050153cb2d4d500005', '40288009530b9c8901530bb1a1830005', '2016-03-31 13:37:37', '127.0.0.1', '', '1');
INSERT INTO `pcmc_uslogin_log` VALUES ('402881f153cb36700153cb36705f0000', '40288009530b9c8901530bb1a1830005', '2016-03-31 13:47:35', '127.0.0.1', '', '1');
INSERT INTO `pcmc_uslogin_log` VALUES ('402881f153cb36700153cb58b5a40003', '40288148532bfee801532c00a0930012', '2016-03-31 14:25:01', '127.0.0.1', '', '1');
INSERT INTO `pcmc_uslogin_log` VALUES ('402881f153cb64ec0153cb64ecd70000', '40288148532bfee801532c00a0930012', '2016-03-31 14:38:22', '127.0.0.1', '', '0');
INSERT INTO `pcmc_uslogin_log` VALUES ('402881f153cb64ec0153cb6510920002', '40288148532bfee801532c00a0930012', '2016-03-31 14:38:31', '127.0.0.1', '', '1');
INSERT INTO `pcmc_uslogin_log` VALUES ('402881f153cb993b0153cb993bed0000', '40288148532bfee801532c00a0930012', '2016-03-31 15:35:30', '127.0.0.1', '', '0');
INSERT INTO `pcmc_uslogin_log` VALUES ('402881f153cb993b0153cb995be20002', '40288148532bfee801532c00a0930012', '2016-03-31 15:35:38', '127.0.0.1', '', '1');
INSERT INTO `pcmc_uslogin_log` VALUES ('402881f153cb9bbb0153cb9bbbdc0000', '40288148532bfee801532c00a0930012', '2016-03-31 15:38:14', '127.0.0.1', '', '1');
INSERT INTO `pcmc_uslogin_log` VALUES ('402881f153cbbe6e0153cbbe6e7d0000', '40288148532bfee801532c00a0930012', '2016-03-31 16:16:08', '127.0.0.1', '', '0');
INSERT INTO `pcmc_uslogin_log` VALUES ('402881f153cbbe6e0153cbbe8bce0002', '40288148532bfee801532c00a0930012', '2016-03-31 16:16:15', '127.0.0.1', '', '1');
INSERT INTO `pcmc_uslogin_log` VALUES ('402881f153cbd30d0153cbd30d600000', '40288148532bfee801532c00a0930012', '2016-03-31 16:38:39', '127.0.0.1', '', '0');
INSERT INTO `pcmc_uslogin_log` VALUES ('402881f153cbd30d0153cbd330300002', '40288148532bfee801532c00a0930012', '2016-03-31 16:38:48', '127.0.0.1', '', '1');
INSERT INTO `pcmc_uslogin_log` VALUES ('402881f153cbddcf0153cbddcf280000', '40288148532bfee801532c00a0930012', '2016-03-31 16:50:24', '127.0.0.1', '', '0');
INSERT INTO `pcmc_uslogin_log` VALUES ('402881f153cbddcf0153cbddee330002', '40288148532bfee801532c00a0930012', '2016-03-31 16:50:32', '127.0.0.1', '', '1');
INSERT INTO `pcmc_uslogin_log` VALUES ('402881f153cbdfd50153cbdfd5030000', '40288148532bfee801532c00a0930012', '2016-03-31 16:52:37', '127.0.0.1', '', '1');
INSERT INTO `pcmc_uslogin_log` VALUES ('402881f153cbdfd50153cc148faa001d', '40288148532bfee801532c00a0930012', '2016-03-31 17:50:12', '127.0.0.1', '', '1');
INSERT INTO `pcmc_uslogin_log` VALUES ('402881f153cf6e0a0153cf6e0aba0000', '40288148532bfee801532c00a0930012', '2016-04-01 09:26:48', '127.0.0.1', '', '0');
INSERT INTO `pcmc_uslogin_log` VALUES ('402881f153cf6e0a0153cf6e2ab80002', '40288148532bfee801532c00a0930012', '2016-04-01 09:26:56', '127.0.0.1', '', '1');
INSERT INTO `pcmc_uslogin_log` VALUES ('402881f153cf6e0a0153cf6f43cd0004', '40288148532bfee801532c00a0930012', '2016-04-01 09:28:08', '127.0.0.1', '', '1');
INSERT INTO `pcmc_uslogin_log` VALUES ('402881f153cf6e0a0153cfa91d900006', '40288148532bfee801532c00a0930012', '2016-04-01 10:31:20', '127.0.0.1', '', '1');
INSERT INTO `pcmc_uslogin_log` VALUES ('402881f153cff5ea0153cff5eaf60000', '40288148532bfee801532c00a0930012', '2016-04-01 11:55:13', '127.0.0.1', '', '1');
INSERT INTO `pcmc_uslogin_log` VALUES ('402881f153e42c1a0153e42c1a650000', '40288148532bfee801532c00a0930012', '2016-04-05 10:06:48', '127.0.0.1', '', '1');
INSERT INTO `pcmc_uslogin_log` VALUES ('402881f153e42c1a0153e47259de0002', '40288148532bfee801532c00a0930012', '2016-04-05 11:23:32', '127.0.0.1', '', '1');
INSERT INTO `pcmc_uslogin_log` VALUES ('402881f153e42c1a0153e4ccdc81000f', '40288148532bfee801532c00a0930012', '2016-04-05 13:02:24', '127.0.0.1', '', '1');
INSERT INTO `pcmc_uslogin_log` VALUES ('402881f153e53b090153e53b093b0000', '40288148532bfee801532c00a0930012', '2016-04-05 15:02:44', '127.0.0.1', '', '1');
INSERT INTO `pcmc_uslogin_log` VALUES ('402881f153e53b090153e56886d500e3', '40288148532bfee801532c00a0930012', '2016-04-05 15:52:26', '127.0.0.1', '', '1');
INSERT INTO `pcmc_uslogin_log` VALUES ('402881f153e570380153e57038630000', '40288148532bfee801532c00a0930012', '2016-04-05 16:00:50', '127.0.0.1', '', '1');
INSERT INTO `pcmc_uslogin_log` VALUES ('402881f153e574040153e57404030000', '40288148532bfee801532c00a0930012', '2016-04-05 16:04:58', '127.0.0.1', '', '1');
INSERT INTO `pcmc_uslogin_log` VALUES ('402881f153e583f40153e583f4650000', '40288148532bfee801532c00a0930012', '2016-04-05 16:22:23', '127.0.0.1', '', '1');
INSERT INTO `pcmc_uslogin_log` VALUES ('402881f153e58c060153e58c067e0000', '40288148532bfee801532c00a0930012', '2016-04-05 16:31:12', '127.0.0.1', '', '1');
INSERT INTO `pcmc_uslogin_log` VALUES ('402881f153e591340153e59134500000', '40288148532bfee801532c00a0930012', '2016-04-05 16:36:51', '127.0.0.1', '', '1');
INSERT INTO `pcmc_uslogin_log` VALUES ('402881f15408357f015408357f8a0000', '1', '2016-04-12 10:03:24', '127.0.0.1', '', '1');
INSERT INTO `pcmc_uslogin_log` VALUES ('402881f15408357f0154083582d90002', '1', '2016-04-12 10:03:25', '127.0.0.1', '', '1');
INSERT INTO `pcmc_uslogin_log` VALUES ('402881f15408357f01540836cf970004', '40288148532bfee801532c00a0930012', '2016-04-12 10:04:50', '127.0.0.1', '', '1');
INSERT INTO `pcmc_uslogin_log` VALUES ('402881f154083f940154083f94f30000', '40288148532bfee801532c00a0930012', '2016-04-12 10:14:25', '127.0.0.1', '', '1');
INSERT INTO `pcmc_uslogin_log` VALUES ('402881f1540846020154084602470000', '40288148532bfee801532c00a0930012', '2016-04-12 10:21:26', '127.0.0.1', '', '1');
INSERT INTO `pcmc_uslogin_log` VALUES ('402881f1540846020154084e12b60003', '40288148532bfee801532c00a0930012', '2016-04-12 10:30:14', '127.0.0.1', '', '1');
INSERT INTO `pcmc_uslogin_log` VALUES ('402881f1540937760154093776ca0000', '40288148532bfee801532c00a0930012', '2016-04-12 14:45:10', '127.0.0.1', '', '1');
INSERT INTO `pcmc_uslogin_log` VALUES ('402881f1540954970154095497260000', '40288148532bfee801532c00a0930012', '2016-04-12 15:16:59', '127.0.0.1', '', '1');
INSERT INTO `pcmc_uslogin_log` VALUES ('402881f15409564001540956408a0000', '40288148532bfee801532c00a0930012', '2016-04-12 15:18:48', '127.0.0.1', '', '1');
INSERT INTO `pcmc_uslogin_log` VALUES ('402881f1540956400154097bbbe8007f', '40288148532bfee801532c00a0930012', '2016-04-12 15:59:44', '127.0.0.1', '', '0');
INSERT INTO `pcmc_uslogin_log` VALUES ('402881f1540956400154097be1700081', '40288148532bfee801532c00a0930012', '2016-04-12 15:59:54', '127.0.0.1', '', '1');
INSERT INTO `pcmc_uslogin_log` VALUES ('402881f15409f3e8015409f3e8050000', '40288148532bfee801532c00a0930012', '2016-04-12 18:11:00', '127.0.0.1', '', '1');
INSERT INTO `pcmc_uslogin_log` VALUES ('402881f1540d37db01540d37db700000', '40288148532bfee801532c00a0930012', '2016-04-13 09:24:05', '127.0.0.1', '', '0');
INSERT INTO `pcmc_uslogin_log` VALUES ('402881f1540d37db01540d3806b50002', '40288148532bfee801532c00a0930012', '2016-04-13 09:24:16', '127.0.0.1', '', '1');
INSERT INTO `pcmc_uslogin_log` VALUES ('402881f1540ed71901540ed719810000', '40288148532bfee801532c00a0930012', '2016-04-13 16:57:38', '127.0.0.1', '', '1');
INSERT INTO `pcmc_uslogin_log` VALUES ('402881f1540effee01540effee170000', '40288148532bfee801532c00a0930012', '2016-04-13 17:42:14', '127.0.0.1', '', '1');
INSERT INTO `pcmc_uslogin_log` VALUES ('402881f1540effee01540f1094ba0013', '40288148532bfee801532c00a0930012', '2016-04-13 18:00:25', '127.0.0.1', '', '1');
INSERT INTO `pcmc_uslogin_log` VALUES ('402881f1541256d601541256d6de0000', '40288148532bfee801532c00a0930012', '2016-04-14 09:16:01', '127.0.0.1', '', '1');
INSERT INTO `pcmc_uslogin_log` VALUES ('402881f1541256d60154125acb270002', '40288148532bfee801532c00a0930012', '2016-04-14 09:20:20', '127.0.0.1', '', '1');
INSERT INTO `pcmc_uslogin_log` VALUES ('402881f1541256d60154127042860005', '40288148532bfee801532c00a0930012', '2016-04-14 09:43:47', '127.0.0.1', '', '0');
INSERT INTO `pcmc_uslogin_log` VALUES ('402881f1541256d6015412705a140007', '40288148532bfee801532c00a0930012', '2016-04-14 09:43:53', '127.0.0.1', '', '1');
INSERT INTO `pcmc_uslogin_log` VALUES ('402881f1541275250154127525300000', '40288148532bfee801532c00a0930012', '2016-04-14 09:49:07', '127.0.0.1', '', '1');
INSERT INTO `pcmc_uslogin_log` VALUES ('402881f154127525015412786df10005', '40288148532bfee801532c00a0930012', '2016-04-14 09:52:42', '127.0.0.1', '', '1');
INSERT INTO `pcmc_uslogin_log` VALUES ('402881f1541286240154128624fa0000', '40288148532bfee801532c00a0930012', '2016-04-14 10:07:41', '127.0.0.1', '', '1');
INSERT INTO `pcmc_uslogin_log` VALUES ('402881f15412a565015412a565200000', '40288148532bfee801532c00a0930012', '2016-04-14 10:41:49', '127.0.0.1', '', '1');
INSERT INTO `pcmc_uslogin_log` VALUES ('402881f15412a565015412a6213c0002', '40288148532bfee801532c00a0930012', '2016-04-14 10:42:38', '127.0.0.1', '', '1');
INSERT INTO `pcmc_uslogin_log` VALUES ('402881f15412a56501541307db7d0004', '40288148532bfee801532c00a0930012', '2016-04-14 12:29:22', '127.0.0.1', '', '1');
INSERT INTO `pcmc_uslogin_log` VALUES ('402881f15412a5650154130c08520006', '40288148532bfee801532c00a0930012', '2016-04-14 12:33:56', '127.0.0.1', '', '1');
INSERT INTO `pcmc_uslogin_log` VALUES ('402881f15412a56501541354e0ae0009', '40288148532bfee801532c00a0930012', '2016-04-14 13:53:30', '127.0.0.1', '', '1');
INSERT INTO `pcmc_uslogin_log` VALUES ('402881f15412a565015413576a18000b', '40288148532bfee801532c00a0930012', '2016-04-14 13:56:16', '127.0.0.1', '', '1');
INSERT INTO `pcmc_uslogin_log` VALUES ('402881f1541390bd01541390bd850000', '40288148532bfee801532c00a0930012', '2016-04-14 14:58:53', '127.0.0.1', '', '1');
INSERT INTO `pcmc_uslogin_log` VALUES ('402881f1541390bd015413b343630002', '40288148532bfee801532c00a0930012', '2016-04-14 15:36:35', '127.0.0.1', '', '1');
INSERT INTO `pcmc_uslogin_log` VALUES ('402881f1541784aa01541784aacd0000', '40288148532bfee801532c00a0930012', '2016-04-15 09:24:11', '127.0.0.1', '', '1');
INSERT INTO `pcmc_uslogin_log` VALUES ('402881f15417883f015417883fcf0000', '40288148532bfee801532c00a0930012', '2016-04-15 09:28:05', '127.0.0.1', '', '1');
INSERT INTO `pcmc_uslogin_log` VALUES ('402881f154179c8e0154179c8e230000', '40288148532bfee801532c00a0930012', '2016-04-15 09:50:16', '127.0.0.1', '', '1');
INSERT INTO `pcmc_uslogin_log` VALUES ('402881f154179c8e0154179f58bb0006', '402881485412dff80154131b8c820012', '2016-04-15 09:53:19', '127.0.0.1', '', '1');
INSERT INTO `pcmc_uslogin_log` VALUES ('402881f154179c8e015417a213f70008', '402881485412dff80154131b8c820012', '2016-04-15 09:56:18', '127.0.0.1', '', '1');
INSERT INTO `pcmc_uslogin_log` VALUES ('402881f154179c8e015417a25698000a', '402881485412dff80154131b8c820012', '2016-04-15 09:56:35', '192.168.1.113', '', '1');
INSERT INTO `pcmc_uslogin_log` VALUES ('402881f154179c8e015417a30f7f000c', '402881485412dff80154131b8c820012', '2016-04-15 09:57:22', '192.168.1.100', '', '1');
INSERT INTO `pcmc_uslogin_log` VALUES ('402881f154179c8e015417a375fd000e', '402881485412dff80154131b8c820012', '2016-04-15 09:57:49', '127.0.0.1', '', '1');
INSERT INTO `pcmc_uslogin_log` VALUES ('402881f154179c8e015417a6d53a0010', '402881485412dff80154131b8c820012', '2016-04-15 10:01:30', '192.168.1.100', '', '1');
INSERT INTO `pcmc_uslogin_log` VALUES ('402881f154179c8e015417a6e9090012', '402881485412dff80154131b8c820012', '2016-04-15 10:01:35', '192.168.1.100', '', '1');
INSERT INTO `pcmc_uslogin_log` VALUES ('402881f154179c8e015417a6f7920014', '402881485412dff80154131b8c820012', '2016-04-15 10:01:38', '192.168.1.100', '', '1');
INSERT INTO `pcmc_uslogin_log` VALUES ('402881f154179c8e015417a701b80016', '402881485412dff80154131b8c820012', '2016-04-15 10:01:41', '192.168.1.100', '', '1');
INSERT INTO `pcmc_uslogin_log` VALUES ('402881f154179c8e015417abb75e0018', '402881485412dff80154131b8c820012', '2016-04-15 10:06:50', '192.168.1.113', '', '1');
INSERT INTO `pcmc_uslogin_log` VALUES ('402881f154179c8e015417b10c94001a', '402881485412dff80154131b8c820012', '2016-04-15 10:12:39', '192.168.1.200', '', '1');
INSERT INTO `pcmc_uslogin_log` VALUES ('402881f154179c8e015417b64a60001c', '402881485412dff80154131b8c820012', '2016-04-15 10:18:23', '192.168.1.200', '', '1');
INSERT INTO `pcmc_uslogin_log` VALUES ('402881f154179c8e015417b6c54c001e', '402881485412dff80154131b8c820012', '2016-04-15 10:18:54', '192.168.1.100', '', '1');
INSERT INTO `pcmc_uslogin_log` VALUES ('402881f15417ea37015417ea37a20000', '402881485412dff80154131b8c820012', '2016-04-15 11:15:06', '127.0.0.1', '', '1');
INSERT INTO `pcmc_uslogin_log` VALUES ('402881f15417ea3701541832116f0076', '402881485412dff80154131b8c820012', '2016-04-15 12:33:35', '127.0.0.1', '', '1');
INSERT INTO `pcmc_uslogin_log` VALUES ('402881f15417ea3701541870e5990092', '402881485412dff80154131b8c820012', '2016-04-15 13:42:12', '127.0.0.1', '', '1');
INSERT INTO `pcmc_uslogin_log` VALUES ('402881f154187adb0154187adbc80000', '402881485412dff80154131b8c820012', '2016-04-15 13:53:05', '127.0.0.1', '', '1');
INSERT INTO `pcmc_uslogin_log` VALUES ('402881f1541885c701541885c7520000', '402881485412dff80154131b8c820012', '2016-04-15 14:05:01', '127.0.0.1', '', '1');
INSERT INTO `pcmc_uslogin_log` VALUES ('402881f1541885c70154188663aa0002', '40288148532bfee801532c00a0930012', '2016-04-15 14:05:41', '127.0.0.1', '', '1');
INSERT INTO `pcmc_uslogin_log` VALUES ('402881f154188f840154188f84320000', '402881485412dff80154131b8c820012', '2016-04-15 14:15:39', '127.0.0.1', '', '1');
INSERT INTO `pcmc_uslogin_log` VALUES ('402881f1541894d101541894d1bf0000', '402881485412dff80154131b8c820012', '2016-04-15 14:21:26', '127.0.0.1', '', '1');
INSERT INTO `pcmc_uslogin_log` VALUES ('402881f1541894d1015418959ea10008', '40288148532bfee801532c00a0930012', '2016-04-15 14:22:19', '127.0.0.1', '', '1');
INSERT INTO `pcmc_uslogin_log` VALUES ('402881f1541894d1015418b90c86000e', '402881485412dff80154131b8c820012', '2016-04-15 15:01:01', '127.0.0.1', '', '1');
INSERT INTO `pcmc_uslogin_log` VALUES ('402881f15418c018015418c018330000', '402881485412dff80154131b8c820012', '2016-04-15 15:08:42', '127.0.0.1', '', '1');
INSERT INTO `pcmc_uslogin_log` VALUES ('402881f15418c664015418c664ad0000', '402881485412dff80154131b8c820012', '2016-04-15 15:15:35', '127.0.0.1', '', '1');
INSERT INTO `pcmc_uslogin_log` VALUES ('402881f15418c664015418ca04cf0002', '402881485412dff80154131b8c820012', '2016-04-15 15:19:33', '192.168.1.100', '', '1');
INSERT INTO `pcmc_uslogin_log` VALUES ('402881f15418c6640154190deaad0012', '40288148532bfee801532c00a0930012', '2016-04-15 16:33:43', '127.0.0.1', '', '1');
INSERT INTO `pcmc_uslogin_log` VALUES ('402881f1542719af01542719afb30000', '40288148532bfee801532c00a0930012', '2016-04-18 10:01:15', '127.0.0.1', '', '1');
INSERT INTO `pcmc_uslogin_log` VALUES ('402881f1542719af0154274786320032', '402881485412dff80154131b8c820012', '2016-04-18 10:51:19', '192.168.1.100', '', '1');
INSERT INTO `pcmc_uslogin_log` VALUES ('402881f1542719af01542748a19d0034', '402881485412dff80154131b8c820012', '2016-04-18 10:52:32', '192.168.1.100', '', '1');
INSERT INTO `pcmc_uslogin_log` VALUES ('402881f1542719af01542749eb8d0036', '402881485412dff80154131b8c820012', '2016-04-18 10:53:56', '192.168.1.100', '', '1');
INSERT INTO `pcmc_uslogin_log` VALUES ('402881f1542719af0154274ac2480038', '402881485412dff80154131b8c820012', '2016-04-18 10:54:51', '192.168.1.100', '', '1');
INSERT INTO `pcmc_uslogin_log` VALUES ('402881f1542719af015427529af6003a', '402881485412dff80154131b8c820012', '2016-04-18 11:03:25', '192.168.1.100', '', '1');
INSERT INTO `pcmc_uslogin_log` VALUES ('402881f1542719af0154275f9192003c', '402881485412dff80154131b8c820012', '2016-04-18 11:17:35', '192.168.1.100', '', '1');
INSERT INTO `pcmc_uslogin_log` VALUES ('402881f154277b3a0154277b3aaa0000', '402881485412dff80154131b8c820012', '2016-04-18 11:47:47', '127.0.0.1', '', '1');
INSERT INTO `pcmc_uslogin_log` VALUES ('402881f154277b3a0154277dcf6e0031', '402881485412dff80154131b8c820012', '2016-04-18 11:50:37', '127.0.0.1', '', '1');
INSERT INTO `pcmc_uslogin_log` VALUES ('402881f154277b3a0154277e1e9c0033', '1', '2016-04-18 11:50:57', '127.0.0.1', '', '1');
INSERT INTO `pcmc_uslogin_log` VALUES ('402881f154277b3a015427feb0ba0035', '1', '2016-04-18 14:11:23', '127.0.0.1', '', '1');
INSERT INTO `pcmc_uslogin_log` VALUES ('402882eb535f4e6701535f4e67430000', '40288009530b9c8901530bb1a1830005', '2016-03-10 14:54:47', '127.0.0.1', '', '1');
INSERT INTO `pcmc_uslogin_log` VALUES ('402882eb535f4e6701535f4e724a0002', '40288009530b9c8901530bb1a1830005', '2016-03-10 14:54:49', '127.0.0.1', '', '1');
INSERT INTO `pcmc_uslogin_log` VALUES ('402882eb535f50d901535f50d9f30000', '40288009530b9c8901530bb1a1830005', '2016-03-10 14:57:27', '127.0.0.1', '', '1');
INSERT INTO `pcmc_uslogin_log` VALUES ('402882eb535f50d901535f5226160002', '40288009530b9c8901530bb1a1830005', '2016-03-10 14:58:52', '127.0.0.1', '', '1');
INSERT INTO `pcmc_uslogin_log` VALUES ('402882eb535f52c701535f52c74e0000', '40288009530b9c8901530bb1a1830005', '2016-03-10 14:59:33', '127.0.0.1', '', '1');
INSERT INTO `pcmc_uslogin_log` VALUES ('402882eb535f537d01535f537d800000', '40288009530b9c8901530bb1a1830005', '2016-03-10 15:00:20', '127.0.0.1', '', '1');
INSERT INTO `pcmc_uslogin_log` VALUES ('402882eb535f545601535f54560f0000', '40288009530b9c8901530bb1a1830005', '2016-03-10 15:01:15', '127.0.0.1', '', '1');
INSERT INTO `pcmc_uslogin_log` VALUES ('402882eb535f552c01535f552c490000', '40288009530b9c8901530bb1a1830005', '2016-03-10 15:02:10', '127.0.0.1', '', '1');
INSERT INTO `pcmc_uslogin_log` VALUES ('402882eb535f552c01535f55e6520002', '40288009530b9c8901530bb1a1830005', '2016-03-10 15:02:58', '127.0.0.1', '', '1');
INSERT INTO `pcmc_uslogin_log` VALUES ('402882eb535f5e6001535f5e606d0000', '40288009530b9c8901530bb1a1830005', '2016-03-10 15:12:13', '127.0.0.1', '', '1');
INSERT INTO `pcmc_uslogin_log` VALUES ('402882eb535f5e6001535f5e9fe10002', '40288009530b9c8901530bb1a1830005', '2016-03-10 15:12:30', '127.0.0.1', '', '1');
INSERT INTO `pcmc_uslogin_log` VALUES ('402882eb535f630d01535f630d5d0000', '1', '2016-03-10 15:17:20', '127.0.0.1', '', '1');
INSERT INTO `pcmc_uslogin_log` VALUES ('402882eb535f649301535f6493ea0000', '40288009530b9c8901530bb1a1830005', '2016-03-10 15:19:00', '127.0.0.1', '', '1');
INSERT INTO `pcmc_uslogin_log` VALUES ('402882eb535f649301535f650cd70002', '40288009530b9c8901530bb1a1830005', '2016-03-10 15:19:31', '127.0.0.1', '', '1');
INSERT INTO `pcmc_uslogin_log` VALUES ('402882eb535fcdb201535fcdb2d80000', '40288009530b9c8901530bb1a1830005', '2016-03-10 17:13:49', '127.0.0.1', '', '1');
INSERT INTO `pcmc_uslogin_log` VALUES ('402882eb535fd74c01535fd74c410000', '40288009530b9c8901530bb1a1830005', '2016-03-10 17:24:18', '127.0.0.1', '', '1');

-- ----------------------------
-- Table structure for `pcmc_ustype_role`
-- ----------------------------
DROP TABLE IF EXISTS `pcmc_ustype_role`;
CREATE TABLE `pcmc_ustype_role` (
  `ustyperoleid` varchar(32) NOT NULL COMMENT '主键',
  `usertype` varchar(2) NOT NULL COMMENT '用户类型',
  `roleid` varchar(32) NOT NULL COMMENT '角色ID',
  PRIMARY KEY (`ustyperoleid`)
) ENGINE=InnoDB DEFAULT CHARSET=utf8 COMMENT='用户类型与角色对照表';

-- ----------------------------
-- Records of pcmc_ustype_role
-- ----------------------------
INSERT INTO `pcmc_ustype_role` VALUES ('402881824b2e1f3d014b350c4b5d00d2', '9', '27');
INSERT INTO `pcmc_ustype_role` VALUES ('402882e6476733730147674f04200004', '9', '27');

-- ----------------------------
-- Table structure for `registeredserviceimpl`
-- ----------------------------
DROP TABLE IF EXISTS `registeredserviceimpl`;
CREATE TABLE `registeredserviceimpl` (
  `ID` bigint(20) NOT NULL COMMENT '主键',
  `ALLOWEDTOPROXY` tinyint(3) unsigned NOT NULL COMMENT '允许代理',
  `ANONYMOUSACCESS` tinyint(3) unsigned NOT NULL COMMENT '允许匿名访问',
  `DESCRIPTION` varchar(255) DEFAULT NULL COMMENT '应用描述',
  `ENABLED` tinyint(3) unsigned NOT NULL COMMENT '激活',
  `EVALUATION_ORDER` int(11) NOT NULL COMMENT '排序号',
  `IGNOREATTRIBUTES` tinyint(3) unsigned NOT NULL COMMENT '忽略属性',
  `NAME` varchar(255) DEFAULT NULL COMMENT '应用名称',
  `SERVICEID` varchar(255) DEFAULT NULL COMMENT '主键',
  `SSOENABLED` tinyint(3) unsigned NOT NULL COMMENT '参与SSO',
  `THEME` varchar(255) DEFAULT NULL COMMENT '主题',
  PRIMARY KEY (`ID`)
) ENGINE=InnoDB DEFAULT CHARSET=utf8 COMMENT='SSO集成应用管理';

-- ----------------------------
-- Records of registeredserviceimpl
-- ----------------------------
INSERT INTO `registeredserviceimpl` VALUES ('4', '0', '1', 'aaaa', '1', '5', '1', 'test3', 'http://192.168.1.2:9001/**', '1', 'default');
INSERT INTO `registeredserviceimpl` VALUES ('6', '0', '0', 'local', '1', '3', '0', 'local', 'http://192.168.1.2:9000/**', '1', 'default');
INSERT INTO `registeredserviceimpl` VALUES ('21', '0', '0', 'dotNet', '1', '5', '0', 'dotNet', 'http://localhost:5226/**', '1', 'default');

-- ----------------------------
-- Table structure for `rs_attributes`
-- ----------------------------
DROP TABLE IF EXISTS `rs_attributes`;
CREATE TABLE `rs_attributes` (
  `REGISTEREDSERVICEIMPL_ID` bigint(20) NOT NULL COMMENT '主键',
  `A_NAME` varchar(255) NOT NULL COMMENT '字段名',
  `A_ID` int(11) NOT NULL COMMENT '顺序',
  PRIMARY KEY (`REGISTEREDSERVICEIMPL_ID`,`A_ID`),
  CONSTRAINT `FK4322E15F0C8D661` FOREIGN KEY (`REGISTEREDSERVICEIMPL_ID`) REFERENCES `registeredserviceimpl` (`ID`) ON DELETE NO ACTION ON UPDATE NO ACTION
) ENGINE=InnoDB DEFAULT CHARSET=utf8 COMMENT='SSO回馈信息';

-- ----------------------------
-- Records of rs_attributes
-- ----------------------------
INSERT INTO `rs_attributes` VALUES ('4', 'usercode', '74');
INSERT INTO `rs_attributes` VALUES ('4', 'usernm', '75');
INSERT INTO `rs_attributes` VALUES ('4', 'pagesize', '76');
INSERT INTO `rs_attributes` VALUES ('4', 'menutype', '77');
INSERT INTO `rs_attributes` VALUES ('4', 'deptcode', '78');
INSERT INTO `rs_attributes` VALUES ('4', 'deptname', '79');
INSERT INTO `rs_attributes` VALUES ('6', 'userid', '112');
INSERT INTO `rs_attributes` VALUES ('6', 'usercode', '113');
INSERT INTO `rs_attributes` VALUES ('6', 'usernm', '114');
INSERT INTO `rs_attributes` VALUES ('6', 'pagesize', '115');
INSERT INTO `rs_attributes` VALUES ('6', 'menutype', '116');
INSERT INTO `rs_attributes` VALUES ('6', 'deptid', '117');
INSERT INTO `rs_attributes` VALUES ('6', 'deptcode', '118');
INSERT INTO `rs_attributes` VALUES ('6', 'deptname', '119');
INSERT INTO `rs_attributes` VALUES ('6', 'extnum', '120');
INSERT INTO `rs_attributes` VALUES ('21', 'userid', '143');
INSERT INTO `rs_attributes` VALUES ('21', 'usercode', '144');
INSERT INTO `rs_attributes` VALUES ('21', 'usernm', '145');
INSERT INTO `rs_attributes` VALUES ('21', 'pagesize', '146');
INSERT INTO `rs_attributes` VALUES ('21', 'menutype', '147');
INSERT INTO `rs_attributes` VALUES ('21', 'deptid', '148');
INSERT INTO `rs_attributes` VALUES ('21', 'deptcode', '149');
INSERT INTO `rs_attributes` VALUES ('21', 'deptname', '150');

-- ----------------------------
-- Table structure for `seq_block`
-- ----------------------------
DROP TABLE IF EXISTS `seq_block`;
CREATE TABLE `seq_block` (
  `name` varchar(50) NOT NULL COMMENT '序列名称',
  `idx` bigint(20) NOT NULL COMMENT '序列当前值',
  PRIMARY KEY (`name`)
) ENGINE=InnoDB DEFAULT CHARSET=utf8 COMMENT='系统序列号';

-- ----------------------------
-- Records of seq_block
-- ----------------------------
INSERT INTO `seq_block` VALUES ('base_book_folder', '253152');
INSERT INTO `seq_block` VALUES ('iot_room_device', '40');
INSERT INTO `seq_block` VALUES ('param_detail', '2231');
INSERT INTO `seq_block` VALUES ('param_master', '1651');
INSERT INTO `seq_block` VALUES ('pcmc_dept', '10000014');
INSERT INTO `seq_block` VALUES ('pcmc_log', '1818');
INSERT INTO `seq_block` VALUES ('pcmc_menu', '168');
INSERT INTO `seq_block` VALUES ('pcmc_role', '43');
INSERT INTO `seq_block` VALUES ('pcmc_role_act', '10');
INSERT INTO `seq_block` VALUES ('pcmc_role_menu', '543');
INSERT INTO `seq_block` VALUES ('pcmc_subsys', '16');
INSERT INTO `seq_block` VALUES ('pcmc_user', '8157');
INSERT INTO `seq_block` VALUES ('pcmc_user_role', '2686');
INSERT INTO `seq_block` VALUES ('registeredserviceimpl', '2');
INSERT INTO `seq_block` VALUES ('rs_attributes', '151');

-- ----------------------------
-- Table structure for `serviceticket`
-- ----------------------------
DROP TABLE IF EXISTS `serviceticket`;
CREATE TABLE `serviceticket` (
  `ID` varchar(255) NOT NULL COMMENT '主键',
  `NUMBER_OF_TIMES_USED` int(11) DEFAULT NULL,
  `CREATION_TIME` bigint(20) DEFAULT NULL COMMENT '建立时间',
  `EXPIRATION_POLICY` tinyblob NOT NULL COMMENT '截止方式',
  `LAST_TIME_USED` bigint(20) DEFAULT NULL COMMENT '最后使用时间',
  `PREVIOUS_LAST_TIME_USED` bigint(20) DEFAULT NULL COMMENT '上一次使用时间',
  `FROM_NEW_LOGIN` tinyint(3) unsigned NOT NULL COMMENT '新登录',
  `TICKET_ALREADY_GRANTED` tinyint(3) unsigned NOT NULL COMMENT '允许生成登录票据',
  `SERVICE` tinyblob NOT NULL COMMENT '服务',
  `TICKETGRANTINGTICKET_ID` varchar(255) DEFAULT NULL COMMENT '服务票据ID',
  PRIMARY KEY (`ID`),
  KEY `FK7645ADE132A2C0E5` (`TICKETGRANTINGTICKET_ID`),
  CONSTRAINT `FK7645ADE132A2C0E5` FOREIGN KEY (`TICKETGRANTINGTICKET_ID`) REFERENCES `ticketgrantingticket` (`ID`) ON DELETE NO ACTION ON UPDATE NO ACTION
) ENGINE=InnoDB DEFAULT CHARSET=utf8 COMMENT='SSO服务日志';

-- ----------------------------
-- Records of serviceticket
-- ----------------------------

-- ----------------------------
-- Table structure for `ticketgrantingticket`
-- ----------------------------
DROP TABLE IF EXISTS `ticketgrantingticket`;
CREATE TABLE `ticketgrantingticket` (
  `ID` varchar(255) NOT NULL,
  `NUMBER_OF_TIMES_USED` int(11) DEFAULT NULL,
  `CREATION_TIME` bigint(20) DEFAULT NULL,
  `EXPIRATION_POLICY` tinyblob NOT NULL,
  `LAST_TIME_USED` bigint(20) DEFAULT NULL,
  `PREVIOUS_LAST_TIME_USED` bigint(20) DEFAULT NULL,
  `AUTHENTICATION` tinyblob NOT NULL,
  `EXPIRED` tinyint(3) unsigned NOT NULL,
  `SERVICES_GRANTED_ACCESS_TO` tinyblob NOT NULL,
  `TICKETGRANTINGTICKET_ID` varchar(255) DEFAULT NULL,
  PRIMARY KEY (`ID`),
  KEY `FKB4C4CDDE32A2C0E5` (`TICKETGRANTINGTICKET_ID`),
  CONSTRAINT `FKB4C4CDDE32A2C0E5` FOREIGN KEY (`TICKETGRANTINGTICKET_ID`) REFERENCES `ticketgrantingticket` (`ID`) ON DELETE NO ACTION ON UPDATE NO ACTION
) ENGINE=InnoDB DEFAULT CHARSET=utf8;

-- ----------------------------
-- Records of ticketgrantingticket
-- ----------------------------

-- ----------------------------
-- Table structure for `treenodes`
-- ----------------------------
DROP TABLE IF EXISTS `treenodes`;
CREATE TABLE `treenodes` (
  `id` int(11) NOT NULL,
  `nodename` varchar(20) DEFAULT NULL,
  `pid` int(11) DEFAULT NULL,
  PRIMARY KEY (`id`)
) ENGINE=InnoDB DEFAULT CHARSET=utf8;

-- ----------------------------
-- Records of treenodes
-- ----------------------------
INSERT INTO `treenodes` VALUES ('1', 'A', '0');
INSERT INTO `treenodes` VALUES ('2', 'B', '1');
INSERT INTO `treenodes` VALUES ('3', 'C', '1');
INSERT INTO `treenodes` VALUES ('4', 'D', '2');
INSERT INTO `treenodes` VALUES ('5', 'E', '2');
INSERT INTO `treenodes` VALUES ('6', 'F', '3');
INSERT INTO `treenodes` VALUES ('7', 'G', '6');
INSERT INTO `treenodes` VALUES ('8', 'H', '0');
INSERT INTO `treenodes` VALUES ('9', 'I', '8');
INSERT INTO `treenodes` VALUES ('10', 'J', '8');
INSERT INTO `treenodes` VALUES ('11', 'K', '8');
INSERT INTO `treenodes` VALUES ('12', 'L', '9');
INSERT INTO `treenodes` VALUES ('13', 'M', '9');
INSERT INTO `treenodes` VALUES ('14', 'N', '12');
INSERT INTO `treenodes` VALUES ('15', 'O', '12');
INSERT INTO `treenodes` VALUES ('16', 'P', '15');
INSERT INTO `treenodes` VALUES ('17', 'Q', '15');

-- ----------------------------
-- Function structure for `getChildList`
-- ----------------------------
DROP FUNCTION IF EXISTS `getChildList`;
DELIMITER ;;
CREATE DEFINER=`iot`@`%` FUNCTION `getChildList`(rootid varchar(40)) RETURNS varchar(5000) CHARSET utf8
BEGIN 
		DECLARE sTemp varchar(5000); -- TEXT
			DECLARE sTempChd varchar(5000); -- TEXT
     
      SET sTemp = '$'; 
      SET sTempChd =rootid; 
    
      WHILE sTempChd is not null DO 
				SET sTemp = concat(sTemp,',',sTempChd); 
				SELECT group_concat(room_id) INTO sTempChd FROM iot_room_info where valid=1 and FIND_IN_SET(room_pid,sTempChd)>0; 
      END WHILE; 
			RETURN sTemp; 

   END
;;
DELIMITER ;
